// SPDX-License-Identifier: 0BSD
// Generated via: node scripts/snddata.js
// sine 1024 (offset 0, count 1024)
0x0000, 0x0065, 0x00c9, 0x012e, 0x0192, 0x01f7, 0x025b, 0x02bf,
0x0324, 0x0388, 0x03ed, 0x0451, 0x04b5, 0x0519, 0x057e, 0x05e2,
0x0646, 0x06aa, 0x070e, 0x0772, 0x07d5, 0x0839, 0x089d, 0x0900,
0x0964, 0x09c7, 0x0a2b, 0x0a8e, 0x0af1, 0x0b54, 0x0bb7, 0x0c1a,
0x0c7c, 0x0cdf, 0x0d41, 0x0da3, 0x0e06, 0x0e68, 0x0ec9, 0x0f2b,
0x0f8d, 0x0fee, 0x104f, 0x10b1, 0x1112, 0x1172, 0x11d3, 0x1233,
0x1294, 0x12f4, 0x1354, 0x13b4, 0x1413, 0x1472, 0x14d2, 0x1531,
0x158f, 0x15ee, 0x164c, 0x16aa, 0x1708, 0x1766, 0x17c3, 0x1821,
0x187e, 0x18da, 0x1937, 0x1993, 0x19ef, 0x1a4b, 0x1aa6, 0x1b02,
0x1b5d, 0x1bb7, 0x1c12, 0x1c6c, 0x1cc6, 0x1d20, 0x1d79, 0x1dd2,
0x1e2b, 0x1e83, 0x1edc, 0x1f34, 0x1f8b, 0x1fe2, 0x2039, 0x2090,
0x20e7, 0x213d, 0x2192, 0x21e8, 0x223d, 0x2292, 0x22e6, 0x233a,
0x238e, 0x23e1, 0x2434, 0x2487, 0x24d9, 0x252b, 0x257d, 0x25ce,
0x261f, 0x2670, 0x26c0, 0x2710, 0x275f, 0x27ae, 0x27fd, 0x284b,
0x2899, 0x28e7, 0x2934, 0x2981, 0x29cd, 0x2a19, 0x2a64, 0x2aaf,
0x2afa, 0x2b44, 0x2b8e, 0x2bd8, 0x2c21, 0x2c69, 0x2cb1, 0x2cf9,
0x2d41, 0x2d87, 0x2dce, 0x2e14, 0x2e59, 0x2e9e, 0x2ee3, 0x2f27,
0x2f6b, 0x2fae, 0x2ff1, 0x3033, 0x3075, 0x30b7, 0x30f8, 0x3138,
0x3178, 0x31b8, 0x31f7, 0x3235, 0x3273, 0x32b1, 0x32ee, 0x332b,
0x3367, 0x33a3, 0x33de, 0x3418, 0x3452, 0x348c, 0x34c5, 0x34fe,
0x3536, 0x356e, 0x35a5, 0x35db, 0x3611, 0x3647, 0x367c, 0x36b0,
0x36e4, 0x3718, 0x374a, 0x377d, 0x37af, 0x37e0, 0x3811, 0x3841,
0x3871, 0x38a0, 0x38ce, 0x38fc, 0x392a, 0x3957, 0x3983, 0x39af,
0x39da, 0x3a05, 0x3a2f, 0x3a58, 0x3a81, 0x3aaa, 0x3ad2, 0x3af9,
0x3b20, 0x3b46, 0x3b6c, 0x3b91, 0x3bb5, 0x3bd9, 0x3bfc, 0x3c1f,
0x3c41, 0x3c63, 0x3c84, 0x3ca4, 0x3cc4, 0x3ce3, 0x3d02, 0x3d20,
0x3d3e, 0x3d5a, 0x3d77, 0x3d92, 0x3dae, 0x3dc8, 0x3de2, 0x3dfb,
0x3e14, 0x3e2c, 0x3e44, 0x3e5b, 0x3e71, 0x3e87, 0x3e9c, 0x3eb0,
0x3ec4, 0x3ed8, 0x3eea, 0x3efc, 0x3f0e, 0x3f1f, 0x3f2f, 0x3f3f,
0x3f4e, 0x3f5c, 0x3f6a, 0x3f77, 0x3f84, 0x3f90, 0x3f9b, 0x3fa6,
0x3fb0, 0x3fba, 0x3fc3, 0x3fcb, 0x3fd3, 0x3fda, 0x3fe0, 0x3fe6,
0x3feb, 0x3ff0, 0x3ff4, 0x3ff7, 0x3ffa, 0x3ffc, 0x3ffe, 0x3fff,
0x3fff, 0x3fff, 0x3ffe, 0x3ffc, 0x3ffa, 0x3ff7, 0x3ff4, 0x3ff0,
0x3feb, 0x3fe6, 0x3fe0, 0x3fda, 0x3fd3, 0x3fcb, 0x3fc3, 0x3fba,
0x3fb0, 0x3fa6, 0x3f9b, 0x3f90, 0x3f84, 0x3f77, 0x3f6a, 0x3f5c,
0x3f4e, 0x3f3f, 0x3f2f, 0x3f1f, 0x3f0e, 0x3efc, 0x3eea, 0x3ed8,
0x3ec4, 0x3eb0, 0x3e9c, 0x3e87, 0x3e71, 0x3e5b, 0x3e44, 0x3e2c,
0x3e14, 0x3dfb, 0x3de2, 0x3dc8, 0x3dae, 0x3d92, 0x3d77, 0x3d5a,
0x3d3e, 0x3d20, 0x3d02, 0x3ce3, 0x3cc4, 0x3ca4, 0x3c84, 0x3c63,
0x3c41, 0x3c1f, 0x3bfc, 0x3bd9, 0x3bb5, 0x3b91, 0x3b6c, 0x3b46,
0x3b20, 0x3af9, 0x3ad2, 0x3aaa, 0x3a81, 0x3a58, 0x3a2f, 0x3a05,
0x39da, 0x39af, 0x3983, 0x3957, 0x392a, 0x38fc, 0x38ce, 0x38a0,
0x3871, 0x3841, 0x3811, 0x37e0, 0x37af, 0x377d, 0x374a, 0x3718,
0x36e4, 0x36b0, 0x367c, 0x3647, 0x3611, 0x35db, 0x35a5, 0x356e,
0x3536, 0x34fe, 0x34c5, 0x348c, 0x3452, 0x3418, 0x33de, 0x33a3,
0x3367, 0x332b, 0x32ee, 0x32b1, 0x3273, 0x3235, 0x31f7, 0x31b8,
0x3178, 0x3138, 0x30f8, 0x30b7, 0x3075, 0x3033, 0x2ff1, 0x2fae,
0x2f6b, 0x2f27, 0x2ee3, 0x2e9e, 0x2e59, 0x2e14, 0x2dce, 0x2d87,
0x2d41, 0x2cf9, 0x2cb1, 0x2c69, 0x2c21, 0x2bd8, 0x2b8e, 0x2b44,
0x2afa, 0x2aaf, 0x2a64, 0x2a19, 0x29cd, 0x2981, 0x2934, 0x28e7,
0x2899, 0x284b, 0x27fd, 0x27ae, 0x275f, 0x2710, 0x26c0, 0x2670,
0x261f, 0x25ce, 0x257d, 0x252b, 0x24d9, 0x2487, 0x2434, 0x23e1,
0x238e, 0x233a, 0x22e6, 0x2292, 0x223d, 0x21e8, 0x2192, 0x213d,
0x20e7, 0x2090, 0x2039, 0x1fe2, 0x1f8b, 0x1f34, 0x1edc, 0x1e83,
0x1e2b, 0x1dd2, 0x1d79, 0x1d20, 0x1cc6, 0x1c6c, 0x1c12, 0x1bb7,
0x1b5d, 0x1b02, 0x1aa6, 0x1a4b, 0x19ef, 0x1993, 0x1937, 0x18da,
0x187e, 0x1821, 0x17c3, 0x1766, 0x1708, 0x16aa, 0x164c, 0x15ee,
0x158f, 0x1531, 0x14d2, 0x1472, 0x1413, 0x13b4, 0x1354, 0x12f4,
0x1294, 0x1233, 0x11d3, 0x1172, 0x1112, 0x10b1, 0x104f, 0x0fee,
0x0f8d, 0x0f2b, 0x0ec9, 0x0e68, 0x0e06, 0x0da3, 0x0d41, 0x0cdf,
0x0c7c, 0x0c1a, 0x0bb7, 0x0b54, 0x0af1, 0x0a8e, 0x0a2b, 0x09c7,
0x0964, 0x0900, 0x089d, 0x0839, 0x07d5, 0x0772, 0x070e, 0x06aa,
0x0646, 0x05e2, 0x057e, 0x0519, 0x04b5, 0x0451, 0x03ed, 0x0388,
0x0324, 0x02bf, 0x025b, 0x01f7, 0x0192, 0x012e, 0x00c9, 0x0065,
0x0000, 0xff9b, 0xff37, 0xfed2, 0xfe6e, 0xfe09, 0xfda5, 0xfd41,
0xfcdc, 0xfc78, 0xfc13, 0xfbaf, 0xfb4b, 0xfae7, 0xfa82, 0xfa1e,
0xf9ba, 0xf956, 0xf8f2, 0xf88e, 0xf82b, 0xf7c7, 0xf763, 0xf700,
0xf69c, 0xf639, 0xf5d5, 0xf572, 0xf50f, 0xf4ac, 0xf449, 0xf3e6,
0xf384, 0xf321, 0xf2bf, 0xf25d, 0xf1fa, 0xf198, 0xf137, 0xf0d5,
0xf073, 0xf012, 0xefb1, 0xef4f, 0xeeee, 0xee8e, 0xee2d, 0xedcd,
0xed6c, 0xed0c, 0xecac, 0xec4c, 0xebed, 0xeb8e, 0xeb2e, 0xeacf,
0xea71, 0xea12, 0xe9b4, 0xe956, 0xe8f8, 0xe89a, 0xe83d, 0xe7df,
0xe782, 0xe726, 0xe6c9, 0xe66d, 0xe611, 0xe5b5, 0xe55a, 0xe4fe,
0xe4a3, 0xe449, 0xe3ee, 0xe394, 0xe33a, 0xe2e0, 0xe287, 0xe22e,
0xe1d5, 0xe17d, 0xe124, 0xe0cc, 0xe075, 0xe01e, 0xdfc7, 0xdf70,
0xdf19, 0xdec3, 0xde6e, 0xde18, 0xddc3, 0xdd6e, 0xdd1a, 0xdcc6,
0xdc72, 0xdc1f, 0xdbcc, 0xdb79, 0xdb27, 0xdad5, 0xda83, 0xda32,
0xd9e1, 0xd990, 0xd940, 0xd8f0, 0xd8a1, 0xd852, 0xd803, 0xd7b5,
0xd767, 0xd719, 0xd6cc, 0xd67f, 0xd633, 0xd5e7, 0xd59c, 0xd551,
0xd506, 0xd4bc, 0xd472, 0xd428, 0xd3df, 0xd397, 0xd34f, 0xd307,
0xd2bf, 0xd279, 0xd232, 0xd1ec, 0xd1a7, 0xd162, 0xd11d, 0xd0d9,
0xd095, 0xd052, 0xd00f, 0xcfcd, 0xcf8b, 0xcf49, 0xcf08, 0xcec8,
0xce88, 0xce48, 0xce09, 0xcdcb, 0xcd8d, 0xcd4f, 0xcd12, 0xccd5,
0xcc99, 0xcc5d, 0xcc22, 0xcbe8, 0xcbae, 0xcb74, 0xcb3b, 0xcb02,
0xcaca, 0xca92, 0xca5b, 0xca25, 0xc9ef, 0xc9b9, 0xc984, 0xc950,
0xc91c, 0xc8e8, 0xc8b6, 0xc883, 0xc851, 0xc820, 0xc7ef, 0xc7bf,
0xc78f, 0xc760, 0xc732, 0xc704, 0xc6d6, 0xc6a9, 0xc67d, 0xc651,
0xc626, 0xc5fb, 0xc5d1, 0xc5a8, 0xc57f, 0xc556, 0xc52e, 0xc507,
0xc4e0, 0xc4ba, 0xc494, 0xc46f, 0xc44b, 0xc427, 0xc404, 0xc3e1,
0xc3bf, 0xc39d, 0xc37c, 0xc35c, 0xc33c, 0xc31d, 0xc2fe, 0xc2e0,
0xc2c2, 0xc2a6, 0xc289, 0xc26e, 0xc252, 0xc238, 0xc21e, 0xc205,
0xc1ec, 0xc1d4, 0xc1bc, 0xc1a5, 0xc18f, 0xc179, 0xc164, 0xc150,
0xc13c, 0xc128, 0xc116, 0xc104, 0xc0f2, 0xc0e1, 0xc0d1, 0xc0c1,
0xc0b2, 0xc0a4, 0xc096, 0xc089, 0xc07c, 0xc070, 0xc065, 0xc05a,
0xc050, 0xc046, 0xc03d, 0xc035, 0xc02d, 0xc026, 0xc020, 0xc01a,
0xc015, 0xc010, 0xc00c, 0xc009, 0xc006, 0xc004, 0xc002, 0xc001,
0xc001, 0xc001, 0xc002, 0xc004, 0xc006, 0xc009, 0xc00c, 0xc010,
0xc015, 0xc01a, 0xc020, 0xc026, 0xc02d, 0xc035, 0xc03d, 0xc046,
0xc050, 0xc05a, 0xc065, 0xc070, 0xc07c, 0xc089, 0xc096, 0xc0a4,
0xc0b2, 0xc0c1, 0xc0d1, 0xc0e1, 0xc0f2, 0xc104, 0xc116, 0xc128,
0xc13c, 0xc150, 0xc164, 0xc179, 0xc18f, 0xc1a5, 0xc1bc, 0xc1d4,
0xc1ec, 0xc205, 0xc21e, 0xc238, 0xc252, 0xc26e, 0xc289, 0xc2a6,
0xc2c2, 0xc2e0, 0xc2fe, 0xc31d, 0xc33c, 0xc35c, 0xc37c, 0xc39d,
0xc3bf, 0xc3e1, 0xc404, 0xc427, 0xc44b, 0xc46f, 0xc494, 0xc4ba,
0xc4e0, 0xc507, 0xc52e, 0xc556, 0xc57f, 0xc5a8, 0xc5d1, 0xc5fb,
0xc626, 0xc651, 0xc67d, 0xc6a9, 0xc6d6, 0xc704, 0xc732, 0xc760,
0xc78f, 0xc7bf, 0xc7ef, 0xc820, 0xc851, 0xc883, 0xc8b6, 0xc8e8,
0xc91c, 0xc950, 0xc984, 0xc9b9, 0xc9ef, 0xca25, 0xca5b, 0xca92,
0xcaca, 0xcb02, 0xcb3b, 0xcb74, 0xcbae, 0xcbe8, 0xcc22, 0xcc5d,
0xcc99, 0xccd5, 0xcd12, 0xcd4f, 0xcd8d, 0xcdcb, 0xce09, 0xce48,
0xce88, 0xcec8, 0xcf08, 0xcf49, 0xcf8b, 0xcfcd, 0xd00f, 0xd052,
0xd095, 0xd0d9, 0xd11d, 0xd162, 0xd1a7, 0xd1ec, 0xd232, 0xd279,
0xd2bf, 0xd307, 0xd34f, 0xd397, 0xd3df, 0xd428, 0xd472, 0xd4bc,
0xd506, 0xd551, 0xd59c, 0xd5e7, 0xd633, 0xd67f, 0xd6cc, 0xd719,
0xd767, 0xd7b5, 0xd803, 0xd852, 0xd8a1, 0xd8f0, 0xd940, 0xd990,
0xd9e1, 0xda32, 0xda83, 0xdad5, 0xdb27, 0xdb79, 0xdbcc, 0xdc1f,
0xdc72, 0xdcc6, 0xdd1a, 0xdd6e, 0xddc3, 0xde18, 0xde6e, 0xdec3,
0xdf19, 0xdf70, 0xdfc7, 0xe01e, 0xe075, 0xe0cc, 0xe124, 0xe17d,
0xe1d5, 0xe22e, 0xe287, 0xe2e0, 0xe33a, 0xe394, 0xe3ee, 0xe449,
0xe4a3, 0xe4fe, 0xe55a, 0xe5b5, 0xe611, 0xe66d, 0xe6c9, 0xe726,
0xe782, 0xe7df, 0xe83d, 0xe89a, 0xe8f8, 0xe956, 0xe9b4, 0xea12,
0xea71, 0xeacf, 0xeb2e, 0xeb8e, 0xebed, 0xec4c, 0xecac, 0xed0c,
0xed6c, 0xedcd, 0xee2d, 0xee8e, 0xeeee, 0xef4f, 0xefb1, 0xf012,
0xf073, 0xf0d5, 0xf137, 0xf198, 0xf1fa, 0xf25d, 0xf2bf, 0xf321,
0xf384, 0xf3e6, 0xf449, 0xf4ac, 0xf50f, 0xf572, 0xf5d5, 0xf639,
0xf69c, 0xf700, 0xf763, 0xf7c7, 0xf82b, 0xf88e, 0xf8f2, 0xf956,
0xf9ba, 0xfa1e, 0xfa82, 0xfae7, 0xfb4b, 0xfbaf, 0xfc13, 0xfc78,
0xfcdc, 0xfd41, 0xfda5, 0xfe09, 0xfe6e, 0xfed2, 0xff37, 0xff9b,
// sine 512 (offset 1024, count 512)
0x0000, 0x00c9, 0x0192, 0x025b, 0x0324, 0x03ed, 0x04b5, 0x057e,
0x0646, 0x070e, 0x07d5, 0x089d, 0x0964, 0x0a2b, 0x0af1, 0x0bb7,
0x0c7c, 0x0d41, 0x0e06, 0x0ec9, 0x0f8d, 0x104f, 0x1112, 0x11d3,
0x1294, 0x1354, 0x1413, 0x14d2, 0x158f, 0x164c, 0x1708, 0x17c3,
0x187e, 0x1937, 0x19ef, 0x1aa6, 0x1b5d, 0x1c12, 0x1cc6, 0x1d79,
0x1e2b, 0x1edc, 0x1f8b, 0x2039, 0x20e7, 0x2192, 0x223d, 0x22e6,
0x238e, 0x2434, 0x24d9, 0x257d, 0x261f, 0x26c0, 0x275f, 0x27fd,
0x2899, 0x2934, 0x29cd, 0x2a64, 0x2afa, 0x2b8e, 0x2c21, 0x2cb1,
0x2d41, 0x2dce, 0x2e59, 0x2ee3, 0x2f6b, 0x2ff1, 0x3075, 0x30f8,
0x3178, 0x31f7, 0x3273, 0x32ee, 0x3367, 0x33de, 0x3452, 0x34c5,
0x3536, 0x35a5, 0x3611, 0x367c, 0x36e4, 0x374a, 0x37af, 0x3811,
0x3871, 0x38ce, 0x392a, 0x3983, 0x39da, 0x3a2f, 0x3a81, 0x3ad2,
0x3b20, 0x3b6c, 0x3bb5, 0x3bfc, 0x3c41, 0x3c84, 0x3cc4, 0x3d02,
0x3d3e, 0x3d77, 0x3dae, 0x3de2, 0x3e14, 0x3e44, 0x3e71, 0x3e9c,
0x3ec4, 0x3eea, 0x3f0e, 0x3f2f, 0x3f4e, 0x3f6a, 0x3f84, 0x3f9b,
0x3fb0, 0x3fc3, 0x3fd3, 0x3fe0, 0x3feb, 0x3ff4, 0x3ffa, 0x3ffe,
0x3fff, 0x3ffe, 0x3ffa, 0x3ff4, 0x3feb, 0x3fe0, 0x3fd3, 0x3fc3,
0x3fb0, 0x3f9b, 0x3f84, 0x3f6a, 0x3f4e, 0x3f2f, 0x3f0e, 0x3eea,
0x3ec4, 0x3e9c, 0x3e71, 0x3e44, 0x3e14, 0x3de2, 0x3dae, 0x3d77,
0x3d3e, 0x3d02, 0x3cc4, 0x3c84, 0x3c41, 0x3bfc, 0x3bb5, 0x3b6c,
0x3b20, 0x3ad2, 0x3a81, 0x3a2f, 0x39da, 0x3983, 0x392a, 0x38ce,
0x3871, 0x3811, 0x37af, 0x374a, 0x36e4, 0x367c, 0x3611, 0x35a5,
0x3536, 0x34c5, 0x3452, 0x33de, 0x3367, 0x32ee, 0x3273, 0x31f7,
0x3178, 0x30f8, 0x3075, 0x2ff1, 0x2f6b, 0x2ee3, 0x2e59, 0x2dce,
0x2d41, 0x2cb1, 0x2c21, 0x2b8e, 0x2afa, 0x2a64, 0x29cd, 0x2934,
0x2899, 0x27fd, 0x275f, 0x26c0, 0x261f, 0x257d, 0x24d9, 0x2434,
0x238e, 0x22e6, 0x223d, 0x2192, 0x20e7, 0x2039, 0x1f8b, 0x1edc,
0x1e2b, 0x1d79, 0x1cc6, 0x1c12, 0x1b5d, 0x1aa6, 0x19ef, 0x1937,
0x187e, 0x17c3, 0x1708, 0x164c, 0x158f, 0x14d2, 0x1413, 0x1354,
0x1294, 0x11d3, 0x1112, 0x104f, 0x0f8d, 0x0ec9, 0x0e06, 0x0d41,
0x0c7c, 0x0bb7, 0x0af1, 0x0a2b, 0x0964, 0x089d, 0x07d5, 0x070e,
0x0646, 0x057e, 0x04b5, 0x03ed, 0x0324, 0x025b, 0x0192, 0x00c9,
0x0000, 0xff37, 0xfe6e, 0xfda5, 0xfcdc, 0xfc13, 0xfb4b, 0xfa82,
0xf9ba, 0xf8f2, 0xf82b, 0xf763, 0xf69c, 0xf5d5, 0xf50f, 0xf449,
0xf384, 0xf2bf, 0xf1fa, 0xf137, 0xf073, 0xefb1, 0xeeee, 0xee2d,
0xed6c, 0xecac, 0xebed, 0xeb2e, 0xea71, 0xe9b4, 0xe8f8, 0xe83d,
0xe782, 0xe6c9, 0xe611, 0xe55a, 0xe4a3, 0xe3ee, 0xe33a, 0xe287,
0xe1d5, 0xe124, 0xe075, 0xdfc7, 0xdf19, 0xde6e, 0xddc3, 0xdd1a,
0xdc72, 0xdbcc, 0xdb27, 0xda83, 0xd9e1, 0xd940, 0xd8a1, 0xd803,
0xd767, 0xd6cc, 0xd633, 0xd59c, 0xd506, 0xd472, 0xd3df, 0xd34f,
0xd2bf, 0xd232, 0xd1a7, 0xd11d, 0xd095, 0xd00f, 0xcf8b, 0xcf08,
0xce88, 0xce09, 0xcd8d, 0xcd12, 0xcc99, 0xcc22, 0xcbae, 0xcb3b,
0xcaca, 0xca5b, 0xc9ef, 0xc984, 0xc91c, 0xc8b6, 0xc851, 0xc7ef,
0xc78f, 0xc732, 0xc6d6, 0xc67d, 0xc626, 0xc5d1, 0xc57f, 0xc52e,
0xc4e0, 0xc494, 0xc44b, 0xc404, 0xc3bf, 0xc37c, 0xc33c, 0xc2fe,
0xc2c2, 0xc289, 0xc252, 0xc21e, 0xc1ec, 0xc1bc, 0xc18f, 0xc164,
0xc13c, 0xc116, 0xc0f2, 0xc0d1, 0xc0b2, 0xc096, 0xc07c, 0xc065,
0xc050, 0xc03d, 0xc02d, 0xc020, 0xc015, 0xc00c, 0xc006, 0xc002,
0xc001, 0xc002, 0xc006, 0xc00c, 0xc015, 0xc020, 0xc02d, 0xc03d,
0xc050, 0xc065, 0xc07c, 0xc096, 0xc0b2, 0xc0d1, 0xc0f2, 0xc116,
0xc13c, 0xc164, 0xc18f, 0xc1bc, 0xc1ec, 0xc21e, 0xc252, 0xc289,
0xc2c2, 0xc2fe, 0xc33c, 0xc37c, 0xc3bf, 0xc404, 0xc44b, 0xc494,
0xc4e0, 0xc52e, 0xc57f, 0xc5d1, 0xc626, 0xc67d, 0xc6d6, 0xc732,
0xc78f, 0xc7ef, 0xc851, 0xc8b6, 0xc91c, 0xc984, 0xc9ef, 0xca5b,
0xcaca, 0xcb3b, 0xcbae, 0xcc22, 0xcc99, 0xcd12, 0xcd8d, 0xce09,
0xce88, 0xcf08, 0xcf8b, 0xd00f, 0xd095, 0xd11d, 0xd1a7, 0xd232,
0xd2bf, 0xd34f, 0xd3df, 0xd472, 0xd506, 0xd59c, 0xd633, 0xd6cc,
0xd767, 0xd803, 0xd8a1, 0xd940, 0xd9e1, 0xda83, 0xdb27, 0xdbcc,
0xdc72, 0xdd1a, 0xddc3, 0xde6e, 0xdf19, 0xdfc7, 0xe075, 0xe124,
0xe1d5, 0xe287, 0xe33a, 0xe3ee, 0xe4a3, 0xe55a, 0xe611, 0xe6c9,
0xe782, 0xe83d, 0xe8f8, 0xe9b4, 0xea71, 0xeb2e, 0xebed, 0xecac,
0xed6c, 0xee2d, 0xeeee, 0xefb1, 0xf073, 0xf137, 0xf1fa, 0xf2bf,
0xf384, 0xf449, 0xf50f, 0xf5d5, 0xf69c, 0xf763, 0xf82b, 0xf8f2,
0xf9ba, 0xfa82, 0xfb4b, 0xfc13, 0xfcdc, 0xfda5, 0xfe6e, 0xff37,
// sine 256 (offset 1536, count 256)
0x0000, 0x0192, 0x0324, 0x04b5, 0x0646, 0x07d5, 0x0964, 0x0af1,
0x0c7c, 0x0e06, 0x0f8d, 0x1112, 0x1294, 0x1413, 0x158f, 0x1708,
0x187e, 0x19ef, 0x1b5d, 0x1cc6, 0x1e2b, 0x1f8b, 0x20e7, 0x223d,
0x238e, 0x24d9, 0x261f, 0x275f, 0x2899, 0x29cd, 0x2afa, 0x2c21,
0x2d41, 0x2e59, 0x2f6b, 0x3075, 0x3178, 0x3273, 0x3367, 0x3452,
0x3536, 0x3611, 0x36e4, 0x37af, 0x3871, 0x392a, 0x39da, 0x3a81,
0x3b20, 0x3bb5, 0x3c41, 0x3cc4, 0x3d3e, 0x3dae, 0x3e14, 0x3e71,
0x3ec4, 0x3f0e, 0x3f4e, 0x3f84, 0x3fb0, 0x3fd3, 0x3feb, 0x3ffa,
0x3fff, 0x3ffa, 0x3feb, 0x3fd3, 0x3fb0, 0x3f84, 0x3f4e, 0x3f0e,
0x3ec4, 0x3e71, 0x3e14, 0x3dae, 0x3d3e, 0x3cc4, 0x3c41, 0x3bb5,
0x3b20, 0x3a81, 0x39da, 0x392a, 0x3871, 0x37af, 0x36e4, 0x3611,
0x3536, 0x3452, 0x3367, 0x3273, 0x3178, 0x3075, 0x2f6b, 0x2e59,
0x2d41, 0x2c21, 0x2afa, 0x29cd, 0x2899, 0x275f, 0x261f, 0x24d9,
0x238e, 0x223d, 0x20e7, 0x1f8b, 0x1e2b, 0x1cc6, 0x1b5d, 0x19ef,
0x187e, 0x1708, 0x158f, 0x1413, 0x1294, 0x1112, 0x0f8d, 0x0e06,
0x0c7c, 0x0af1, 0x0964, 0x07d5, 0x0646, 0x04b5, 0x0324, 0x0192,
0x0000, 0xfe6e, 0xfcdc, 0xfb4b, 0xf9ba, 0xf82b, 0xf69c, 0xf50f,
0xf384, 0xf1fa, 0xf073, 0xeeee, 0xed6c, 0xebed, 0xea71, 0xe8f8,
0xe782, 0xe611, 0xe4a3, 0xe33a, 0xe1d5, 0xe075, 0xdf19, 0xddc3,
0xdc72, 0xdb27, 0xd9e1, 0xd8a1, 0xd767, 0xd633, 0xd506, 0xd3df,
0xd2bf, 0xd1a7, 0xd095, 0xcf8b, 0xce88, 0xcd8d, 0xcc99, 0xcbae,
0xcaca, 0xc9ef, 0xc91c, 0xc851, 0xc78f, 0xc6d6, 0xc626, 0xc57f,
0xc4e0, 0xc44b, 0xc3bf, 0xc33c, 0xc2c2, 0xc252, 0xc1ec, 0xc18f,
0xc13c, 0xc0f2, 0xc0b2, 0xc07c, 0xc050, 0xc02d, 0xc015, 0xc006,
0xc001, 0xc006, 0xc015, 0xc02d, 0xc050, 0xc07c, 0xc0b2, 0xc0f2,
0xc13c, 0xc18f, 0xc1ec, 0xc252, 0xc2c2, 0xc33c, 0xc3bf, 0xc44b,
0xc4e0, 0xc57f, 0xc626, 0xc6d6, 0xc78f, 0xc851, 0xc91c, 0xc9ef,
0xcaca, 0xcbae, 0xcc99, 0xcd8d, 0xce88, 0xcf8b, 0xd095, 0xd1a7,
0xd2bf, 0xd3df, 0xd506, 0xd633, 0xd767, 0xd8a1, 0xd9e1, 0xdb27,
0xdc72, 0xddc3, 0xdf19, 0xe075, 0xe1d5, 0xe33a, 0xe4a3, 0xe611,
0xe782, 0xe8f8, 0xea71, 0xebed, 0xed6c, 0xeeee, 0xf073, 0xf1fa,
0xf384, 0xf50f, 0xf69c, 0xf82b, 0xf9ba, 0xfb4b, 0xfcdc, 0xfe6e,
// sine 128 (offset 1792, count 128)
0x0000, 0x0324, 0x0646, 0x0964, 0x0c7c, 0x0f8d, 0x1294, 0x158f,
0x187e, 0x1b5d, 0x1e2b, 0x20e7, 0x238e, 0x261f, 0x2899, 0x2afa,
0x2d41, 0x2f6b, 0x3178, 0x3367, 0x3536, 0x36e4, 0x3871, 0x39da,
0x3b20, 0x3c41, 0x3d3e, 0x3e14, 0x3ec4, 0x3f4e, 0x3fb0, 0x3feb,
0x3fff, 0x3feb, 0x3fb0, 0x3f4e, 0x3ec4, 0x3e14, 0x3d3e, 0x3c41,
0x3b20, 0x39da, 0x3871, 0x36e4, 0x3536, 0x3367, 0x3178, 0x2f6b,
0x2d41, 0x2afa, 0x2899, 0x261f, 0x238e, 0x20e7, 0x1e2b, 0x1b5d,
0x187e, 0x158f, 0x1294, 0x0f8d, 0x0c7c, 0x0964, 0x0646, 0x0324,
0x0000, 0xfcdc, 0xf9ba, 0xf69c, 0xf384, 0xf073, 0xed6c, 0xea71,
0xe782, 0xe4a3, 0xe1d5, 0xdf19, 0xdc72, 0xd9e1, 0xd767, 0xd506,
0xd2bf, 0xd095, 0xce88, 0xcc99, 0xcaca, 0xc91c, 0xc78f, 0xc626,
0xc4e0, 0xc3bf, 0xc2c2, 0xc1ec, 0xc13c, 0xc0b2, 0xc050, 0xc015,
0xc001, 0xc015, 0xc050, 0xc0b2, 0xc13c, 0xc1ec, 0xc2c2, 0xc3bf,
0xc4e0, 0xc626, 0xc78f, 0xc91c, 0xcaca, 0xcc99, 0xce88, 0xd095,
0xd2bf, 0xd506, 0xd767, 0xd9e1, 0xdc72, 0xdf19, 0xe1d5, 0xe4a3,
0xe782, 0xea71, 0xed6c, 0xf073, 0xf384, 0xf69c, 0xf9ba, 0xfcdc,
// triangle LP1 (offset 1920, count 1024)
0x0000, 0x0040, 0x0080, 0x00c0, 0x0100, 0x0140, 0x0180, 0x01c0,
0x0200, 0x0240, 0x0280, 0x02c0, 0x0300, 0x0340, 0x0380, 0x03c0,
0x0400, 0x0440, 0x0480, 0x04c0, 0x0500, 0x0540, 0x0580, 0x05c0,
0x0600, 0x0640, 0x0680, 0x06c0, 0x0700, 0x0740, 0x0780, 0x07c0,
0x0800, 0x0840, 0x0880, 0x08c0, 0x0900, 0x0940, 0x0980, 0x09c0,
0x0a00, 0x0a40, 0x0a80, 0x0ac0, 0x0b00, 0x0b40, 0x0b80, 0x0bc0,
0x0c00, 0x0c40, 0x0c80, 0x0cc0, 0x0d00, 0x0d40, 0x0d80, 0x0dc0,
0x0e00, 0x0e40, 0x0e80, 0x0ec0, 0x0f00, 0x0f40, 0x0f80, 0x0fc0,
0x1000, 0x1040, 0x1080, 0x10c0, 0x1100, 0x1140, 0x1180, 0x11c0,
0x1200, 0x1240, 0x1280, 0x12c0, 0x1300, 0x1340, 0x1380, 0x13c0,
0x1400, 0x1440, 0x1480, 0x14c0, 0x1500, 0x1540, 0x1580, 0x15c0,
0x1600, 0x1640, 0x1680, 0x16c0, 0x1700, 0x1740, 0x1780, 0x17c0,
0x1800, 0x1840, 0x1880, 0x18c0, 0x1900, 0x1940, 0x1980, 0x19c0,
0x1a00, 0x1a40, 0x1a80, 0x1ac0, 0x1b00, 0x1b40, 0x1b80, 0x1bc0,
0x1c00, 0x1c40, 0x1c80, 0x1cc0, 0x1d00, 0x1d40, 0x1d80, 0x1dc0,
0x1e00, 0x1e40, 0x1e80, 0x1ec0, 0x1f00, 0x1f40, 0x1f80, 0x1fc0,
0x1fff, 0x203f, 0x207f, 0x20bf, 0x20ff, 0x213f, 0x217f, 0x21bf,
0x21ff, 0x223f, 0x227f, 0x22bf, 0x22ff, 0x233f, 0x237f, 0x23bf,
0x23ff, 0x243f, 0x247f, 0x24bf, 0x24ff, 0x253f, 0x257f, 0x25bf,
0x25ff, 0x263f, 0x267f, 0x26bf, 0x26ff, 0x273f, 0x277f, 0x27bf,
0x27ff, 0x283f, 0x287f, 0x28bf, 0x28ff, 0x293f, 0x297f, 0x29bf,
0x29ff, 0x2a3f, 0x2a7f, 0x2abf, 0x2aff, 0x2b3f, 0x2b7f, 0x2bbf,
0x2bff, 0x2c3f, 0x2c7f, 0x2cbf, 0x2cff, 0x2d3f, 0x2d7f, 0x2dbf,
0x2dff, 0x2e3f, 0x2e7f, 0x2ebf, 0x2eff, 0x2f3f, 0x2f7f, 0x2fbf,
0x2fff, 0x303f, 0x307f, 0x30bf, 0x30ff, 0x313f, 0x317f, 0x31bf,
0x31ff, 0x323f, 0x327f, 0x32bf, 0x32ff, 0x333f, 0x337f, 0x33bf,
0x33ff, 0x343f, 0x347f, 0x34bf, 0x34ff, 0x353f, 0x357f, 0x35bf,
0x35ff, 0x363f, 0x367f, 0x36bf, 0x36ff, 0x373f, 0x377f, 0x37bf,
0x37ff, 0x383f, 0x387f, 0x38bf, 0x38ff, 0x393f, 0x397f, 0x39bf,
0x39ff, 0x3a3f, 0x3a7f, 0x3abf, 0x3aff, 0x3b3f, 0x3b7f, 0x3bbf,
0x3bff, 0x3c3f, 0x3c7f, 0x3cbf, 0x3cff, 0x3d3f, 0x3d7f, 0x3dbf,
0x3dff, 0x3e3f, 0x3e7f, 0x3ebf, 0x3eff, 0x3f3f, 0x3f7e, 0x3fc1,
0x3ff2, 0x3fc1, 0x3f7e, 0x3f3f, 0x3eff, 0x3ebf, 0x3e7f, 0x3e3f,
0x3dff, 0x3dbf, 0x3d7f, 0x3d3f, 0x3cff, 0x3cbf, 0x3c7f, 0x3c3f,
0x3bff, 0x3bbf, 0x3b7f, 0x3b3f, 0x3aff, 0x3abf, 0x3a7f, 0x3a3f,
0x39ff, 0x39bf, 0x397f, 0x393f, 0x38ff, 0x38bf, 0x387f, 0x383f,
0x37ff, 0x37bf, 0x377f, 0x373f, 0x36ff, 0x36bf, 0x367f, 0x363f,
0x35ff, 0x35bf, 0x357f, 0x353f, 0x34ff, 0x34bf, 0x347f, 0x343f,
0x33ff, 0x33bf, 0x337f, 0x333f, 0x32ff, 0x32bf, 0x327f, 0x323f,
0x31ff, 0x31bf, 0x317f, 0x313f, 0x30ff, 0x30bf, 0x307f, 0x303f,
0x2fff, 0x2fbf, 0x2f7f, 0x2f3f, 0x2eff, 0x2ebf, 0x2e7f, 0x2e3f,
0x2dff, 0x2dbf, 0x2d7f, 0x2d3f, 0x2cff, 0x2cbf, 0x2c7f, 0x2c3f,
0x2bff, 0x2bbf, 0x2b7f, 0x2b3f, 0x2aff, 0x2abf, 0x2a7f, 0x2a3f,
0x29ff, 0x29bf, 0x297f, 0x293f, 0x28ff, 0x28bf, 0x287f, 0x283f,
0x27ff, 0x27bf, 0x277f, 0x273f, 0x26ff, 0x26bf, 0x267f, 0x263f,
0x25ff, 0x25bf, 0x257f, 0x253f, 0x24ff, 0x24bf, 0x247f, 0x243f,
0x23ff, 0x23bf, 0x237f, 0x233f, 0x22ff, 0x22bf, 0x227f, 0x223f,
0x21ff, 0x21bf, 0x217f, 0x213f, 0x20ff, 0x20bf, 0x207f, 0x203f,
0x1fff, 0x1fc0, 0x1f80, 0x1f40, 0x1f00, 0x1ec0, 0x1e80, 0x1e40,
0x1e00, 0x1dc0, 0x1d80, 0x1d40, 0x1d00, 0x1cc0, 0x1c80, 0x1c40,
0x1c00, 0x1bc0, 0x1b80, 0x1b40, 0x1b00, 0x1ac0, 0x1a80, 0x1a40,
0x1a00, 0x19c0, 0x1980, 0x1940, 0x1900, 0x18c0, 0x1880, 0x1840,
0x1800, 0x17c0, 0x1780, 0x1740, 0x1700, 0x16c0, 0x1680, 0x1640,
0x1600, 0x15c0, 0x1580, 0x1540, 0x1500, 0x14c0, 0x1480, 0x1440,
0x1400, 0x13c0, 0x1380, 0x1340, 0x1300, 0x12c0, 0x1280, 0x1240,
0x1200, 0x11c0, 0x1180, 0x1140, 0x1100, 0x10c0, 0x1080, 0x1040,
0x1000, 0x0fc0, 0x0f80, 0x0f40, 0x0f00, 0x0ec0, 0x0e80, 0x0e40,
0x0e00, 0x0dc0, 0x0d80, 0x0d40, 0x0d00, 0x0cc0, 0x0c80, 0x0c40,
0x0c00, 0x0bc0, 0x0b80, 0x0b40, 0x0b00, 0x0ac0, 0x0a80, 0x0a40,
0x0a00, 0x09c0, 0x0980, 0x0940, 0x0900, 0x08c0, 0x0880, 0x0840,
0x0800, 0x07c0, 0x0780, 0x0740, 0x0700, 0x06c0, 0x0680, 0x0640,
0x0600, 0x05c0, 0x0580, 0x0540, 0x0500, 0x04c0, 0x0480, 0x0440,
0x0400, 0x03c0, 0x0380, 0x0340, 0x0300, 0x02c0, 0x0280, 0x0240,
0x0200, 0x01c0, 0x0180, 0x0140, 0x0100, 0x00c0, 0x0080, 0x0040,
0x0000, 0xffc0, 0xff80, 0xff40, 0xff00, 0xfec0, 0xfe80, 0xfe40,
0xfe00, 0xfdc0, 0xfd80, 0xfd40, 0xfd00, 0xfcc0, 0xfc80, 0xfc40,
0xfc00, 0xfbc0, 0xfb80, 0xfb40, 0xfb00, 0xfac0, 0xfa80, 0xfa40,
0xfa00, 0xf9c0, 0xf980, 0xf940, 0xf900, 0xf8c0, 0xf880, 0xf840,
0xf800, 0xf7c0, 0xf780, 0xf740, 0xf700, 0xf6c0, 0xf680, 0xf640,
0xf600, 0xf5c0, 0xf580, 0xf540, 0xf500, 0xf4c0, 0xf480, 0xf440,
0xf400, 0xf3c0, 0xf380, 0xf340, 0xf300, 0xf2c0, 0xf280, 0xf240,
0xf200, 0xf1c0, 0xf180, 0xf140, 0xf100, 0xf0c0, 0xf080, 0xf040,
0xf000, 0xefc0, 0xef80, 0xef40, 0xef00, 0xeec0, 0xee80, 0xee40,
0xee00, 0xedc0, 0xed80, 0xed40, 0xed00, 0xecc0, 0xec80, 0xec40,
0xec00, 0xebc0, 0xeb80, 0xeb40, 0xeb00, 0xeac0, 0xea80, 0xea40,
0xea00, 0xe9c0, 0xe980, 0xe940, 0xe900, 0xe8c0, 0xe880, 0xe840,
0xe800, 0xe7c0, 0xe780, 0xe740, 0xe700, 0xe6c0, 0xe680, 0xe640,
0xe600, 0xe5c0, 0xe580, 0xe540, 0xe500, 0xe4c0, 0xe480, 0xe440,
0xe400, 0xe3c0, 0xe380, 0xe340, 0xe300, 0xe2c0, 0xe280, 0xe240,
0xe200, 0xe1c0, 0xe180, 0xe140, 0xe100, 0xe0c0, 0xe080, 0xe040,
0xe001, 0xdfc1, 0xdf81, 0xdf41, 0xdf01, 0xdec1, 0xde81, 0xde41,
0xde01, 0xddc1, 0xdd81, 0xdd41, 0xdd01, 0xdcc1, 0xdc81, 0xdc41,
0xdc01, 0xdbc1, 0xdb81, 0xdb41, 0xdb01, 0xdac1, 0xda81, 0xda41,
0xda01, 0xd9c1, 0xd981, 0xd941, 0xd901, 0xd8c1, 0xd881, 0xd841,
0xd801, 0xd7c1, 0xd781, 0xd741, 0xd701, 0xd6c1, 0xd681, 0xd641,
0xd601, 0xd5c1, 0xd581, 0xd541, 0xd501, 0xd4c1, 0xd481, 0xd441,
0xd401, 0xd3c1, 0xd381, 0xd341, 0xd301, 0xd2c1, 0xd281, 0xd241,
0xd201, 0xd1c1, 0xd181, 0xd141, 0xd101, 0xd0c1, 0xd081, 0xd041,
0xd001, 0xcfc1, 0xcf81, 0xcf41, 0xcf01, 0xcec1, 0xce81, 0xce41,
0xce01, 0xcdc1, 0xcd81, 0xcd41, 0xcd01, 0xccc1, 0xcc81, 0xcc41,
0xcc01, 0xcbc1, 0xcb81, 0xcb41, 0xcb01, 0xcac1, 0xca81, 0xca41,
0xca01, 0xc9c1, 0xc981, 0xc941, 0xc901, 0xc8c1, 0xc881, 0xc841,
0xc801, 0xc7c1, 0xc781, 0xc741, 0xc701, 0xc6c1, 0xc681, 0xc641,
0xc601, 0xc5c1, 0xc581, 0xc541, 0xc501, 0xc4c1, 0xc481, 0xc441,
0xc401, 0xc3c1, 0xc381, 0xc341, 0xc301, 0xc2c1, 0xc281, 0xc241,
0xc201, 0xc1c1, 0xc181, 0xc141, 0xc101, 0xc0c1, 0xc082, 0xc03f,
0xc00e, 0xc03f, 0xc082, 0xc0c1, 0xc101, 0xc141, 0xc181, 0xc1c1,
0xc201, 0xc241, 0xc281, 0xc2c1, 0xc301, 0xc341, 0xc381, 0xc3c1,
0xc401, 0xc441, 0xc481, 0xc4c1, 0xc501, 0xc541, 0xc581, 0xc5c1,
0xc601, 0xc641, 0xc681, 0xc6c1, 0xc701, 0xc741, 0xc781, 0xc7c1,
0xc801, 0xc841, 0xc881, 0xc8c1, 0xc901, 0xc941, 0xc981, 0xc9c1,
0xca01, 0xca41, 0xca81, 0xcac1, 0xcb01, 0xcb41, 0xcb81, 0xcbc1,
0xcc01, 0xcc41, 0xcc81, 0xccc1, 0xcd01, 0xcd41, 0xcd81, 0xcdc1,
0xce01, 0xce41, 0xce81, 0xcec1, 0xcf01, 0xcf41, 0xcf81, 0xcfc1,
0xd001, 0xd041, 0xd081, 0xd0c1, 0xd101, 0xd141, 0xd181, 0xd1c1,
0xd201, 0xd241, 0xd281, 0xd2c1, 0xd301, 0xd341, 0xd381, 0xd3c1,
0xd401, 0xd441, 0xd481, 0xd4c1, 0xd501, 0xd541, 0xd581, 0xd5c1,
0xd601, 0xd641, 0xd681, 0xd6c1, 0xd701, 0xd741, 0xd781, 0xd7c1,
0xd801, 0xd841, 0xd881, 0xd8c1, 0xd901, 0xd941, 0xd981, 0xd9c1,
0xda01, 0xda41, 0xda81, 0xdac1, 0xdb01, 0xdb41, 0xdb81, 0xdbc1,
0xdc01, 0xdc41, 0xdc81, 0xdcc1, 0xdd01, 0xdd41, 0xdd81, 0xddc1,
0xde01, 0xde41, 0xde81, 0xdec1, 0xdf01, 0xdf41, 0xdf81, 0xdfc1,
0xe001, 0xe040, 0xe080, 0xe0c0, 0xe100, 0xe140, 0xe180, 0xe1c0,
0xe200, 0xe240, 0xe280, 0xe2c0, 0xe300, 0xe340, 0xe380, 0xe3c0,
0xe400, 0xe440, 0xe480, 0xe4c0, 0xe500, 0xe540, 0xe580, 0xe5c0,
0xe600, 0xe640, 0xe680, 0xe6c0, 0xe700, 0xe740, 0xe780, 0xe7c0,
0xe800, 0xe840, 0xe880, 0xe8c0, 0xe900, 0xe940, 0xe980, 0xe9c0,
0xea00, 0xea40, 0xea80, 0xeac0, 0xeb00, 0xeb40, 0xeb80, 0xebc0,
0xec00, 0xec40, 0xec80, 0xecc0, 0xed00, 0xed40, 0xed80, 0xedc0,
0xee00, 0xee40, 0xee80, 0xeec0, 0xef00, 0xef40, 0xef80, 0xefc0,
0xf000, 0xf040, 0xf080, 0xf0c0, 0xf100, 0xf140, 0xf180, 0xf1c0,
0xf200, 0xf240, 0xf280, 0xf2c0, 0xf300, 0xf340, 0xf380, 0xf3c0,
0xf400, 0xf440, 0xf480, 0xf4c0, 0xf500, 0xf540, 0xf580, 0xf5c0,
0xf600, 0xf640, 0xf680, 0xf6c0, 0xf700, 0xf740, 0xf780, 0xf7c0,
0xf800, 0xf840, 0xf880, 0xf8c0, 0xf900, 0xf940, 0xf980, 0xf9c0,
0xfa00, 0xfa40, 0xfa80, 0xfac0, 0xfb00, 0xfb40, 0xfb80, 0xfbc0,
0xfc00, 0xfc40, 0xfc80, 0xfcc0, 0xfd00, 0xfd40, 0xfd80, 0xfdc0,
0xfe00, 0xfe40, 0xfe80, 0xfec0, 0xff00, 0xff40, 0xff80, 0xffc0,
// triangle LP2 (offset 2944, count 512)
0x0000, 0x0080, 0x0100, 0x0180, 0x0200, 0x0280, 0x0300, 0x0380,
0x0400, 0x0480, 0x0500, 0x0580, 0x0600, 0x0680, 0x0700, 0x0780,
0x0800, 0x0880, 0x0900, 0x0980, 0x0a00, 0x0a80, 0x0b00, 0x0b80,
0x0c00, 0x0c80, 0x0d00, 0x0d80, 0x0e00, 0x0e80, 0x0f00, 0x0f80,
0x1000, 0x1080, 0x1100, 0x1180, 0x1200, 0x1280, 0x1300, 0x1380,
0x1400, 0x1480, 0x1500, 0x1580, 0x1600, 0x1680, 0x1700, 0x1780,
0x1800, 0x1880, 0x1900, 0x1980, 0x1a00, 0x1a80, 0x1b00, 0x1b80,
0x1c00, 0x1c80, 0x1d00, 0x1d80, 0x1e00, 0x1e80, 0x1f00, 0x1f80,
0x1fff, 0x207f, 0x20ff, 0x217f, 0x21ff, 0x227f, 0x22ff, 0x237f,
0x23ff, 0x247f, 0x24ff, 0x257f, 0x25ff, 0x267f, 0x26ff, 0x277f,
0x27ff, 0x287f, 0x28ff, 0x297f, 0x29ff, 0x2a7f, 0x2aff, 0x2b7f,
0x2bff, 0x2c7f, 0x2cff, 0x2d7f, 0x2dff, 0x2e7f, 0x2eff, 0x2f7f,
0x2fff, 0x307f, 0x30ff, 0x317f, 0x31ff, 0x327f, 0x32ff, 0x337f,
0x33ff, 0x347f, 0x34ff, 0x357f, 0x35ff, 0x367f, 0x36ff, 0x377f,
0x37ff, 0x387f, 0x38ff, 0x397f, 0x39ff, 0x3a7f, 0x3aff, 0x3b7f,
0x3bff, 0x3c7f, 0x3cff, 0x3d7f, 0x3dff, 0x3e80, 0x3efe, 0x3f82,
0x3fe5, 0x3f82, 0x3efe, 0x3e80, 0x3dff, 0x3d7f, 0x3cff, 0x3c7f,
0x3bff, 0x3b7f, 0x3aff, 0x3a7f, 0x39ff, 0x397f, 0x38ff, 0x387f,
0x37ff, 0x377f, 0x36ff, 0x367f, 0x35ff, 0x357f, 0x34ff, 0x347f,
0x33ff, 0x337f, 0x32ff, 0x327f, 0x31ff, 0x317f, 0x30ff, 0x307f,
0x2fff, 0x2f7f, 0x2eff, 0x2e7f, 0x2dff, 0x2d7f, 0x2cff, 0x2c7f,
0x2bff, 0x2b7f, 0x2aff, 0x2a7f, 0x29ff, 0x297f, 0x28ff, 0x287f,
0x27ff, 0x277f, 0x26ff, 0x267f, 0x25ff, 0x257f, 0x24ff, 0x247f,
0x23ff, 0x237f, 0x22ff, 0x227f, 0x21ff, 0x217f, 0x20ff, 0x207f,
0x1fff, 0x1f80, 0x1f00, 0x1e80, 0x1e00, 0x1d80, 0x1d00, 0x1c80,
0x1c00, 0x1b80, 0x1b00, 0x1a80, 0x1a00, 0x1980, 0x1900, 0x1880,
0x1800, 0x1780, 0x1700, 0x1680, 0x1600, 0x1580, 0x1500, 0x1480,
0x1400, 0x1380, 0x1300, 0x1280, 0x1200, 0x1180, 0x1100, 0x1080,
0x1000, 0x0f80, 0x0f00, 0x0e80, 0x0e00, 0x0d80, 0x0d00, 0x0c80,
0x0c00, 0x0b80, 0x0b00, 0x0a80, 0x0a00, 0x0980, 0x0900, 0x0880,
0x0800, 0x0780, 0x0700, 0x0680, 0x0600, 0x0580, 0x0500, 0x0480,
0x0400, 0x0380, 0x0300, 0x0280, 0x0200, 0x0180, 0x0100, 0x0080,
0x0000, 0xff80, 0xff00, 0xfe80, 0xfe00, 0xfd80, 0xfd00, 0xfc80,
0xfc00, 0xfb80, 0xfb00, 0xfa80, 0xfa00, 0xf980, 0xf900, 0xf880,
0xf800, 0xf780, 0xf700, 0xf680, 0xf600, 0xf580, 0xf500, 0xf480,
0xf400, 0xf380, 0xf300, 0xf280, 0xf200, 0xf180, 0xf100, 0xf080,
0xf000, 0xef80, 0xef00, 0xee80, 0xee00, 0xed80, 0xed00, 0xec80,
0xec00, 0xeb80, 0xeb00, 0xea80, 0xea00, 0xe980, 0xe900, 0xe880,
0xe800, 0xe780, 0xe700, 0xe680, 0xe600, 0xe580, 0xe500, 0xe480,
0xe400, 0xe380, 0xe300, 0xe280, 0xe200, 0xe180, 0xe100, 0xe080,
0xe001, 0xdf81, 0xdf01, 0xde81, 0xde01, 0xdd81, 0xdd01, 0xdc81,
0xdc01, 0xdb81, 0xdb01, 0xda81, 0xda01, 0xd981, 0xd901, 0xd881,
0xd801, 0xd781, 0xd701, 0xd681, 0xd601, 0xd581, 0xd501, 0xd481,
0xd401, 0xd381, 0xd301, 0xd281, 0xd201, 0xd181, 0xd101, 0xd081,
0xd001, 0xcf81, 0xcf01, 0xce81, 0xce01, 0xcd81, 0xcd01, 0xcc81,
0xcc01, 0xcb81, 0xcb01, 0xca81, 0xca01, 0xc981, 0xc901, 0xc881,
0xc801, 0xc781, 0xc701, 0xc681, 0xc601, 0xc581, 0xc501, 0xc481,
0xc401, 0xc381, 0xc301, 0xc281, 0xc201, 0xc180, 0xc102, 0xc07e,
0xc01b, 0xc07e, 0xc102, 0xc180, 0xc201, 0xc281, 0xc301, 0xc381,
0xc401, 0xc481, 0xc501, 0xc581, 0xc601, 0xc681, 0xc701, 0xc781,
0xc801, 0xc881, 0xc901, 0xc981, 0xca01, 0xca81, 0xcb01, 0xcb81,
0xcc01, 0xcc81, 0xcd01, 0xcd81, 0xce01, 0xce81, 0xcf01, 0xcf81,
0xd001, 0xd081, 0xd101, 0xd181, 0xd201, 0xd281, 0xd301, 0xd381,
0xd401, 0xd481, 0xd501, 0xd581, 0xd601, 0xd681, 0xd701, 0xd781,
0xd801, 0xd881, 0xd901, 0xd981, 0xda01, 0xda81, 0xdb01, 0xdb81,
0xdc01, 0xdc81, 0xdd01, 0xdd81, 0xde01, 0xde81, 0xdf01, 0xdf81,
0xe001, 0xe080, 0xe100, 0xe180, 0xe200, 0xe280, 0xe300, 0xe380,
0xe400, 0xe480, 0xe500, 0xe580, 0xe600, 0xe680, 0xe700, 0xe780,
0xe800, 0xe880, 0xe900, 0xe980, 0xea00, 0xea80, 0xeb00, 0xeb80,
0xec00, 0xec80, 0xed00, 0xed80, 0xee00, 0xee80, 0xef00, 0xef80,
0xf000, 0xf080, 0xf100, 0xf180, 0xf200, 0xf280, 0xf300, 0xf380,
0xf400, 0xf480, 0xf500, 0xf580, 0xf600, 0xf680, 0xf700, 0xf780,
0xf800, 0xf880, 0xf900, 0xf980, 0xfa00, 0xfa80, 0xfb00, 0xfb80,
0xfc00, 0xfc80, 0xfd00, 0xfd80, 0xfe00, 0xfe80, 0xff00, 0xff80,
// triangle LP3 (offset 3456, count 256)
0x0000, 0x0100, 0x0200, 0x0300, 0x0400, 0x0500, 0x0600, 0x0700,
0x0800, 0x0900, 0x0a00, 0x0b00, 0x0c00, 0x0d00, 0x0e00, 0x0f00,
0x1000, 0x1100, 0x1200, 0x1300, 0x1400, 0x1500, 0x1600, 0x1700,
0x1800, 0x1900, 0x1a00, 0x1b00, 0x1c00, 0x1d00, 0x1e00, 0x1f00,
0x1fff, 0x20ff, 0x21ff, 0x22ff, 0x23ff, 0x24ff, 0x25ff, 0x26ff,
0x27ff, 0x28ff, 0x29ff, 0x2aff, 0x2bff, 0x2cff, 0x2dff, 0x2eff,
0x2fff, 0x30ff, 0x31ff, 0x32ff, 0x33ff, 0x34ff, 0x35ff, 0x36ff,
0x37ff, 0x38ff, 0x39ff, 0x3aff, 0x3bfe, 0x3d00, 0x3dfd, 0x3f05,
0x3fcb, 0x3f05, 0x3dfd, 0x3d00, 0x3bfe, 0x3aff, 0x39ff, 0x38ff,
0x37ff, 0x36ff, 0x35ff, 0x34ff, 0x33ff, 0x32ff, 0x31ff, 0x30ff,
0x2fff, 0x2eff, 0x2dff, 0x2cff, 0x2bff, 0x2aff, 0x29ff, 0x28ff,
0x27ff, 0x26ff, 0x25ff, 0x24ff, 0x23ff, 0x22ff, 0x21ff, 0x20ff,
0x1fff, 0x1f00, 0x1e00, 0x1d00, 0x1c00, 0x1b00, 0x1a00, 0x1900,
0x1800, 0x1700, 0x1600, 0x1500, 0x1400, 0x1300, 0x1200, 0x1100,
0x1000, 0x0f00, 0x0e00, 0x0d00, 0x0c00, 0x0b00, 0x0a00, 0x0900,
0x0800, 0x0700, 0x0600, 0x0500, 0x0400, 0x0300, 0x0200, 0x0100,
0x0000, 0xff00, 0xfe00, 0xfd00, 0xfc00, 0xfb00, 0xfa00, 0xf900,
0xf800, 0xf700, 0xf600, 0xf500, 0xf400, 0xf300, 0xf200, 0xf100,
0xf000, 0xef00, 0xee00, 0xed00, 0xec00, 0xeb00, 0xea00, 0xe900,
0xe800, 0xe700, 0xe600, 0xe500, 0xe400, 0xe300, 0xe200, 0xe100,
0xe001, 0xdf01, 0xde01, 0xdd01, 0xdc01, 0xdb01, 0xda01, 0xd901,
0xd801, 0xd701, 0xd601, 0xd501, 0xd401, 0xd301, 0xd201, 0xd101,
0xd001, 0xcf01, 0xce01, 0xcd01, 0xcc01, 0xcb01, 0xca01, 0xc901,
0xc801, 0xc701, 0xc601, 0xc501, 0xc402, 0xc300, 0xc203, 0xc0fb,
0xc035, 0xc0fb, 0xc203, 0xc300, 0xc402, 0xc501, 0xc601, 0xc701,
0xc801, 0xc901, 0xca01, 0xcb01, 0xcc01, 0xcd01, 0xce01, 0xcf01,
0xd001, 0xd101, 0xd201, 0xd301, 0xd401, 0xd501, 0xd601, 0xd701,
0xd801, 0xd901, 0xda01, 0xdb01, 0xdc01, 0xdd01, 0xde01, 0xdf01,
0xe001, 0xe100, 0xe200, 0xe300, 0xe400, 0xe500, 0xe600, 0xe700,
0xe800, 0xe900, 0xea00, 0xeb00, 0xec00, 0xed00, 0xee00, 0xef00,
0xf000, 0xf100, 0xf200, 0xf300, 0xf400, 0xf500, 0xf600, 0xf700,
0xf800, 0xf900, 0xfa00, 0xfb00, 0xfc00, 0xfd00, 0xfe00, 0xff00,
// triangle LP4 (offset 3712, count 128)
0x0000, 0x0200, 0x0400, 0x0600, 0x0800, 0x0a00, 0x0c00, 0x0e00,
0x1000, 0x1200, 0x1400, 0x1600, 0x1800, 0x1a00, 0x1c00, 0x1e00,
0x1fff, 0x2200, 0x23ff, 0x2600, 0x27ff, 0x2a00, 0x2bff, 0x2e00,
0x2fff, 0x3200, 0x33ff, 0x3600, 0x37fe, 0x3a01, 0x3bfb, 0x3e0b,
0x3f97, 0x3e0b, 0x3bfb, 0x3a01, 0x37fe, 0x3600, 0x33ff, 0x3200,
0x2fff, 0x2e00, 0x2bff, 0x2a00, 0x27ff, 0x2600, 0x23ff, 0x2200,
0x1fff, 0x1e00, 0x1c00, 0x1a00, 0x1800, 0x1600, 0x1400, 0x1200,
0x1000, 0x0e00, 0x0c00, 0x0a00, 0x0800, 0x0600, 0x0400, 0x0200,
0x0000, 0xfe00, 0xfc00, 0xfa00, 0xf800, 0xf600, 0xf400, 0xf200,
0xf000, 0xee00, 0xec00, 0xea00, 0xe800, 0xe600, 0xe400, 0xe200,
0xe001, 0xde00, 0xdc01, 0xda00, 0xd801, 0xd600, 0xd401, 0xd200,
0xd001, 0xce00, 0xcc01, 0xca00, 0xc802, 0xc5ff, 0xc405, 0xc1f5,
0xc069, 0xc1f5, 0xc405, 0xc5ff, 0xc802, 0xca00, 0xcc01, 0xce00,
0xd001, 0xd200, 0xd401, 0xd600, 0xd801, 0xda00, 0xdc01, 0xde00,
0xe001, 0xe200, 0xe400, 0xe600, 0xe800, 0xea00, 0xec00, 0xee00,
0xf000, 0xf200, 0xf400, 0xf600, 0xf800, 0xfa00, 0xfc00, 0xfe00,
// triangle LP5 (offset 3840, count 128)
0x0000, 0x01f9, 0x0400, 0x0606, 0x0800, 0x09f9, 0x0c00, 0x0e07,
0x1000, 0x11f9, 0x1400, 0x1607, 0x17ff, 0x19f8, 0x1c00, 0x1e08,
0x1fff, 0x21f6, 0x2400, 0x260a, 0x27fe, 0x29f3, 0x2c01, 0x2e0e,
0x2ffd, 0x31ed, 0x3403, 0x3618, 0x37f7, 0x39da, 0x3c17, 0x3e40,
0x3f30, 0x3e40, 0x3c17, 0x39da, 0x37f7, 0x3618, 0x3403, 0x31ed,
0x2ffd, 0x2e0e, 0x2c01, 0x29f3, 0x27fe, 0x260a, 0x2400, 0x21f6,
0x1fff, 0x1e08, 0x1c00, 0x19f8, 0x17ff, 0x1607, 0x1400, 0x11f9,
0x1000, 0x0e07, 0x0c00, 0x09f9, 0x0800, 0x0606, 0x0400, 0x01f9,
0x0000, 0xfe07, 0xfc00, 0xf9fa, 0xf800, 0xf607, 0xf400, 0xf1f9,
0xf000, 0xee07, 0xec00, 0xe9f9, 0xe801, 0xe608, 0xe400, 0xe1f8,
0xe001, 0xde0a, 0xdc00, 0xd9f6, 0xd802, 0xd60d, 0xd3ff, 0xd1f2,
0xd003, 0xce13, 0xcbfd, 0xc9e8, 0xc809, 0xc626, 0xc3e9, 0xc1c0,
0xc0d0, 0xc1c0, 0xc3e9, 0xc626, 0xc809, 0xc9e8, 0xcbfd, 0xce13,
0xd003, 0xd1f2, 0xd3ff, 0xd60d, 0xd802, 0xd9f6, 0xdc00, 0xde0a,
0xe001, 0xe1f8, 0xe400, 0xe608, 0xe801, 0xe9f9, 0xec00, 0xee07,
0xf000, 0xf1f9, 0xf400, 0xf607, 0xf800, 0xf9fa, 0xfc00, 0xfe07,
// triangle LP6 (offset 3968, count 128)
0x0000, 0x01ee, 0x03e6, 0x05ee, 0x0801, 0x0a13, 0x0c1b, 0x0e12,
0x0ffe, 0x11eb, 0x13e3, 0x15ec, 0x1802, 0x1a18, 0x1c20, 0x1e15,
0x1ffb, 0x21e2, 0x23d8, 0x25e7, 0x2807, 0x2a27, 0x2c32, 0x2e1d,
0x2fef, 0x31c1, 0x33b4, 0x35dc, 0x382f, 0x3a7f, 0x3c82, 0x3de3,
0x3e61, 0x3de3, 0x3c82, 0x3a7f, 0x382f, 0x35dc, 0x33b4, 0x31c1,
0x2fef, 0x2e1d, 0x2c32, 0x2a27, 0x2807, 0x25e7, 0x23d8, 0x21e2,
0x1ffb, 0x1e15, 0x1c20, 0x1a18, 0x1802, 0x15ec, 0x13e3, 0x11eb,
0x0ffe, 0x0e12, 0x0c1b, 0x0a13, 0x0801, 0x05ee, 0x03e6, 0x01ee,
0x0000, 0xfe12, 0xfc1a, 0xfa12, 0xf7ff, 0xf5ed, 0xf3e5, 0xf1ee,
0xf002, 0xee15, 0xec1d, 0xea14, 0xe7fe, 0xe5e8, 0xe3e0, 0xe1eb,
0xe005, 0xde1e, 0xdc28, 0xda19, 0xd7f9, 0xd5d9, 0xd3ce, 0xd1e3,
0xd011, 0xce3f, 0xcc4c, 0xca24, 0xc7d1, 0xc581, 0xc37e, 0xc21d,
0xc19f, 0xc21d, 0xc37e, 0xc581, 0xc7d1, 0xca24, 0xcc4c, 0xce3f,
0xd011, 0xd1e3, 0xd3ce, 0xd5d9, 0xd7f9, 0xda19, 0xdc28, 0xde1e,
0xe005, 0xe1eb, 0xe3e0, 0xe5e8, 0xe7fe, 0xea14, 0xec1d, 0xee15,
0xf002, 0xf1ee, 0xf3e5, 0xf5ed, 0xf7ff, 0xfa12, 0xfc1a, 0xfe12,
// triangle LP7 (offset 4096, count 128)
0x0000, 0x01d9, 0x03b8, 0x05a2, 0x079b, 0x09a4, 0x0bbc, 0x0de0,
0x100a, 0x1234, 0x1457, 0x166e, 0x1874, 0x1a66, 0x1c47, 0x1e19,
0x1fe3, 0x21ad, 0x2380, 0x2565, 0x2762, 0x297c, 0x2bb2, 0x2e00,
0x305c, 0x32b7, 0x3500, 0x3722, 0x3907, 0x3a9b, 0x3bca, 0x3c86,
0x3cc5, 0x3c86, 0x3bca, 0x3a9b, 0x3907, 0x3722, 0x3500, 0x32b7,
0x305c, 0x2e00, 0x2bb2, 0x297c, 0x2762, 0x2565, 0x2380, 0x21ad,
0x1fe3, 0x1e19, 0x1c47, 0x1a66, 0x1874, 0x166e, 0x1457, 0x1234,
0x100a, 0x0de0, 0x0bbc, 0x09a4, 0x079b, 0x05a2, 0x03b8, 0x01d9,
0x0000, 0xfe27, 0xfc48, 0xfa5e, 0xf865, 0xf65c, 0xf444, 0xf220,
0xeff6, 0xedcc, 0xeba9, 0xe992, 0xe78c, 0xe59a, 0xe3b9, 0xe1e7,
0xe01d, 0xde53, 0xdc80, 0xda9b, 0xd89e, 0xd684, 0xd44e, 0xd200,
0xcfa4, 0xcd49, 0xcb00, 0xc8de, 0xc6f9, 0xc565, 0xc436, 0xc37a,
0xc33b, 0xc37a, 0xc436, 0xc565, 0xc6f9, 0xc8de, 0xcb00, 0xcd49,
0xcfa4, 0xd200, 0xd44e, 0xd684, 0xd89e, 0xda9b, 0xdc80, 0xde53,
0xe01d, 0xe1e7, 0xe3b9, 0xe59a, 0xe78c, 0xe992, 0xeba9, 0xedcc,
0xeff6, 0xf220, 0xf444, 0xf65c, 0xf865, 0xfa5e, 0xfc48, 0xfe27,
// triangle LP8 (offset 4224, count 128)
0x0000, 0x01b3, 0x0369, 0x0526, 0x06eb, 0x08bc, 0x0a9a, 0x0c88,
0x0e87, 0x1096, 0x12b8, 0x14e9, 0x172b, 0x1979, 0x1bd3, 0x1e35,
0x209b, 0x2301, 0x2562, 0x27b9, 0x2a02, 0x2c36, 0x2e50, 0x304b,
0x3221, 0x33ce, 0x354c, 0x3697, 0x37ab, 0x3886, 0x3924, 0x3983,
0x39a3, 0x3983, 0x3924, 0x3886, 0x37ab, 0x3697, 0x354c, 0x33ce,
0x3221, 0x304b, 0x2e50, 0x2c36, 0x2a02, 0x27b9, 0x2562, 0x2301,
0x209b, 0x1e35, 0x1bd3, 0x1979, 0x172b, 0x14e9, 0x12b8, 0x1096,
0x0e87, 0x0c88, 0x0a9a, 0x08bc, 0x06eb, 0x0526, 0x0369, 0x01b3,
0x0000, 0xfe4d, 0xfc97, 0xfada, 0xf915, 0xf744, 0xf566, 0xf378,
0xf179, 0xef6a, 0xed48, 0xeb17, 0xe8d5, 0xe687, 0xe42d, 0xe1cb,
0xdf65, 0xdcff, 0xda9e, 0xd847, 0xd5fe, 0xd3ca, 0xd1b0, 0xcfb5,
0xcddf, 0xcc32, 0xcab4, 0xc969, 0xc855, 0xc77a, 0xc6dc, 0xc67d,
0xc65d, 0xc67d, 0xc6dc, 0xc77a, 0xc855, 0xc969, 0xcab4, 0xcc32,
0xcddf, 0xcfb5, 0xd1b0, 0xd3ca, 0xd5fe, 0xd847, 0xda9e, 0xdcff,
0xdf65, 0xe1cb, 0xe42d, 0xe687, 0xe8d5, 0xeb17, 0xed48, 0xef6a,
0xf179, 0xf378, 0xf566, 0xf744, 0xf915, 0xfada, 0xfc97, 0xfe4d,
// triangle LP9 (offset 4352, count 128)
0x0000, 0x028c, 0x0516, 0x079d, 0x0a1f, 0x0c9b, 0x0f0f, 0x117a,
0x13da, 0x162e, 0x1874, 0x1aab, 0x1cd2, 0x1ee7, 0x20e8, 0x22d6,
0x24ae, 0x2670, 0x2819, 0x29aa, 0x2b22, 0x2c7e, 0x2dc0, 0x2ee5,
0x2fed, 0x30d7, 0x31a4, 0x3252, 0x32e0, 0x3350, 0x33a0, 0x33d0,
0x33e0, 0x33d0, 0x33a0, 0x3350, 0x32e0, 0x3252, 0x31a4, 0x30d7,
0x2fed, 0x2ee5, 0x2dc0, 0x2c7e, 0x2b22, 0x29aa, 0x2819, 0x2670,
0x24ae, 0x22d6, 0x20e8, 0x1ee7, 0x1cd2, 0x1aab, 0x1874, 0x162e,
0x13da, 0x117a, 0x0f0f, 0x0c9b, 0x0a1f, 0x079d, 0x0516, 0x028c,
0x0000, 0xfd74, 0xfaea, 0xf863, 0xf5e1, 0xf365, 0xf0f1, 0xee86,
0xec26, 0xe9d2, 0xe78c, 0xe555, 0xe32e, 0xe119, 0xdf18, 0xdd2a,
0xdb52, 0xd990, 0xd7e7, 0xd656, 0xd4de, 0xd382, 0xd240, 0xd11b,
0xd013, 0xcf29, 0xce5c, 0xcdae, 0xcd20, 0xccb0, 0xcc60, 0xcc30,
0xcc20, 0xcc30, 0xcc60, 0xccb0, 0xcd20, 0xcdae, 0xce5c, 0xcf29,
0xd013, 0xd11b, 0xd240, 0xd382, 0xd4de, 0xd656, 0xd7e7, 0xd990,
0xdb52, 0xdd2a, 0xdf18, 0xe119, 0xe32e, 0xe555, 0xe78c, 0xe9d2,
0xec26, 0xee86, 0xf0f1, 0xf365, 0xf5e1, 0xf863, 0xfaea, 0xfd74,
// saw LP1 (offset 4480, count 1024)
0x0000, 0x0020, 0x0040, 0x0060, 0x0080, 0x00a0, 0x00c0, 0x00e0,
0x0100, 0x0120, 0x0140, 0x0160, 0x0180, 0x01a0, 0x01c0, 0x01e0,
0x01ff, 0x0220, 0x023f, 0x0261, 0x027f, 0x02a1, 0x02bf, 0x02e1,
0x02ff, 0x0321, 0x033f, 0x0361, 0x037f, 0x03a1, 0x03bf, 0x03e1,
0x03ff, 0x0421, 0x043f, 0x0461, 0x047f, 0x04a1, 0x04bf, 0x04e1,
0x04ff, 0x0521, 0x053f, 0x0561, 0x057f, 0x05a1, 0x05be, 0x05e1,
0x05fe, 0x0621, 0x063e, 0x0662, 0x067e, 0x06a2, 0x06be, 0x06e2,
0x06fe, 0x0722, 0x073e, 0x0762, 0x077e, 0x07a2, 0x07be, 0x07e2,
0x07fe, 0x0822, 0x083e, 0x0862, 0x087e, 0x08a2, 0x08be, 0x08e2,
0x08fe, 0x0922, 0x093e, 0x0962, 0x097d, 0x09a2, 0x09bd, 0x09e2,
0x09fd, 0x0a22, 0x0a3d, 0x0a62, 0x0a7d, 0x0aa3, 0x0abd, 0x0ae3,
0x0afd, 0x0b23, 0x0b3d, 0x0b63, 0x0b7d, 0x0ba3, 0x0bbd, 0x0be3,
0x0bfd, 0x0c23, 0x0c3d, 0x0c63, 0x0c7d, 0x0ca3, 0x0cbd, 0x0ce3,
0x0cfc, 0x0d23, 0x0d3c, 0x0d63, 0x0d7c, 0x0da3, 0x0dbc, 0x0de3,
0x0dfc, 0x0e23, 0x0e3c, 0x0e64, 0x0e7c, 0x0ea4, 0x0ebc, 0x0ee4,
0x0efc, 0x0f24, 0x0f3c, 0x0f64, 0x0f7c, 0x0fa4, 0x0fbc, 0x0fe4,
0x0ffc, 0x1024, 0x103b, 0x1064, 0x107b, 0x10a4, 0x10bb, 0x10e4,
0x10fb, 0x1124, 0x113b, 0x1164, 0x117b, 0x11a4, 0x11bb, 0x11e4,
0x11fb, 0x1225, 0x123b, 0x1265, 0x127b, 0x12a5, 0x12bb, 0x12e5,
0x12fb, 0x1325, 0x133a, 0x1365, 0x137a, 0x13a5, 0x13ba, 0x13e5,
0x13fa, 0x1425, 0x143a, 0x1465, 0x147a, 0x14a5, 0x14ba, 0x14e5,
0x14fa, 0x1525, 0x153a, 0x1566, 0x157a, 0x15a6, 0x15ba, 0x15e6,
0x15fa, 0x1626, 0x1639, 0x1666, 0x1679, 0x16a6, 0x16b9, 0x16e6,
0x16f9, 0x1726, 0x1739, 0x1766, 0x1779, 0x17a6, 0x17b9, 0x17e6,
0x17f9, 0x1826, 0x1839, 0x1867, 0x1879, 0x18a7, 0x18b9, 0x18e7,
0x18f8, 0x1927, 0x1938, 0x1967, 0x1978, 0x19a7, 0x19b8, 0x19e7,
0x19f8, 0x1a27, 0x1a38, 0x1a67, 0x1a78, 0x1aa7, 0x1ab8, 0x1ae7,
0x1af8, 0x1b28, 0x1b38, 0x1b68, 0x1b77, 0x1ba8, 0x1bb7, 0x1be8,
0x1bf7, 0x1c28, 0x1c37, 0x1c68, 0x1c77, 0x1ca8, 0x1cb7, 0x1ce8,
0x1cf7, 0x1d28, 0x1d37, 0x1d68, 0x1d77, 0x1da9, 0x1db6, 0x1de9,
0x1df6, 0x1e29, 0x1e36, 0x1e69, 0x1e76, 0x1ea9, 0x1eb6, 0x1ee9,
0x1ef6, 0x1f29, 0x1f36, 0x1f69, 0x1f76, 0x1faa, 0x1fb5, 0x1fea,
0x1ff5, 0x202a, 0x2035, 0x206a, 0x2075, 0x20aa, 0x20b5, 0x20ea,
0x20f5, 0x212a, 0x2135, 0x216a, 0x2175, 0x21ab, 0x21b4, 0x21eb,
0x21f4, 0x222b, 0x2234, 0x226b, 0x2274, 0x22ab, 0x22b4, 0x22eb,
0x22f4, 0x232b, 0x2333, 0x236b, 0x2373, 0x23ac, 0x23b3, 0x23ec,
0x23f3, 0x242c, 0x2433, 0x246c, 0x2473, 0x24ac, 0x24b3, 0x24ec,
0x24f2, 0x252d, 0x2532, 0x256d, 0x2572, 0x25ad, 0x25b2, 0x25ed,
0x25f2, 0x262d, 0x2631, 0x266d, 0x2671, 0x26ae, 0x26b1, 0x26ee,
0x26f1, 0x272e, 0x2731, 0x276e, 0x2771, 0x27ae, 0x27b0, 0x27ef,
0x27f0, 0x282f, 0x2830, 0x286f, 0x2870, 0x28af, 0x28af, 0x28ef,
0x28ef, 0x2930, 0x292f, 0x2970, 0x296f, 0x29b0, 0x29af, 0x29f0,
0x29ee, 0x2a30, 0x2a2e, 0x2a71, 0x2a6e, 0x2ab1, 0x2aae, 0x2af1,
0x2aed, 0x2b31, 0x2b2d, 0x2b72, 0x2b6d, 0x2bb2, 0x2bad, 0x2bf2,
0x2bec, 0x2c33, 0x2c2c, 0x2c73, 0x2c6c, 0x2cb3, 0x2cab, 0x2cf3,
0x2ceb, 0x2d34, 0x2d2b, 0x2d74, 0x2d6a, 0x2db4, 0x2daa, 0x2df5,
0x2dea, 0x2e35, 0x2e29, 0x2e75, 0x2e69, 0x2eb6, 0x2ea9, 0x2ef6,
0x2ee8, 0x2f36, 0x2f28, 0x2f77, 0x2f67, 0x2fb7, 0x2fa7, 0x2ff8,
0x2fe7, 0x3038, 0x3026, 0x3078, 0x3066, 0x30b9, 0x30a5, 0x30f9,
0x30e5, 0x313a, 0x3124, 0x317a, 0x3164, 0x31bb, 0x31a3, 0x31fb,
0x31e3, 0x323c, 0x3222, 0x327d, 0x3262, 0x32bd, 0x32a1, 0x32fe,
0x32e0, 0x333e, 0x3320, 0x337f, 0x335f, 0x33c0, 0x339e, 0x3400,
0x33de, 0x3441, 0x341d, 0x3482, 0x345c, 0x34c3, 0x349b, 0x3504,
0x34da, 0x3544, 0x3519, 0x3585, 0x3559, 0x35c6, 0x3598, 0x3607,
0x35d6, 0x3648, 0x3615, 0x3689, 0x3654, 0x36cb, 0x3693, 0x370c,
0x36d2, 0x374d, 0x3710, 0x378f, 0x374f, 0x37d0, 0x378e, 0x3812,
0x37cc, 0x3853, 0x380a, 0x3895, 0x3848, 0x38d7, 0x3886, 0x3919,
0x38c4, 0x395b, 0x3902, 0x399d, 0x3940, 0x39e0, 0x397d, 0x3a22,
0x39ba, 0x3a65, 0x39f7, 0x3aa8, 0x3a34, 0x3aec, 0x3a70, 0x3b30,
0x3aad, 0x3b74, 0x3ae8, 0x3bb8, 0x3b23, 0x3bfe, 0x3b5e, 0x3c43,
0x3b98, 0x3c8a, 0x3bd1, 0x3cd1, 0x3c09, 0x3d1a, 0x3c40, 0x3d64,
0x3c75, 0x3daf, 0x3ca8, 0x3dfd, 0x3cd9, 0x3e4d, 0x3d07, 0x3ea2,
0x3d30, 0x3efc, 0x3d52, 0x3f5e, 0x3d6b, 0x3fcc, 0x3d74, 0x404f,
0x3d61, 0x40f7, 0x3d19, 0x41f2, 0x3c4b, 0x43db, 0x3987, 0x4b53,
0x0000, 0xb4ad, 0xc679, 0xbc25, 0xc3b5, 0xbe0e, 0xc2e7, 0xbf09,
0xc29f, 0xbfb1, 0xc28c, 0xc034, 0xc295, 0xc0a2, 0xc2ae, 0xc104,
0xc2d0, 0xc15e, 0xc2f9, 0xc1b3, 0xc327, 0xc203, 0xc358, 0xc251,
0xc38b, 0xc29c, 0xc3c0, 0xc2e6, 0xc3f7, 0xc32f, 0xc42f, 0xc376,
0xc468, 0xc3bd, 0xc4a2, 0xc402, 0xc4dd, 0xc448, 0xc518, 0xc48c,
0xc553, 0xc4d0, 0xc590, 0xc514, 0xc5cc, 0xc558, 0xc609, 0xc59b,
0xc646, 0xc5de, 0xc683, 0xc620, 0xc6c0, 0xc663, 0xc6fe, 0xc6a5,
0xc73c, 0xc6e7, 0xc77a, 0xc729, 0xc7b8, 0xc76b, 0xc7f6, 0xc7ad,
0xc834, 0xc7ee, 0xc872, 0xc830, 0xc8b1, 0xc871, 0xc8f0, 0xc8b3,
0xc92e, 0xc8f4, 0xc96d, 0xc935, 0xc9ac, 0xc977, 0xc9eb, 0xc9b8,
0xca2a, 0xc9f9, 0xca68, 0xca3a, 0xcaa7, 0xca7b, 0xcae7, 0xcabc,
0xcb26, 0xcafc, 0xcb65, 0xcb3d, 0xcba4, 0xcb7e, 0xcbe3, 0xcbbf,
0xcc22, 0xcc00, 0xcc62, 0xcc40, 0xcca1, 0xcc81, 0xcce0, 0xccc2,
0xcd20, 0xcd02, 0xcd5f, 0xcd43, 0xcd9e, 0xcd83, 0xcdde, 0xcdc4,
0xce1d, 0xce05, 0xce5d, 0xce45, 0xce9c, 0xce86, 0xcedc, 0xcec6,
0xcf1b, 0xcf07, 0xcf5b, 0xcf47, 0xcf9a, 0xcf88, 0xcfda, 0xcfc8,
0xd019, 0xd008, 0xd059, 0xd049, 0xd099, 0xd089, 0xd0d8, 0xd0ca,
0xd118, 0xd10a, 0xd157, 0xd14a, 0xd197, 0xd18b, 0xd1d7, 0xd1cb,
0xd216, 0xd20b, 0xd256, 0xd24c, 0xd296, 0xd28c, 0xd2d5, 0xd2cc,
0xd315, 0xd30d, 0xd355, 0xd34d, 0xd394, 0xd38d, 0xd3d4, 0xd3cd,
0xd414, 0xd40e, 0xd453, 0xd44e, 0xd493, 0xd48e, 0xd4d3, 0xd4cf,
0xd513, 0xd50f, 0xd552, 0xd54f, 0xd592, 0xd58f, 0xd5d2, 0xd5d0,
0xd612, 0xd610, 0xd651, 0xd650, 0xd691, 0xd690, 0xd6d1, 0xd6d0,
0xd711, 0xd711, 0xd751, 0xd751, 0xd790, 0xd791, 0xd7d0, 0xd7d1,
0xd810, 0xd811, 0xd850, 0xd852, 0xd88f, 0xd892, 0xd8cf, 0xd8d2,
0xd90f, 0xd912, 0xd94f, 0xd952, 0xd98f, 0xd993, 0xd9cf, 0xd9d3,
0xda0e, 0xda13, 0xda4e, 0xda53, 0xda8e, 0xda93, 0xdace, 0xdad3,
0xdb0e, 0xdb14, 0xdb4d, 0xdb54, 0xdb8d, 0xdb94, 0xdbcd, 0xdbd4,
0xdc0d, 0xdc14, 0xdc4d, 0xdc54, 0xdc8d, 0xdc95, 0xdccd, 0xdcd5,
0xdd0c, 0xdd15, 0xdd4c, 0xdd55, 0xdd8c, 0xdd95, 0xddcc, 0xddd5,
0xde0c, 0xde15, 0xde4c, 0xde55, 0xde8b, 0xde96, 0xdecb, 0xded6,
0xdf0b, 0xdf16, 0xdf4b, 0xdf56, 0xdf8b, 0xdf96, 0xdfcb, 0xdfd6,
0xe00b, 0xe016, 0xe04b, 0xe056, 0xe08a, 0xe097, 0xe0ca, 0xe0d7,
0xe10a, 0xe117, 0xe14a, 0xe157, 0xe18a, 0xe197, 0xe1ca, 0xe1d7,
0xe20a, 0xe217, 0xe24a, 0xe257, 0xe289, 0xe298, 0xe2c9, 0xe2d8,
0xe309, 0xe318, 0xe349, 0xe358, 0xe389, 0xe398, 0xe3c9, 0xe3d8,
0xe409, 0xe418, 0xe449, 0xe458, 0xe489, 0xe498, 0xe4c8, 0xe4d8,
0xe508, 0xe519, 0xe548, 0xe559, 0xe588, 0xe599, 0xe5c8, 0xe5d9,
0xe608, 0xe619, 0xe648, 0xe659, 0xe688, 0xe699, 0xe6c8, 0xe6d9,
0xe708, 0xe719, 0xe747, 0xe759, 0xe787, 0xe799, 0xe7c7, 0xe7da,
0xe807, 0xe81a, 0xe847, 0xe85a, 0xe887, 0xe89a, 0xe8c7, 0xe8da,
0xe907, 0xe91a, 0xe947, 0xe95a, 0xe987, 0xe99a, 0xe9c7, 0xe9da,
0xea06, 0xea1a, 0xea46, 0xea5a, 0xea86, 0xea9a, 0xeac6, 0xeadb,
0xeb06, 0xeb1b, 0xeb46, 0xeb5b, 0xeb86, 0xeb9b, 0xebc6, 0xebdb,
0xec06, 0xec1b, 0xec46, 0xec5b, 0xec86, 0xec9b, 0xecc6, 0xecdb,
0xed05, 0xed1b, 0xed45, 0xed5b, 0xed85, 0xed9b, 0xedc5, 0xeddb,
0xee05, 0xee1c, 0xee45, 0xee5c, 0xee85, 0xee9c, 0xeec5, 0xeedc,
0xef05, 0xef1c, 0xef45, 0xef5c, 0xef85, 0xef9c, 0xefc5, 0xefdc,
0xf004, 0xf01c, 0xf044, 0xf05c, 0xf084, 0xf09c, 0xf0c4, 0xf0dc,
0xf104, 0xf11c, 0xf144, 0xf15c, 0xf184, 0xf19c, 0xf1c4, 0xf1dd,
0xf204, 0xf21d, 0xf244, 0xf25d, 0xf284, 0xf29d, 0xf2c4, 0xf2dd,
0xf304, 0xf31d, 0xf343, 0xf35d, 0xf383, 0xf39d, 0xf3c3, 0xf3dd,
0xf403, 0xf41d, 0xf443, 0xf45d, 0xf483, 0xf49d, 0xf4c3, 0xf4dd,
0xf503, 0xf51d, 0xf543, 0xf55d, 0xf583, 0xf59e, 0xf5c3, 0xf5de,
0xf603, 0xf61e, 0xf643, 0xf65e, 0xf683, 0xf69e, 0xf6c2, 0xf6de,
0xf702, 0xf71e, 0xf742, 0xf75e, 0xf782, 0xf79e, 0xf7c2, 0xf7de,
0xf802, 0xf81e, 0xf842, 0xf85e, 0xf882, 0xf89e, 0xf8c2, 0xf8de,
0xf902, 0xf91e, 0xf942, 0xf95e, 0xf982, 0xf99e, 0xf9c2, 0xf9df,
0xfa02, 0xfa1f, 0xfa42, 0xfa5f, 0xfa81, 0xfa9f, 0xfac1, 0xfadf,
0xfb01, 0xfb1f, 0xfb41, 0xfb5f, 0xfb81, 0xfb9f, 0xfbc1, 0xfbdf,
0xfc01, 0xfc1f, 0xfc41, 0xfc5f, 0xfc81, 0xfc9f, 0xfcc1, 0xfcdf,
0xfd01, 0xfd1f, 0xfd41, 0xfd5f, 0xfd81, 0xfd9f, 0xfdc1, 0xfde0,
0xfe01, 0xfe20, 0xfe40, 0xfe60, 0xfe80, 0xfea0, 0xfec0, 0xfee0,
0xff00, 0xff20, 0xff40, 0xff60, 0xff80, 0xffa0, 0xffc0, 0xffe0,
// saw LP2 (offset 5504, count 512)
0x0000, 0x0040, 0x0080, 0x00c0, 0x00ff, 0x0141, 0x017f, 0x01c1,
0x01ff, 0x0241, 0x027f, 0x02c1, 0x02fe, 0x0342, 0x037e, 0x03c2,
0x03fe, 0x0442, 0x047e, 0x04c2, 0x04fd, 0x0543, 0x057d, 0x05c3,
0x05fd, 0x0643, 0x067d, 0x06c3, 0x06fc, 0x0744, 0x077c, 0x07c4,
0x07fc, 0x0844, 0x087c, 0x08c4, 0x08fb, 0x0945, 0x097b, 0x09c5,
0x09fb, 0x0a45, 0x0a7a, 0x0ac5, 0x0afa, 0x0b46, 0x0b7a, 0x0bc6,
0x0bfa, 0x0c46, 0x0c79, 0x0cc6, 0x0cf9, 0x0d47, 0x0d79, 0x0dc7,
0x0df8, 0x0e47, 0x0e78, 0x0ec7, 0x0ef8, 0x0f48, 0x0f78, 0x0fc8,
0x0ff7, 0x1048, 0x1077, 0x10c9, 0x10f7, 0x1149, 0x1176, 0x11c9,
0x11f6, 0x124a, 0x1276, 0x12ca, 0x12f5, 0x134a, 0x1375, 0x13ca,
0x13f5, 0x144b, 0x1474, 0x14cb, 0x14f4, 0x154b, 0x1574, 0x15cc,
0x15f3, 0x164c, 0x1673, 0x16cc, 0x16f3, 0x174d, 0x1772, 0x17cd,
0x17f2, 0x184d, 0x1872, 0x18ce, 0x18f1, 0x194e, 0x1971, 0x19cf,
0x19f0, 0x1a4f, 0x1a70, 0x1acf, 0x1af0, 0x1b50, 0x1b6f, 0x1bd0,
0x1bef, 0x1c50, 0x1c6e, 0x1cd1, 0x1cee, 0x1d51, 0x1d6e, 0x1dd2,
0x1ded, 0x1e52, 0x1e6d, 0x1ed3, 0x1eec, 0x1f53, 0x1f6c, 0x1fd4,
0x1feb, 0x2054, 0x206b, 0x20d5, 0x20ea, 0x2155, 0x216a, 0x21d6,
0x21e9, 0x2256, 0x2268, 0x22d7, 0x22e8, 0x2357, 0x2367, 0x23d8,
0x23e7, 0x2459, 0x2466, 0x24d9, 0x24e5, 0x255a, 0x2565, 0x25db,
0x25e4, 0x265b, 0x2663, 0x26dc, 0x26e2, 0x275d, 0x2762, 0x27dd,
0x27e1, 0x285e, 0x2860, 0x28df, 0x28df, 0x2960, 0x295e, 0x29e1,
0x29dd, 0x2a62, 0x2a5c, 0x2ae3, 0x2adb, 0x2b64, 0x2b5a, 0x2be5,
0x2bd9, 0x2c66, 0x2c58, 0x2ce7, 0x2cd7, 0x2d68, 0x2d56, 0x2dea,
0x2dd4, 0x2e6b, 0x2e53, 0x2eec, 0x2ed1, 0x2f6e, 0x2f50, 0x2ff0,
0x2fce, 0x3071, 0x304c, 0x30f3, 0x30ca, 0x3175, 0x3148, 0x31f7,
0x31c6, 0x3279, 0x3244, 0x32fc, 0x32c2, 0x337e, 0x333f, 0x3401,
0x33bc, 0x3484, 0x3439, 0x3507, 0x34b6, 0x358b, 0x3532, 0x360e,
0x35ae, 0x3693, 0x3629, 0x3717, 0x36a4, 0x379d, 0x371f, 0x3822,
0x3799, 0x38a9, 0x3812, 0x3930, 0x388a, 0x39b9, 0x3901, 0x3a43,
0x3976, 0x3ace, 0x39e9, 0x3b5c, 0x3a5a, 0x3bed, 0x3ac7, 0x3c82,
0x3b30, 0x3d1c, 0x3b93, 0x3dbe, 0x3beb, 0x3e6c, 0x3c34, 0x3f2f,
0x3c62, 0x4017, 0x3c59, 0x4152, 0x3bcb, 0x437b, 0x3947, 0x4b33,
0x0000, 0xb4cd, 0xc6b9, 0xbc85, 0xc435, 0xbeae, 0xc3a7, 0xbfe9,
0xc39e, 0xc0d1, 0xc3cc, 0xc194, 0xc415, 0xc242, 0xc46d, 0xc2e4,
0xc4d0, 0xc37e, 0xc539, 0xc413, 0xc5a6, 0xc4a4, 0xc617, 0xc532,
0xc68a, 0xc5bd, 0xc6ff, 0xc647, 0xc776, 0xc6d0, 0xc7ee, 0xc757,
0xc867, 0xc7de, 0xc8e1, 0xc863, 0xc95c, 0xc8e9, 0xc9d7, 0xc96d,
0xca52, 0xc9f2, 0xcace, 0xca75, 0xcb4a, 0xcaf9, 0xcbc7, 0xcb7c,
0xcc44, 0xcbff, 0xccc1, 0xcc82, 0xcd3e, 0xcd04, 0xcdbc, 0xcd87,
0xce3a, 0xce09, 0xceb8, 0xce8b, 0xcf36, 0xcf0d, 0xcfb4, 0xcf8f,
0xd032, 0xd010, 0xd0b0, 0xd092, 0xd12f, 0xd114, 0xd1ad, 0xd195,
0xd22c, 0xd216, 0xd2aa, 0xd298, 0xd329, 0xd319, 0xd3a8, 0xd39a,
0xd427, 0xd41b, 0xd4a6, 0xd49c, 0xd525, 0xd51d, 0xd5a4, 0xd59e,
0xd623, 0xd61f, 0xd6a2, 0xd6a0, 0xd721, 0xd721, 0xd7a0, 0xd7a2,
0xd81f, 0xd823, 0xd89e, 0xd8a3, 0xd91e, 0xd924, 0xd99d, 0xd9a5,
0xda1c, 0xda25, 0xda9b, 0xdaa6, 0xdb1b, 0xdb27, 0xdb9a, 0xdba7,
0xdc19, 0xdc28, 0xdc99, 0xdca9, 0xdd18, 0xdd29, 0xdd98, 0xddaa,
0xde17, 0xde2a, 0xde96, 0xdeab, 0xdf16, 0xdf2b, 0xdf95, 0xdfac,
0xe015, 0xe02c, 0xe094, 0xe0ad, 0xe114, 0xe12d, 0xe193, 0xe1ae,
0xe213, 0xe22e, 0xe292, 0xe2af, 0xe312, 0xe32f, 0xe392, 0xe3b0,
0xe411, 0xe430, 0xe491, 0xe4b0, 0xe510, 0xe531, 0xe590, 0xe5b1,
0xe610, 0xe631, 0xe68f, 0xe6b2, 0xe70f, 0xe732, 0xe78e, 0xe7b3,
0xe80e, 0xe833, 0xe88e, 0xe8b3, 0xe90d, 0xe934, 0xe98d, 0xe9b4,
0xea0d, 0xea34, 0xea8c, 0xeab5, 0xeb0c, 0xeb35, 0xeb8c, 0xebb5,
0xec0b, 0xec36, 0xec8b, 0xecb6, 0xed0b, 0xed36, 0xed8a, 0xedb6,
0xee0a, 0xee37, 0xee8a, 0xeeb7, 0xef09, 0xef37, 0xef89, 0xefb8,
0xf009, 0xf038, 0xf088, 0xf0b8, 0xf108, 0xf139, 0xf188, 0xf1b9,
0xf208, 0xf239, 0xf287, 0xf2b9, 0xf307, 0xf33a, 0xf387, 0xf3ba,
0xf406, 0xf43a, 0xf486, 0xf4ba, 0xf506, 0xf53b, 0xf586, 0xf5bb,
0xf605, 0xf63b, 0xf685, 0xf6bb, 0xf705, 0xf73c, 0xf784, 0xf7bc,
0xf804, 0xf83c, 0xf884, 0xf8bc, 0xf904, 0xf93d, 0xf983, 0xf9bd,
0xfa03, 0xfa3d, 0xfa83, 0xfabd, 0xfb03, 0xfb3e, 0xfb82, 0xfbbe,
0xfc02, 0xfc3e, 0xfc82, 0xfcbe, 0xfd02, 0xfd3f, 0xfd81, 0xfdbf,
0xfe01, 0xfe3f, 0xfe81, 0xfebf, 0xff01, 0xff40, 0xff80, 0xffc0,
// saw LP3 (offset 6016, count 256)
0x0000, 0x0080, 0x00ff, 0x0181, 0x01fe, 0x0282, 0x02fd, 0x0383,
0x03fc, 0x0484, 0x04fb, 0x0585, 0x05fa, 0x0686, 0x06f9, 0x0787,
0x07f8, 0x0888, 0x08f7, 0x098a, 0x09f6, 0x0a8b, 0x0af5, 0x0b8c,
0x0bf3, 0x0c8d, 0x0cf2, 0x0d8e, 0x0df1, 0x0e8f, 0x0ef0, 0x0f90,
0x0fef, 0x1091, 0x10ee, 0x1192, 0x11ec, 0x1294, 0x12eb, 0x1395,
0x13ea, 0x1496, 0x14e9, 0x1597, 0x15e7, 0x1699, 0x16e6, 0x179a,
0x17e4, 0x189c, 0x18e3, 0x199d, 0x19e1, 0x1a9f, 0x1ae0, 0x1ba0,
0x1bde, 0x1ca2, 0x1cdc, 0x1da4, 0x1ddb, 0x1ea5, 0x1ed9, 0x1fa7,
0x1fd7, 0x20a9, 0x20d5, 0x21ab, 0x21d3, 0x22ae, 0x22d0, 0x23b0,
0x23ce, 0x24b2, 0x24cb, 0x25b5, 0x25c8, 0x26b8, 0x26c6, 0x27bb,
0x27c2, 0x28be, 0x28bf, 0x29c1, 0x29bb, 0x2ac5, 0x2ab7, 0x2bc9,
0x2bb3, 0x2cce, 0x2cae, 0x2dd3, 0x2da9, 0x2ed8, 0x2ea3, 0x2fde,
0x2f9d, 0x30e5, 0x3096, 0x31ed, 0x318d, 0x32f6, 0x3284, 0x3400,
0x3379, 0x350c, 0x346c, 0x361a, 0x355d, 0x372b, 0x364a, 0x383f,
0x3732, 0x395a, 0x3815, 0x3a7c, 0x38ed, 0x3bab, 0x39b5, 0x3cee,
0x3a63, 0x3e56, 0x3ada, 0x4011, 0x3acc, 0x42bb, 0x38c7, 0x4af3,
0x0000, 0xb50d, 0xc739, 0xbd45, 0xc534, 0xbfef, 0xc526, 0xc1aa,
0xc59d, 0xc312, 0xc64b, 0xc455, 0xc713, 0xc584, 0xc7eb, 0xc6a6,
0xc8ce, 0xc7c1, 0xc9b6, 0xc8d5, 0xcaa3, 0xc9e6, 0xcb94, 0xcaf4,
0xcc87, 0xcc00, 0xcd7c, 0xcd0a, 0xce73, 0xce13, 0xcf6a, 0xcf1b,
0xd063, 0xd022, 0xd15d, 0xd128, 0xd257, 0xd22d, 0xd352, 0xd332,
0xd44d, 0xd437, 0xd549, 0xd53b, 0xd645, 0xd63f, 0xd741, 0xd742,
0xd83e, 0xd845, 0xd93a, 0xd948, 0xda38, 0xda4b, 0xdb35, 0xdb4e,
0xdc32, 0xdc50, 0xdd30, 0xdd52, 0xde2d, 0xde55, 0xdf2b, 0xdf57,
0xe029, 0xe059, 0xe127, 0xe15b, 0xe225, 0xe25c, 0xe324, 0xe35e,
0xe422, 0xe460, 0xe520, 0xe561, 0xe61f, 0xe663, 0xe71d, 0xe764,
0xe81c, 0xe866, 0xe91a, 0xe967, 0xea19, 0xea69, 0xeb17, 0xeb6a,
0xec16, 0xec6b, 0xed15, 0xed6c, 0xee14, 0xee6e, 0xef12, 0xef6f,
0xf011, 0xf070, 0xf110, 0xf171, 0xf20f, 0xf272, 0xf30e, 0xf373,
0xf40d, 0xf474, 0xf50b, 0xf575, 0xf60a, 0xf676, 0xf709, 0xf778,
0xf808, 0xf879, 0xf907, 0xf97a, 0xfa06, 0xfa7b, 0xfb05, 0xfb7c,
0xfc04, 0xfc7d, 0xfd03, 0xfd7e, 0xfe02, 0xfe7f, 0xff01, 0xff80,
// saw LP4 (offset 6272, count 128)
0x0000, 0x0102, 0x01fc, 0x0306, 0x03f8, 0x050a, 0x05f4, 0x070e,
0x07f0, 0x0912, 0x09eb, 0x0b16, 0x0be7, 0x0d1b, 0x0de3, 0x0f1f,
0x0fde, 0x1124, 0x11d9, 0x1329, 0x13d4, 0x152e, 0x15cf, 0x1733,
0x17c9, 0x1939, 0x19c3, 0x1b3f, 0x1bbd, 0x1d46, 0x1db6, 0x1f4d,
0x1fae, 0x2155, 0x21a6, 0x235e, 0x239c, 0x2568, 0x2592, 0x2773,
0x2785, 0x2980, 0x2977, 0x2b8f, 0x2b67, 0x2da1, 0x2d53, 0x2fb7,
0x2f3b, 0x31d2, 0x311c, 0x33f6, 0x32f3, 0x3625, 0x34bb, 0x3869,
0x3667, 0x3ad3, 0x37dd, 0x3d8f, 0x38ce, 0x4139, 0x37c8, 0x4a73,
0x0000, 0xb58d, 0xc838, 0xbec7, 0xc732, 0xc271, 0xc823, 0xc52d,
0xc999, 0xc797, 0xcb45, 0xc9db, 0xcd0d, 0xcc0a, 0xcee4, 0xce2e,
0xd0c5, 0xd049, 0xd2ad, 0xd25f, 0xd499, 0xd471, 0xd689, 0xd680,
0xd87b, 0xd88d, 0xda6e, 0xda98, 0xdc64, 0xdca2, 0xde5a, 0xdeab,
0xe052, 0xe0b3, 0xe24a, 0xe2ba, 0xe443, 0xe4c1, 0xe63d, 0xe6c7,
0xe837, 0xe8cd, 0xea31, 0xead2, 0xec2c, 0xecd7, 0xee27, 0xeedc,
0xf022, 0xf0e1, 0xf21d, 0xf2e5, 0xf419, 0xf4ea, 0xf615, 0xf6ee,
0xf810, 0xf8f2, 0xfa0c, 0xfaf6, 0xfc08, 0xfcfa, 0xfe04, 0xfefe,
// saw LP5 (offset 6400, count 128)
0x0000, 0x01a5, 0x0208, 0x025a, 0x03f0, 0x05a5, 0x0618, 0x065a,
0x07df, 0x09a5, 0x0a29, 0x0a5a, 0x0bce, 0x0da6, 0x0e3a, 0x0e5a,
0x0fbc, 0x11a6, 0x124d, 0x125a, 0x13a9, 0x15a6, 0x1661, 0x1659,
0x1793, 0x19a6, 0x1a78, 0x1a59, 0x1b7a, 0x1da7, 0x1e93, 0x1e58,
0x1f5d, 0x21a8, 0x22b3, 0x2257, 0x2339, 0x25a9, 0x26db, 0x2655,
0x270c, 0x29ab, 0x2b0f, 0x2a52, 0x2acf, 0x2daf, 0x2f57, 0x2e4d,
0x2e77, 0x31b6, 0x33c5, 0x3243, 0x31e9, 0x35c5, 0x3885, 0x3629,
0x34d6, 0x39f5, 0x3e33, 0x39bf, 0x35cc, 0x3f2b, 0x4971, 0x3635,
0x0000, 0xc9cb, 0xb68f, 0xc0d5, 0xca34, 0xc641, 0xc1cd, 0xc60b,
0xcb2a, 0xc9d7, 0xc77b, 0xca3b, 0xce17, 0xcdbd, 0xcc3b, 0xce4a,
0xd189, 0xd1b3, 0xd0a9, 0xd251, 0xd531, 0xd5ae, 0xd4f1, 0xd655,
0xd8f4, 0xd9ab, 0xd925, 0xda57, 0xdcc7, 0xdda9, 0xdd4d, 0xde58,
0xe0a3, 0xe1a8, 0xe16d, 0xe259, 0xe486, 0xe5a7, 0xe588, 0xe65a,
0xe86d, 0xe9a7, 0xe99f, 0xea5a, 0xec57, 0xeda6, 0xedb3, 0xee5a,
0xf044, 0xf1a6, 0xf1c6, 0xf25a, 0xf432, 0xf5a6, 0xf5d7, 0xf65b,
0xf821, 0xf9a6, 0xf9e8, 0xfa5b, 0xfc10, 0xfda6, 0xfdf8, 0xfe5b,
// saw LP6 (offset 6528, count 128)
0x0000, 0x01e8, 0x0350, 0x03ff, 0x0420, 0x042f, 0x04b0, 0x05ea,
0x07bf, 0x09ba, 0x0b51, 0x0c2e, 0x0c62, 0x0c5d, 0x0cae, 0x0db8,
0x0f79, 0x1189, 0x1352, 0x1463, 0x14ad, 0x1492, 0x14ac, 0x157e,
0x1726, 0x194f, 0x1b55, 0x1ca5, 0x1d0a, 0x1cd3, 0x1ca7, 0x1d31,
0x1ebb, 0x2104, 0x235c, 0x2501, 0x258b, 0x252c, 0x249d, 0x24be,
0x261b, 0x2895, 0x2b6b, 0x2d97, 0x2e5c, 0x2dbc, 0x2c83, 0x2bec,
0x2cf6, 0x2fce, 0x339b, 0x36d8, 0x381b, 0x36e7, 0x341a, 0x31b1,
0x31dc, 0x35d0, 0x3cd0, 0x440e, 0x4769, 0x42f3, 0x348f, 0x1d05,
0x0000, 0xe2fb, 0xcb71, 0xbd0d, 0xb897, 0xbbf2, 0xc330, 0xca30,
0xce24, 0xce4f, 0xcbe6, 0xc919, 0xc7e5, 0xc928, 0xcc65, 0xd032,
0xd30a, 0xd414, 0xd37d, 0xd244, 0xd1a4, 0xd269, 0xd495, 0xd76b,
0xd9e5, 0xdb42, 0xdb63, 0xdad4, 0xda75, 0xdaff, 0xdca4, 0xdefc,
0xe145, 0xe2cf, 0xe359, 0xe32d, 0xe2f6, 0xe35b, 0xe4ab, 0xe6b1,
0xe8da, 0xea82, 0xeb54, 0xeb6e, 0xeb53, 0xeb9d, 0xecae, 0xee77,
0xf087, 0xf248, 0xf352, 0xf3a3, 0xf39e, 0xf3d2, 0xf4af, 0xf646,
0xf841, 0xfa16, 0xfb50, 0xfbd1, 0xfbe0, 0xfc01, 0xfcb0, 0xfe18,
// saw LP7 (offset 6656, count 128)
0x0000, 0x01fa, 0x03d3, 0x056d, 0x06b5, 0x079f, 0x082e, 0x0871,
0x0881, 0x087c, 0x0887, 0x08c2, 0x0948, 0x0a2b, 0x0b6f, 0x0d0e,
0x0ef4, 0x1103, 0x1317, 0x150c, 0x16bf, 0x1817, 0x1905, 0x1988,
0x19ae, 0x1993, 0x1959, 0x192a, 0x1931, 0x1991, 0x1a63, 0x1bb4,
0x1d7d, 0x1faa, 0x2216, 0x2493, 0x26ed, 0x28f3, 0x2a7b, 0x2b6b,
0x2bb9, 0x2b72, 0x2ab9, 0x29c0, 0x28c9, 0x281a, 0x27f6, 0x2896,
0x2a1d, 0x2c94, 0x2fe5, 0x33db, 0x3821, 0x3c4b, 0x3fdf, 0x425c,
0x4349, 0x423e, 0x3ef4, 0x3947, 0x313f, 0x2712, 0x1b1d, 0x0de3,
0x0000, 0xf21d, 0xe4e3, 0xd8ee, 0xcec1, 0xc6b9, 0xc10c, 0xbdc2,
0xbcb7, 0xbda4, 0xc021, 0xc3b5, 0xc7df, 0xcc25, 0xd01b, 0xd36c,
0xd5e3, 0xd76a, 0xd80a, 0xd7e6, 0xd737, 0xd640, 0xd547, 0xd48e,
0xd447, 0xd495, 0xd585, 0xd70d, 0xd913, 0xdb6d, 0xddea, 0xe056,
0xe283, 0xe44c, 0xe59d, 0xe66f, 0xe6cf, 0xe6d6, 0xe6a7, 0xe66d,
0xe652, 0xe678, 0xe6fb, 0xe7e9, 0xe941, 0xeaf4, 0xece9, 0xeefd,
0xf10c, 0xf2f2, 0xf491, 0xf5d5, 0xf6b8, 0xf73e, 0xf779, 0xf784,
0xf77f, 0xf78f, 0xf7d2, 0xf861, 0xf94b, 0xfa93, 0xfc2d, 0xfe06,
// saw LP8 (offset 6784, count 128)
0x0000, 0x01ff, 0x03f6, 0x05df, 0x07b3, 0x096b, 0x0b02, 0x0c73,
0x0dbc, 0x0ed9, 0x0fc8, 0x108b, 0x1122, 0x1190, 0x11d8, 0x11ff,
0x120a, 0x1201, 0x11ea, 0x11ce, 0x11b4, 0x11a5, 0x11a9, 0x11c8,
0x120a, 0x1274, 0x130e, 0x13db, 0x14df, 0x161c, 0x1793, 0x1943,
0x1b29, 0x1d41, 0x1f86, 0x21f0, 0x2476, 0x270f, 0x29b0, 0x2c4d,
0x2ed9, 0x3147, 0x3389, 0x3594, 0x3758, 0x38cb, 0x39e0, 0x3a8d,
0x3ac8, 0x3a8a, 0x39cd, 0x388d, 0x36c6, 0x3479, 0x31a8, 0x2e57,
0x2a8b, 0x264c, 0x21a4, 0x1c9f, 0x174a, 0x11b3, 0x0be9, 0x05fd,
0x0000, 0xfa03, 0xf417, 0xee4d, 0xe8b6, 0xe361, 0xde5c, 0xd9b4,
0xd575, 0xd1a9, 0xce58, 0xcb87, 0xc93a, 0xc773, 0xc633, 0xc576,
0xc538, 0xc573, 0xc620, 0xc735, 0xc8a8, 0xca6c, 0xcc77, 0xceb9,
0xd127, 0xd3b3, 0xd650, 0xd8f1, 0xdb8a, 0xde10, 0xe07a, 0xe2bf,
0xe4d7, 0xe6bd, 0xe86d, 0xe9e4, 0xeb21, 0xec25, 0xecf2, 0xed8c,
0xedf6, 0xee38, 0xee57, 0xee5b, 0xee4c, 0xee32, 0xee16, 0xedff,
0xedf6, 0xee01, 0xee28, 0xee70, 0xeede, 0xef75, 0xf038, 0xf127,
0xf244, 0xf38d, 0xf4fe, 0xf695, 0xf84d, 0xfa21, 0xfc0a, 0xfe01,
// saw LP9 (offset 6912, count 128)
0x0000, 0x0200, 0x03fe, 0x05fa, 0x07f3, 0x09e6, 0x0bd4, 0x0dba,
0x0f97, 0x116b, 0x1335, 0x14f2, 0x16a2, 0x1845, 0x19d9, 0x1b5c,
0x1ccf, 0x1e30, 0x1f7e, 0x20b9, 0x21e0, 0x22f2, 0x23ee, 0x24d4,
0x25a4, 0x265c, 0x26fd, 0x2785, 0x27f5, 0x284d, 0x288c, 0x28b1,
0x28be, 0x28b1, 0x288c, 0x284d, 0x27f5, 0x2785, 0x26fd, 0x265c,
0x25a4, 0x24d4, 0x23ee, 0x22f2, 0x21e0, 0x20b9, 0x1f7e, 0x1e30,
0x1ccf, 0x1b5c, 0x19d9, 0x1845, 0x16a2, 0x14f2, 0x1335, 0x116b,
0x0f97, 0x0dba, 0x0bd4, 0x09e6, 0x07f3, 0x05fa, 0x03fe, 0x0200,
0x0000, 0xfe00, 0xfc02, 0xfa06, 0xf80d, 0xf61a, 0xf42c, 0xf246,
0xf069, 0xee95, 0xeccb, 0xeb0e, 0xe95e, 0xe7bb, 0xe627, 0xe4a4,
0xe331, 0xe1d0, 0xe082, 0xdf47, 0xde20, 0xdd0e, 0xdc12, 0xdb2c,
0xda5c, 0xd9a4, 0xd903, 0xd87b, 0xd80b, 0xd7b3, 0xd774, 0xd74f,
0xd742, 0xd74f, 0xd774, 0xd7b3, 0xd80b, 0xd87b, 0xd903, 0xd9a4,
0xda5c, 0xdb2c, 0xdc12, 0xdd0e, 0xde20, 0xdf47, 0xe082, 0xe1d0,
0xe331, 0xe4a4, 0xe627, 0xe7bb, 0xe95e, 0xeb0e, 0xeccb, 0xee95,
0xf069, 0xf246, 0xf42c, 0xf61a, 0xf80d, 0xfa06, 0xfc02, 0xfe00,
// square1 LP1 (offset 7040, count 1024)
0xc834, 0x1342, 0x01f9, 0x0c0b, 0x04fc, 0x0a63, 0x0608, 0x09aa,
0x0690, 0x0943, 0x06e1, 0x0902, 0x0717, 0x08d5, 0x073d, 0x08b4,
0x0759, 0x089b, 0x076f, 0x0887, 0x0781, 0x0878, 0x078f, 0x086b,
0x079b, 0x0860, 0x07a4, 0x0857, 0x07ad, 0x084f, 0x07b4, 0x0849,
0x07ba, 0x0843, 0x07bf, 0x083e, 0x07c4, 0x0839, 0x07c8, 0x0835,
0x07cc, 0x0832, 0x07cf, 0x082f, 0x07d2, 0x082c, 0x07d5, 0x0829,
0x07d8, 0x0827, 0x07da, 0x0825, 0x07dc, 0x0823, 0x07de, 0x0821,
0x07e0, 0x081f, 0x07e1, 0x081e, 0x07e3, 0x081c, 0x07e4, 0x081b,
0x07e5, 0x081a, 0x07e6, 0x0819, 0x07e8, 0x0818, 0x07e9, 0x0817,
0x07e9, 0x0816, 0x07ea, 0x0815, 0x07eb, 0x0814, 0x07ec, 0x0813,
0x07ed, 0x0813, 0x07ed, 0x0812, 0x07ee, 0x0811, 0x07ef, 0x0811,
0x07ef, 0x0810, 0x07f0, 0x0810, 0x07f0, 0x080f, 0x07f1, 0x080f,
0x07f1, 0x080e, 0x07f2, 0x080e, 0x07f2, 0x080d, 0x07f3, 0x080d,
0x07f3, 0x080d, 0x07f3, 0x080c, 0x07f4, 0x080c, 0x07f4, 0x080c,
0x07f4, 0x080b, 0x07f5, 0x080b, 0x07f5, 0x080b, 0x07f5, 0x080a,
0x07f6, 0x080a, 0x07f6, 0x080a, 0x07f6, 0x080a, 0x07f6, 0x0809,
0x07f7, 0x0809, 0x07f7, 0x0809, 0x07f7, 0x0809, 0x07f7, 0x0808,
0x07f7, 0x0808, 0x07f8, 0x0808, 0x07f8, 0x0808, 0x07f8, 0x0808,
0x07f8, 0x0808, 0x07f8, 0x0807, 0x07f8, 0x0807, 0x07f9, 0x0807,
0x07f9, 0x0807, 0x07f9, 0x0807, 0x07f9, 0x0807, 0x07f9, 0x0807,
0x07f9, 0x0806, 0x07f9, 0x0806, 0x07f9, 0x0806, 0x07fa, 0x0806,
0x07fa, 0x0806, 0x07fa, 0x0806, 0x07fa, 0x0806, 0x07fa, 0x0806,
0x07fa, 0x0806, 0x07fa, 0x0805, 0x07fa, 0x0805, 0x07fa, 0x0805,
0x07fa, 0x0805, 0x07fb, 0x0805, 0x07fb, 0x0805, 0x07fb, 0x0805,
0x07fb, 0x0805, 0x07fb, 0x0805, 0x07fb, 0x0805, 0x07fb, 0x0805,
0x07fb, 0x0805, 0x07fb, 0x0805, 0x07fb, 0x0804, 0x07fb, 0x0804,
0x07fb, 0x0804, 0x07fb, 0x0804, 0x07fb, 0x0804, 0x07fc, 0x0804,
0x07fc, 0x0804, 0x07fc, 0x0804, 0x07fc, 0x0804, 0x07fc, 0x0804,
0x07fc, 0x0804, 0x07fc, 0x0804, 0x07fc, 0x0804, 0x07fc, 0x0804,
0x07fc, 0x0804, 0x07fc, 0x0804, 0x07fc, 0x0804, 0x07fc, 0x0804,
0x07fc, 0x0804, 0x07fc, 0x0803, 0x07fc, 0x0803, 0x07fc, 0x0803,
0x07fc, 0x0803, 0x07fc, 0x0803, 0x07fc, 0x0803, 0x07fc, 0x0803,
0x07fc, 0x0803, 0x07fd, 0x0803, 0x07fd, 0x0803, 0x07fd, 0x0803,
0x07fd, 0x0803, 0x07fd, 0x0803, 0x07fd, 0x0803, 0x07fd, 0x0803,
0x07fd, 0x0803, 0x07fd, 0x0803, 0x07fd, 0x0803, 0x07fd, 0x0803,
0x07fd, 0x0803, 0x07fd, 0x0803, 0x07fd, 0x0803, 0x07fd, 0x0803,
0x07fd, 0x0803, 0x07fd, 0x0803, 0x07fd, 0x0803, 0x07fd, 0x0803,
0x07fd, 0x0803, 0x07fd, 0x0803, 0x07fd, 0x0803, 0x07fd, 0x0803,
0x07fd, 0x0803, 0x07fd, 0x0803, 0x07fd, 0x0803, 0x07fd, 0x0803,
0x07fd, 0x0803, 0x07fd, 0x0803, 0x07fd, 0x0802, 0x07fd, 0x0802,
0x07fd, 0x0802, 0x07fd, 0x0802, 0x07fd, 0x0802, 0x07fd, 0x0802,
0x07fd, 0x0802, 0x07fd, 0x0802, 0x07fd, 0x0802, 0x07fd, 0x0802,
0x07fd, 0x0802, 0x07fd, 0x0802, 0x07fd, 0x0802, 0x07fd, 0x0802,
0x07fd, 0x0802, 0x07fd, 0x0802, 0x07fd, 0x0802, 0x07fe, 0x0802,
0x07fe, 0x0802, 0x07fe, 0x0802, 0x07fe, 0x0802, 0x07fe, 0x0802,
0x07fe, 0x0802, 0x07fe, 0x0802, 0x07fe, 0x0802, 0x07fe, 0x0802,
0x07fe, 0x0802, 0x07fe, 0x0802, 0x07fe, 0x0802, 0x07fe, 0x0802,
0x07fe, 0x0802, 0x07fe, 0x0802, 0x07fe, 0x0802, 0x07fe, 0x0802,
0x07fe, 0x0802, 0x07fe, 0x0802, 0x07fe, 0x0802, 0x07fe, 0x0802,
0x07fe, 0x0802, 0x07fe, 0x0802, 0x07fe, 0x0802, 0x07fe, 0x0802,
0x07fe, 0x0802, 0x07fe, 0x0802, 0x07fe, 0x0802, 0x07fe, 0x0802,
0x07fe, 0x0802, 0x07fe, 0x0802, 0x07fe, 0x0802, 0x07fe, 0x0802,
0x07fe, 0x0802, 0x07fe, 0x0802, 0x07fe, 0x0802, 0x07fe, 0x0802,
0x07fe, 0x0802, 0x07fe, 0x0802, 0x07fe, 0x0802, 0x07fe, 0x0802,
0x07fe, 0x0802, 0x07fe, 0x0802, 0x07fe, 0x0802, 0x07fe, 0x0802,
0x07fe, 0x0802, 0x07fe, 0x0802, 0x07fe, 0x0802, 0x07fe, 0x0802,
0x07fe, 0x0802, 0x07fe, 0x0802, 0x07fe, 0x0802, 0x07fe, 0x0802,
0x07fe, 0x0802, 0x07fe, 0x0802, 0x07fe, 0x0802, 0x07fe, 0x0802,
0x07fe, 0x0802, 0x07fe, 0x0802, 0x07fe, 0x0802, 0x07fe, 0x0802,
0x07fe, 0x0802, 0x07fe, 0x0802, 0x07fe, 0x0802, 0x07fe, 0x0802,
0x07fe, 0x0802, 0x07fe, 0x0802, 0x07fe, 0x0802, 0x07fe, 0x0802,
0x07fe, 0x0802, 0x07fe, 0x0802, 0x07fe, 0x0802, 0x07fe, 0x0802,
0x07fe, 0x0802, 0x07fe, 0x0802, 0x07fe, 0x0802, 0x07fe, 0x0802,
0x07fe, 0x0802, 0x07fe, 0x0802, 0x07fe, 0x0802, 0x07fe, 0x0802,
0x07fe, 0x0802, 0x07fe, 0x0802, 0x07fe, 0x0802, 0x07fe, 0x0802,
0x07fe, 0x0802, 0x07fe, 0x0802, 0x07fe, 0x0802, 0x07fe, 0x0802,
0x07fe, 0x0802, 0x07fe, 0x0802, 0x07fe, 0x0802, 0x07fe, 0x0802,
0x07fe, 0x0802, 0x07fe, 0x0802, 0x07fe, 0x0802, 0x07fe, 0x0802,
0x07fe, 0x0802, 0x07fe, 0x0802, 0x07fe, 0x0802, 0x07fe, 0x0802,
0x07fe, 0x0802, 0x07fe, 0x0802, 0x07fe, 0x0802, 0x07fe, 0x0802,
0x07fe, 0x0802, 0x07fe, 0x0802, 0x07fe, 0x0802, 0x07fe, 0x0802,
0x07fe, 0x0802, 0x07fe, 0x0802, 0x07fe, 0x0802, 0x07fe, 0x0802,
0x07fe, 0x0802, 0x07fe, 0x0802, 0x07fe, 0x0802, 0x07fe, 0x0802,
0x07fe, 0x0802, 0x07fe, 0x0802, 0x07fe, 0x0802, 0x07fe, 0x0802,
0x07fe, 0x0802, 0x07fe, 0x0802, 0x07fe, 0x0802, 0x07fe, 0x0802,
0x07fe, 0x0802, 0x07fe, 0x0802, 0x07fe, 0x0802, 0x07fe, 0x0802,
0x07fe, 0x0802, 0x07fe, 0x0802, 0x07fd, 0x0802, 0x07fd, 0x0802,
0x07fd, 0x0802, 0x07fd, 0x0802, 0x07fd, 0x0802, 0x07fd, 0x0802,
0x07fd, 0x0802, 0x07fd, 0x0802, 0x07fd, 0x0802, 0x07fd, 0x0802,
0x07fd, 0x0802, 0x07fd, 0x0802, 0x07fd, 0x0802, 0x07fd, 0x0802,
0x07fd, 0x0802, 0x07fd, 0x0802, 0x07fd, 0x0803, 0x07fd, 0x0803,
0x07fd, 0x0803, 0x07fd, 0x0803, 0x07fd, 0x0803, 0x07fd, 0x0803,
0x07fd, 0x0803, 0x07fd, 0x0803, 0x07fd, 0x0803, 0x07fd, 0x0803,
0x07fd, 0x0803, 0x07fd, 0x0803, 0x07fd, 0x0803, 0x07fd, 0x0803,
0x07fd, 0x0803, 0x07fd, 0x0803, 0x07fd, 0x0803, 0x07fd, 0x0803,
0x07fd, 0x0803, 0x07fd, 0x0803, 0x07fd, 0x0803, 0x07fd, 0x0803,
0x07fd, 0x0803, 0x07fd, 0x0803, 0x07fd, 0x0803, 0x07fd, 0x0803,
0x07fd, 0x0803, 0x07fd, 0x0803, 0x07fd, 0x0803, 0x07fd, 0x0803,
0x07fc, 0x0803, 0x07fc, 0x0803, 0x07fc, 0x0803, 0x07fc, 0x0803,
0x07fc, 0x0803, 0x07fc, 0x0803, 0x07fc, 0x0803, 0x07fc, 0x0804,
0x07fc, 0x0804, 0x07fc, 0x0804, 0x07fc, 0x0804, 0x07fc, 0x0804,
0x07fc, 0x0804, 0x07fc, 0x0804, 0x07fc, 0x0804, 0x07fc, 0x0804,
0x07fc, 0x0804, 0x07fc, 0x0804, 0x07fc, 0x0804, 0x07fc, 0x0804,
0x07fc, 0x0804, 0x07fc, 0x0804, 0x07fb, 0x0804, 0x07fb, 0x0804,
0x07fb, 0x0804, 0x07fb, 0x0804, 0x07fb, 0x0805, 0x07fb, 0x0805,
0x07fb, 0x0805, 0x07fb, 0x0805, 0x07fb, 0x0805, 0x07fb, 0x0805,
0x07fb, 0x0805, 0x07fb, 0x0805, 0x07fb, 0x0805, 0x07fb, 0x0805,
0x07fa, 0x0805, 0x07fa, 0x0805, 0x07fa, 0x0805, 0x07fa, 0x0806,
0x07fa, 0x0806, 0x07fa, 0x0806, 0x07fa, 0x0806, 0x07fa, 0x0806,
0x07fa, 0x0806, 0x07fa, 0x0806, 0x07f9, 0x0806, 0x07f9, 0x0806,
0x07f9, 0x0807, 0x07f9, 0x0807, 0x07f9, 0x0807, 0x07f9, 0x0807,
0x07f9, 0x0807, 0x07f9, 0x0807, 0x07f8, 0x0807, 0x07f8, 0x0808,
0x07f8, 0x0808, 0x07f8, 0x0808, 0x07f8, 0x0808, 0x07f8, 0x0808,
0x07f7, 0x0808, 0x07f7, 0x0809, 0x07f7, 0x0809, 0x07f7, 0x0809,
0x07f7, 0x0809, 0x07f6, 0x080a, 0x07f6, 0x080a, 0x07f6, 0x080a,
0x07f6, 0x080a, 0x07f5, 0x080b, 0x07f5, 0x080b, 0x07f5, 0x080b,
0x07f4, 0x080c, 0x07f4, 0x080c, 0x07f4, 0x080c, 0x07f3, 0x080d,
0x07f3, 0x080d, 0x07f3, 0x080d, 0x07f2, 0x080e, 0x07f2, 0x080e,
0x07f1, 0x080f, 0x07f1, 0x080f, 0x07f0, 0x0810, 0x07f0, 0x0810,
0x07ef, 0x0811, 0x07ef, 0x0811, 0x07ee, 0x0812, 0x07ed, 0x0813,
0x07ed, 0x0813, 0x07ec, 0x0814, 0x07eb, 0x0815, 0x07ea, 0x0816,
0x07e9, 0x0817, 0x07e9, 0x0818, 0x07e8, 0x0819, 0x07e6, 0x081a,
0x07e5, 0x081b, 0x07e4, 0x081c, 0x07e3, 0x081e, 0x07e1, 0x081f,
0x07e0, 0x0821, 0x07de, 0x0823, 0x07dc, 0x0825, 0x07da, 0x0827,
0x07d8, 0x0829, 0x07d5, 0x082c, 0x07d2, 0x082f, 0x07cf, 0x0832,
0x07cc, 0x0835, 0x07c8, 0x0839, 0x07c4, 0x083e, 0x07bf, 0x0843,
0x07ba, 0x0849, 0x07b4, 0x084f, 0x07ad, 0x0857, 0x07a4, 0x0860,
0x079b, 0x086b, 0x078f, 0x0878, 0x0781, 0x0887, 0x076f, 0x089b,
0x0759, 0x08b4, 0x073d, 0x08d5, 0x0717, 0x0902, 0x06e1, 0x0943,
0x0690, 0x09aa, 0x0608, 0x0a63, 0x04fc, 0x0c0b, 0x01f9, 0x1342,
0xc834, 0x8000, 0x8e6f, 0x8390, 0x8b6d, 0x8537, 0x8a61, 0x85f0,
0x89da, 0x8656, 0x898a, 0x8697, 0x8955, 0x86c2, 0x8930, 0x86e2,
0x8916, 0x86f9, 0x8902, 0x870a, 0x88f3, 0x8717, 0x88e7, 0x8721,
0x88de, 0x8729, 0x88d8, 0x872e, 0x88d4, 0x8731, 0x88d1, 0x8733,
0x88d1, 0x8733, 0x88d1, 0x8731, 0x88d4, 0x872e, 0x88d8, 0x8729,
0x88de, 0x8721, 0x88e7, 0x8717, 0x88f3, 0x870a, 0x8902, 0x86f9,
0x8916, 0x86e2, 0x8930, 0x86c2, 0x8955, 0x8697, 0x898a, 0x8656,
0x89da, 0x85f0, 0x8a61, 0x8537, 0x8b6d, 0x8390, 0x8e6f, 0x8000,
// square1 LP2 (offset 8064, count 512)
0xc867, 0x1311, 0x0228, 0x0bdf, 0x0527, 0x0a3a, 0x0630, 0x0984,
0x06b4, 0x0920, 0x0702, 0x08e1, 0x0736, 0x08b7, 0x075a, 0x0898,
0x0774, 0x0881, 0x0789, 0x086f, 0x0798, 0x0861, 0x07a5, 0x0855,
0x07b0, 0x084c, 0x07b8, 0x0844, 0x07bf, 0x083d, 0x07c5, 0x0838,
0x07cb, 0x0833, 0x07cf, 0x082f, 0x07d3, 0x082b, 0x07d7, 0x0828,
0x07da, 0x0825, 0x07dc, 0x0822, 0x07df, 0x0820, 0x07e1, 0x081e,
0x07e3, 0x081c, 0x07e5, 0x081a, 0x07e6, 0x0819, 0x07e8, 0x0817,
0x07e9, 0x0816, 0x07ea, 0x0815, 0x07eb, 0x0814, 0x07ec, 0x0813,
0x07ed, 0x0812, 0x07ee, 0x0811, 0x07ef, 0x0811, 0x07f0, 0x0810,
0x07f0, 0x080f, 0x07f1, 0x080f, 0x07f2, 0x080e, 0x07f2, 0x080d,
0x07f3, 0x080d, 0x07f3, 0x080c, 0x07f4, 0x080c, 0x07f4, 0x080c,
0x07f4, 0x080b, 0x07f5, 0x080b, 0x07f5, 0x080a, 0x07f5, 0x080a,
0x07f6, 0x080a, 0x07f6, 0x080a, 0x07f6, 0x0809, 0x07f7, 0x0809,
0x07f7, 0x0809, 0x07f7, 0x0809, 0x07f7, 0x0808, 0x07f8, 0x0808,
0x07f8, 0x0808, 0x07f8, 0x0808, 0x07f8, 0x0808, 0x07f8, 0x0807,
0x07f9, 0x0807, 0x07f9, 0x0807, 0x07f9, 0x0807, 0x07f9, 0x0807,
0x07f9, 0x0807, 0x07f9, 0x0806, 0x07f9, 0x0806, 0x07fa, 0x0806,
0x07fa, 0x0806, 0x07fa, 0x0806, 0x07fa, 0x0806, 0x07fa, 0x0806,
0x07fa, 0x0806, 0x07fa, 0x0806, 0x07fa, 0x0805, 0x07fa, 0x0805,
0x07fa, 0x0805, 0x07fa, 0x0805, 0x07fb, 0x0805, 0x07fb, 0x0805,
0x07fb, 0x0805, 0x07fb, 0x0805, 0x07fb, 0x0805, 0x07fb, 0x0805,
0x07fb, 0x0805, 0x07fb, 0x0805, 0x07fb, 0x0805, 0x07fb, 0x0805,
0x07fb, 0x0805, 0x07fb, 0x0805, 0x07fb, 0x0804, 0x07fb, 0x0804,
0x07fb, 0x0804, 0x07fb, 0x0804, 0x07fb, 0x0804, 0x07fb, 0x0804,
0x07fb, 0x0804, 0x07fc, 0x0804, 0x07fc, 0x0804, 0x07fc, 0x0804,
0x07fc, 0x0804, 0x07fc, 0x0804, 0x07fc, 0x0804, 0x07fc, 0x0804,
0x07fc, 0x0804, 0x07fc, 0x0804, 0x07fc, 0x0804, 0x07fc, 0x0804,
0x07fc, 0x0804, 0x07fc, 0x0804, 0x07fc, 0x0804, 0x07fc, 0x0804,
0x07fc, 0x0804, 0x07fc, 0x0804, 0x07fc, 0x0804, 0x07fc, 0x0804,
0x07fc, 0x0804, 0x07fc, 0x0804, 0x07fc, 0x0804, 0x07fc, 0x0804,
0x07fc, 0x0804, 0x07fc, 0x0804, 0x07fc, 0x0804, 0x07fc, 0x0804,
0x07fc, 0x0804, 0x07fc, 0x0804, 0x07fc, 0x0804, 0x07fc, 0x0804,
0x07fc, 0x0804, 0x07fc, 0x0804, 0x07fc, 0x0804, 0x07fc, 0x0804,
0x07fc, 0x0804, 0x07fc, 0x0804, 0x07fc, 0x0804, 0x07fc, 0x0804,
0x07fc, 0x0804, 0x07fc, 0x0804, 0x07fc, 0x0804, 0x07fc, 0x0804,
0x07fc, 0x0804, 0x07fc, 0x0804, 0x07fc, 0x0804, 0x07fc, 0x0804,
0x07fb, 0x0804, 0x07fb, 0x0804, 0x07fb, 0x0804, 0x07fb, 0x0804,
0x07fb, 0x0804, 0x07fb, 0x0804, 0x07fb, 0x0805, 0x07fb, 0x0805,
0x07fb, 0x0805, 0x07fb, 0x0805, 0x07fb, 0x0805, 0x07fb, 0x0805,
0x07fb, 0x0805, 0x07fb, 0x0805, 0x07fb, 0x0805, 0x07fb, 0x0805,
0x07fb, 0x0805, 0x07fb, 0x0805, 0x07fb, 0x0805, 0x07fa, 0x0805,
0x07fa, 0x0805, 0x07fa, 0x0805, 0x07fa, 0x0806, 0x07fa, 0x0806,
0x07fa, 0x0806, 0x07fa, 0x0806, 0x07fa, 0x0806, 0x07fa, 0x0806,
0x07fa, 0x0806, 0x07fa, 0x0806, 0x07f9, 0x0806, 0x07f9, 0x0807,
0x07f9, 0x0807, 0x07f9, 0x0807, 0x07f9, 0x0807, 0x07f9, 0x0807,
0x07f9, 0x0807, 0x07f8, 0x0808, 0x07f8, 0x0808, 0x07f8, 0x0808,
0x07f8, 0x0808, 0x07f8, 0x0808, 0x07f7, 0x0809, 0x07f7, 0x0809,
0x07f7, 0x0809, 0x07f7, 0x0809, 0x07f6, 0x080a, 0x07f6, 0x080a,
0x07f6, 0x080a, 0x07f5, 0x080a, 0x07f5, 0x080b, 0x07f5, 0x080b,
0x07f4, 0x080c, 0x07f4, 0x080c, 0x07f4, 0x080c, 0x07f3, 0x080d,
0x07f3, 0x080d, 0x07f2, 0x080e, 0x07f2, 0x080f, 0x07f1, 0x080f,
0x07f0, 0x0810, 0x07f0, 0x0811, 0x07ef, 0x0811, 0x07ee, 0x0812,
0x07ed, 0x0813, 0x07ec, 0x0814, 0x07eb, 0x0815, 0x07ea, 0x0816,
0x07e9, 0x0817, 0x07e8, 0x0819, 0x07e6, 0x081a, 0x07e5, 0x081c,
0x07e3, 0x081e, 0x07e1, 0x0820, 0x07df, 0x0822, 0x07dc, 0x0825,
0x07da, 0x0828, 0x07d7, 0x082b, 0x07d3, 0x082f, 0x07cf, 0x0833,
0x07cb, 0x0838, 0x07c5, 0x083d, 0x07bf, 0x0844, 0x07b8, 0x084c,
0x07b0, 0x0855, 0x07a5, 0x0861, 0x0798, 0x086f, 0x0789, 0x0881,
0x0774, 0x0898, 0x075a, 0x08b7, 0x0736, 0x08e1, 0x0702, 0x0920,
0x06b4, 0x0984, 0x0630, 0x0a3a, 0x0527, 0x0bdf, 0x0228, 0x1311,
0xc867, 0x8000, 0x8ea7, 0x8354, 0x8bab, 0x84f5, 0x8aa6, 0x85a6,
0x8a29, 0x8603, 0x89e3, 0x8638, 0x89bb, 0x8656, 0x89a6, 0x8663,
0x899f, 0x8663, 0x89a6, 0x8656, 0x89bb, 0x8638, 0x89e3, 0x8603,
0x8a29, 0x85a6, 0x8aa6, 0x84f5, 0x8bab, 0x8354, 0x8ea7, 0x8000,
// square1 LP3 (offset 8576, count 256)
0xc8ce, 0x12b4, 0x027d, 0x0b90, 0x056f, 0x09f7, 0x066e, 0x094b,
0x06ea, 0x08ee, 0x0732, 0x08b5, 0x075f, 0x088f, 0x077f, 0x0875,
0x0796, 0x0861, 0x07a6, 0x0852, 0x07b3, 0x0847, 0x07be, 0x083e,
0x07c6, 0x0836, 0x07cc, 0x0830, 0x07d2, 0x082b, 0x07d7, 0x0827,
0x07db, 0x0824, 0x07de, 0x0820, 0x07e1, 0x081e, 0x07e3, 0x081b,
0x07e5, 0x0819, 0x07e7, 0x0818, 0x07e9, 0x0816, 0x07ea, 0x0815,
0x07ec, 0x0814, 0x07ed, 0x0812, 0x07ee, 0x0811, 0x07ef, 0x0810,
0x07f0, 0x0810, 0x07f0, 0x080f, 0x07f1, 0x080e, 0x07f2, 0x080e,
0x07f2, 0x080d, 0x07f3, 0x080d, 0x07f3, 0x080c, 0x07f4, 0x080c,
0x07f4, 0x080b, 0x07f5, 0x080b, 0x07f5, 0x080b, 0x07f5, 0x080a,
0x07f6, 0x080a, 0x07f6, 0x080a, 0x07f6, 0x080a, 0x07f6, 0x0809,
0x07f6, 0x0809, 0x07f7, 0x0809, 0x07f7, 0x0809, 0x07f7, 0x0809,
0x07f7, 0x0809, 0x07f7, 0x0808, 0x07f7, 0x0808, 0x07f7, 0x0808,
0x07f8, 0x0808, 0x07f8, 0x0808, 0x07f8, 0x0808, 0x07f8, 0x0808,
0x07f8, 0x0808, 0x07f8, 0x0808, 0x07f8, 0x0808, 0x07f8, 0x0808,
0x07f8, 0x0808, 0x07f8, 0x0808, 0x07f8, 0x0808, 0x07f8, 0x0808,
0x07f8, 0x0808, 0x07f8, 0x0808, 0x07f8, 0x0808, 0x07f8, 0x0808,
0x07f8, 0x0808, 0x07f7, 0x0808, 0x07f7, 0x0808, 0x07f7, 0x0809,
0x07f7, 0x0809, 0x07f7, 0x0809, 0x07f7, 0x0809, 0x07f7, 0x0809,
0x07f6, 0x0809, 0x07f6, 0x080a, 0x07f6, 0x080a, 0x07f6, 0x080a,
0x07f6, 0x080a, 0x07f5, 0x080b, 0x07f5, 0x080b, 0x07f5, 0x080b,
0x07f4, 0x080c, 0x07f4, 0x080c, 0x07f3, 0x080d, 0x07f3, 0x080d,
0x07f2, 0x080e, 0x07f2, 0x080e, 0x07f1, 0x080f, 0x07f0, 0x0810,
0x07f0, 0x0810, 0x07ef, 0x0811, 0x07ee, 0x0812, 0x07ed, 0x0814,
0x07ec, 0x0815, 0x07ea, 0x0816, 0x07e9, 0x0818, 0x07e7, 0x0819,
0x07e5, 0x081b, 0x07e3, 0x081e, 0x07e1, 0x0820, 0x07de, 0x0824,
0x07db, 0x0827, 0x07d7, 0x082b, 0x07d2, 0x0830, 0x07cc, 0x0836,
0x07c6, 0x083e, 0x07be, 0x0847, 0x07b3, 0x0852, 0x07a6, 0x0861,
0x0796, 0x0875, 0x077f, 0x088f, 0x075f, 0x08b5, 0x0732, 0x08ee,
0x06ea, 0x094b, 0x066e, 0x09f7, 0x056f, 0x0b90, 0x027d, 0x12b4,
0xc8ce, 0x8000, 0x8f24, 0x82c9, 0x8c48, 0x8444, 0x8b71, 0x84bc,
0x8b3b, 0x84bc, 0x8b71, 0x8444, 0x8c48, 0x82c9, 0x8f24, 0x8000,
// square1 LP4 (offset 8832, count 128)
0xc999, 0x1209, 0x030e, 0x0b14, 0x05db, 0x0999, 0x06c1, 0x0901,
0x072c, 0x08b2, 0x0767, 0x0884, 0x078c, 0x0866, 0x07a4, 0x0852,
0x07b5, 0x0844, 0x07c2, 0x0839, 0x07cb, 0x0831, 0x07d2, 0x082b,
0x07d7, 0x0826, 0x07dc, 0x0822, 0x07df, 0x081f, 0x07e2, 0x081c,
0x07e5, 0x081a, 0x07e7, 0x0818, 0x07e9, 0x0816, 0x07ea, 0x0815,
0x07eb, 0x0814, 0x07ec, 0x0813, 0x07ed, 0x0812, 0x07ee, 0x0812,
0x07ee, 0x0811, 0x07ef, 0x0811, 0x07ef, 0x0810, 0x07ef, 0x0810,
0x07f0, 0x0810, 0x07f0, 0x0810, 0x07f0, 0x0810, 0x07f0, 0x0810,
0x07f0, 0x0810, 0x07ef, 0x0810, 0x07ef, 0x0811, 0x07ef, 0x0811,
0x07ee, 0x0812, 0x07ee, 0x0812, 0x07ed, 0x0813, 0x07ec, 0x0814,
0x07eb, 0x0815, 0x07ea, 0x0816, 0x07e9, 0x0818, 0x07e7, 0x081a,
0x07e5, 0x081c, 0x07e2, 0x081f, 0x07df, 0x0822, 0x07dc, 0x0826,
0x07d7, 0x082b, 0x07d2, 0x0831, 0x07cb, 0x0839, 0x07c2, 0x0844,
0x07b5, 0x0852, 0x07a4, 0x0866, 0x078c, 0x0884, 0x0767, 0x08b2,
0x072c, 0x0901, 0x06c1, 0x0999, 0x05db, 0x0b14, 0x030e, 0x1209,
0xc999, 0x8000, 0x905b, 0x8138, 0x8e65, 0x8138, 0x905b, 0x8000,
// square1 LP5 (offset 8960, count 128)
0xcb2a, 0x000c, 0x10ec, 0x0966, 0x03e3, 0x077c, 0x0a6f, 0x0840,
0x065f, 0x07dc, 0x092e, 0x0816, 0x071a, 0x07f1, 0x08b6, 0x080a,
0x076b, 0x07f8, 0x087c, 0x0806, 0x0796, 0x07fb, 0x085c, 0x0803,
0x07af, 0x07fd, 0x0848, 0x0802, 0x07bf, 0x07fe, 0x083b, 0x0801,
0x07ca, 0x07ff, 0x0832, 0x0801, 0x07d1, 0x07ff, 0x082c, 0x0801,
0x07d7, 0x07ff, 0x0827, 0x0800, 0x07da, 0x07ff, 0x0824, 0x0800,
0x07dd, 0x0800, 0x0822, 0x0800, 0x07df, 0x0800, 0x0821, 0x0800,
0x07df, 0x0800, 0x0820, 0x0800, 0x07e0, 0x0800, 0x0820, 0x0800,
0x07df, 0x0800, 0x0821, 0x0800, 0x07df, 0x0800, 0x0822, 0x0800,
0x07dd, 0x0800, 0x0824, 0x07ff, 0x07da, 0x0800, 0x0827, 0x07ff,
0x07d7, 0x0801, 0x082c, 0x07ff, 0x07d1, 0x0801, 0x0832, 0x07ff,
0x07ca, 0x0801, 0x083b, 0x07fe, 0x07bf, 0x0802, 0x0848, 0x07fd,
0x07af, 0x0803, 0x085c, 0x07fb, 0x0796, 0x0806, 0x087c, 0x07f8,
0x076b, 0x080a, 0x08b6, 0x07f1, 0x071a, 0x0816, 0x092e, 0x07dc,
0x065f, 0x0840, 0x0a6f, 0x077c, 0x03e3, 0x0966, 0x10ec, 0x000c,
0xcb2a, 0x8fd6, 0x8000, 0x8716, 0x9467, 0x8716, 0x8000, 0x8fd6,
// square1 LP6 (offset 9088, count 128)
0xce24, 0xeb54, 0x0076, 0x0c0c, 0x0f4d, 0x0d35, 0x0935, 0x0601,
0x04e6, 0x05c5, 0x0797, 0x092b, 0x09bf, 0x0942, 0x0830, 0x0739,
0x06dc, 0x072e, 0x07e6, 0x0890, 0x08d1, 0x0896, 0x080f, 0x0791,
0x0760, 0x078d, 0x07f6, 0x0859, 0x0881, 0x085c, 0x0807, 0x07b5,
0x0794, 0x07b3, 0x07fb, 0x0841, 0x085d, 0x0842, 0x0803, 0x07c6,
0x07ad, 0x07c5, 0x07fe, 0x0835, 0x084b, 0x0835, 0x0801, 0x07cf,
0x07ba, 0x07ce, 0x07ff, 0x082f, 0x0842, 0x082f, 0x0800, 0x07d2,
0x07bf, 0x07d2, 0x0800, 0x082d, 0x0840, 0x082d, 0x0800, 0x07d2,
0x07bf, 0x07d2, 0x0800, 0x082f, 0x0842, 0x082f, 0x07ff, 0x07ce,
0x07ba, 0x07cf, 0x0801, 0x0835, 0x084b, 0x0835, 0x07fe, 0x07c5,
0x07ad, 0x07c6, 0x0803, 0x0842, 0x085d, 0x0841, 0x07fb, 0x07b3,
0x0794, 0x07b5, 0x0807, 0x085c, 0x0881, 0x0859, 0x07f6, 0x078d,
0x0760, 0x0791, 0x080f, 0x0896, 0x08d1, 0x0890, 0x07e6, 0x072e,
0x06dc, 0x0739, 0x0830, 0x0942, 0x09bf, 0x092b, 0x0797, 0x05c5,
0x04e6, 0x0601, 0x0935, 0x0d35, 0x0f4d, 0x0c0c, 0x0076, 0xeb54,
0xce24, 0xad2b, 0x8ea0, 0x8000, 0x8000, 0x8000, 0x8ea0, 0xad2b,
// square1 LP7 (offset 9216, count 128)
0xbcb7, 0xcb87, 0xdb3e, 0xeac6, 0xf91f, 0x056c, 0x0f0f, 0x15aa,
0x192b, 0x19c6, 0x17e9, 0x1431, 0x0f58, 0x0a1b, 0x052d, 0x0122,
0xfe64, 0xfd2c, 0xfd7b, 0xff27, 0x01dc, 0x052e, 0x08a3, 0x0bc9,
0x0e3c, 0x0fb7, 0x1018, 0x0f62, 0x0dbc, 0x0b68, 0x08bd, 0x0617,
0x03cf, 0x022c, 0x015f, 0x017a, 0x0272, 0x041e, 0x0641, 0x0890,
0x0aba, 0x0c7a, 0x0d95, 0x0dec, 0x0d77, 0x0c4a, 0x0a90, 0x0887,
0x0674, 0x049d, 0x0341, 0x028c, 0x0293, 0x0354, 0x04b4, 0x0682,
0x0881, 0x0a6b, 0x0c01, 0x0d0c, 0x0d69, 0x0d0c, 0x0c01, 0x0a6b,
0x0881, 0x0682, 0x04b4, 0x0354, 0x0293, 0x028c, 0x0341, 0x049d,
0x0674, 0x0887, 0x0a90, 0x0c4a, 0x0d77, 0x0dec, 0x0d95, 0x0c7a,
0x0aba, 0x0890, 0x0641, 0x041e, 0x0272, 0x017a, 0x015f, 0x022c,
0x03cf, 0x0617, 0x08bd, 0x0b68, 0x0dbc, 0x0f62, 0x1018, 0x0fb7,
0x0e3c, 0x0bc9, 0x08a3, 0x052e, 0x01dc, 0xff27, 0xfd7b, 0xfd2c,
0xfe64, 0x0122, 0x052d, 0x0a1b, 0x0f58, 0x1431, 0x17e9, 0x19c6,
0x192b, 0x15aa, 0x0f0f, 0x056c, 0xf91f, 0xeac6, 0xdb3e, 0xcb87,
0xbcb7, 0xafdf, 0xa5ef, 0x9fa7, 0x9d81, 0x9fa7, 0xa5ef, 0xafdf,
// square1 LP8 (offset 9344, count 128)
0xd575, 0xd7a6, 0xda40, 0xdd39, 0xe084, 0xe413, 0xe7d7, 0xebc2,
0xefc3, 0xf3ca, 0xf7c9, 0xfbaf, 0xff6e, 0x02f9, 0x0644, 0x0944,
0x0bef, 0x0e40, 0x102f, 0x11bb, 0x12e2, 0x13a4, 0x1403, 0x1405,
0x13b0, 0x130a, 0x121d, 0x10f3, 0x0f97, 0x0e15, 0x0c78, 0x0acd,
0x091f, 0x077b, 0x05ea, 0x0477, 0x032b, 0x020d, 0x0123, 0x0073,
0x0000, 0xffca, 0xffd1, 0x0015, 0x0092, 0x0143, 0x0222, 0x0329,
0x044f, 0x058b, 0x06d6, 0x0825, 0x0970, 0x0aac, 0x0bd2, 0x0cda,
0x0dbc, 0x0e72, 0x0ef8, 0x0f4a, 0x0f65, 0x0f4a, 0x0ef8, 0x0e72,
0x0dbc, 0x0cda, 0x0bd2, 0x0aac, 0x0970, 0x0825, 0x06d6, 0x058b,
0x044f, 0x0329, 0x0222, 0x0143, 0x0092, 0x0015, 0xffd1, 0xffca,
0x0000, 0x0073, 0x0123, 0x020d, 0x032b, 0x0477, 0x05ea, 0x077b,
0x091f, 0x0acd, 0x0c78, 0x0e15, 0x0f97, 0x10f3, 0x121d, 0x130a,
0x13b0, 0x1405, 0x1403, 0x13a4, 0x12e2, 0x11bb, 0x102f, 0x0e40,
0x0bef, 0x0944, 0x0644, 0x02f9, 0xff6e, 0xfbaf, 0xf7c9, 0xf3ca,
0xefc3, 0xebc2, 0xe7d7, 0xe413, 0xe084, 0xdd39, 0xda40, 0xd7a6,
0xd575, 0xd3b7, 0xd273, 0xd1ae, 0xd16c, 0xd1ae, 0xd273, 0xd3b7,
// square1 LP9 (offset 9472, count 128)
0xf069, 0xf094, 0xf0ca, 0xf108, 0xf150, 0xf1a1, 0xf1fb, 0xf25d,
0xf2c8, 0xf33b, 0xf3b6, 0xf439, 0xf4c2, 0xf553, 0xf5ea, 0xf688,
0xf72b, 0xf7d4, 0xf882, 0xf934, 0xf9eb, 0xfaa5, 0xfb63, 0xfc23,
0xfce6, 0xfdab, 0xfe71, 0xff38, 0x0000, 0x00c8, 0x018f, 0x0255,
0x031a, 0x03dd, 0x049d, 0x055b, 0x0615, 0x06cc, 0x077e, 0x082c,
0x08d5, 0x0978, 0x0a16, 0x0aad, 0x0b3e, 0x0bc7, 0x0c4a, 0x0cc5,
0x0d38, 0x0da3, 0x0e05, 0x0e5f, 0x0eb0, 0x0ef8, 0x0f36, 0x0f6c,
0x0f97, 0x0fb9, 0x0fd2, 0x0fe1, 0x0fe5, 0x0fe1, 0x0fd2, 0x0fb9,
0x0f97, 0x0f6c, 0x0f36, 0x0ef8, 0x0eb0, 0x0e5f, 0x0e05, 0x0da3,
0x0d38, 0x0cc5, 0x0c4a, 0x0bc7, 0x0b3e, 0x0aad, 0x0a16, 0x0978,
0x08d5, 0x082c, 0x077e, 0x06cc, 0x0615, 0x055b, 0x049d, 0x03dd,
0x031a, 0x0255, 0x018f, 0x00c8, 0x0000, 0xff38, 0xfe71, 0xfdab,
0xfce6, 0xfc23, 0xfb63, 0xfaa5, 0xf9eb, 0xf934, 0xf882, 0xf7d4,
0xf72b, 0xf688, 0xf5ea, 0xf553, 0xf4c2, 0xf439, 0xf3b6, 0xf33b,
0xf2c8, 0xf25d, 0xf1fb, 0xf1a1, 0xf150, 0xf108, 0xf0ca, 0xf094,
0xf069, 0xf047, 0xf02e, 0xf01f, 0xf01b, 0xf01f, 0xf02e, 0xf047,
// square2 LP1 (offset 9600, count 1024)
0xd019, 0x1b5c, 0x09e0, 0x1424, 0x0ce3, 0x127b, 0x0df1, 0x11c1,
0x0e79, 0x1159, 0x0ecb, 0x1117, 0x0f02, 0x10e9, 0x0f29, 0x10c7,
0x0f46, 0x10ad, 0x0f5d, 0x1099, 0x0f6f, 0x1089, 0x0f7e, 0x107b,
0x0f8a, 0x1070, 0x0f94, 0x1067, 0x0f9d, 0x105e, 0x0fa5, 0x1057,
0x0fab, 0x1051, 0x0fb1, 0x104c, 0x0fb6, 0x1047, 0x0fbb, 0x1042,
0x0fbf, 0x103e, 0x0fc3, 0x103b, 0x0fc6, 0x1038, 0x0fc9, 0x1035,
0x0fcc, 0x1032, 0x0fcf, 0x1030, 0x0fd1, 0x102d, 0x0fd3, 0x102b,
0x0fd5, 0x1029, 0x0fd7, 0x1028, 0x0fd9, 0x1026, 0x0fda, 0x1024,
0x0fdc, 0x1023, 0x0fdd, 0x1022, 0x0fde, 0x1020, 0x0fe0, 0x101f,
0x0fe1, 0x101e, 0x0fe2, 0x101d, 0x0fe3, 0x101c, 0x0fe4, 0x101b,
0x0fe5, 0x101a, 0x0fe6, 0x1019, 0x0fe6, 0x1019, 0x0fe7, 0x1018,
0x0fe8, 0x1017, 0x0fe9, 0x1016, 0x0fe9, 0x1016, 0x0fea, 0x1015,
0x0feb, 0x1015, 0x0feb, 0x1014, 0x0fec, 0x1014, 0x0fec, 0x1013,
0x0fed, 0x1013, 0x0fed, 0x1012, 0x0fee, 0x1012, 0x0fee, 0x1011,
0x0fef, 0x1011, 0x0fef, 0x1010, 0x0fef, 0x1010, 0x0ff0, 0x1010,
0x0ff0, 0x100f, 0x0ff0, 0x100f, 0x0ff1, 0x100f, 0x0ff1, 0x100e,
0x0ff1, 0x100e, 0x0ff2, 0x100e, 0x0ff2, 0x100d, 0x0ff2, 0x100d,
0x0ff2, 0x100d, 0x0ff3, 0x100d, 0x0ff3, 0x100c, 0x0ff3, 0x100c,
0x0ff3, 0x100c, 0x0ff4, 0x100c, 0x0ff4, 0x100c, 0x0ff4, 0x100b,
0x0ff4, 0x100b, 0x0ff4, 0x100b, 0x0ff5, 0x100b, 0x0ff5, 0x100b,
0x0ff5, 0x100a, 0x0ff5, 0x100a, 0x0ff5, 0x100a, 0x0ff6, 0x100a,
0x0ff6, 0x100a, 0x0ff6, 0x100a, 0x0ff6, 0x1009, 0x0ff6, 0x1009,
0x0ff6, 0x1009, 0x0ff6, 0x1009, 0x0ff7, 0x1009, 0x0ff7, 0x1009,
0x0ff7, 0x1009, 0x0ff7, 0x1008, 0x0ff7, 0x1008, 0x0ff7, 0x1008,
0x0ff7, 0x1008, 0x0ff7, 0x1008, 0x0ff8, 0x1008, 0x0ff8, 0x1008,
0x0ff8, 0x1008, 0x0ff8, 0x1008, 0x0ff8, 0x1008, 0x0ff8, 0x1007,
0x0ff8, 0x1007, 0x0ff8, 0x1007, 0x0ff8, 0x1007, 0x0ff8, 0x1007,
0x0ff8, 0x1007, 0x0ff9, 0x1007, 0x0ff9, 0x1007, 0x0ff9, 0x1007,
0x0ff9, 0x1007, 0x0ff9, 0x1007, 0x0ff9, 0x1007, 0x0ff9, 0x1006,
0x0ff9, 0x1006, 0x0ff9, 0x1006, 0x0ff9, 0x1006, 0x0ff9, 0x1006,
0x0ff9, 0x1006, 0x0ff9, 0x1006, 0x0ff9, 0x1006, 0x0ffa, 0x1006,
0x0ffa, 0x1006, 0x0ffa, 0x1006, 0x0ffa, 0x1006, 0x0ffa, 0x1006,
0x0ffa, 0x1006, 0x0ffa, 0x1006, 0x0ffa, 0x1006, 0x0ffa, 0x1006,
0x0ffa, 0x1005, 0x0ffa, 0x1005, 0x0ffa, 0x1005, 0x0ffa, 0x1005,
0x0ffa, 0x1005, 0x0ffa, 0x1005, 0x0ffa, 0x1005, 0x0ffa, 0x1005,
0x0ffa, 0x1005, 0x0ffa, 0x1005, 0x0ffa, 0x1005, 0x0ffa, 0x1005,
0x0ffa, 0x1005, 0x0ffb, 0x1005, 0x0ffb, 0x1005, 0x0ffb, 0x1005,
0x0ffb, 0x1005, 0x0ffb, 0x1005, 0x0ffb, 0x1005, 0x0ffb, 0x1005,
0x0ffb, 0x1005, 0x0ffb, 0x1005, 0x0ffb, 0x1005, 0x0ffb, 0x1005,
0x0ffb, 0x1005, 0x0ffb, 0x1005, 0x0ffb, 0x1005, 0x0ffb, 0x1005,
0x0ffb, 0x1005, 0x0ffb, 0x1004, 0x0ffb, 0x1004, 0x0ffb, 0x1004,
0x0ffb, 0x1004, 0x0ffb, 0x1004, 0x0ffb, 0x1004, 0x0ffb, 0x1004,
0x0ffb, 0x1004, 0x0ffb, 0x1004, 0x0ffb, 0x1004, 0x0ffb, 0x1004,
0x0ffb, 0x1004, 0x0ffb, 0x1004, 0x0ffb, 0x1004, 0x0ffb, 0x1004,
0x0ffb, 0x1004, 0x0ffb, 0x1004, 0x0ffb, 0x1004, 0x0ffb, 0x1004,
0x0ffb, 0x1004, 0x0ffb, 0x1004, 0x0ffb, 0x1004, 0x0ffb, 0x1004,
0x0ffb, 0x1004, 0x0ffb, 0x1004, 0x0ffb, 0x1004, 0x0ffb, 0x1004,
0x0ffb, 0x1004, 0x0ffb, 0x1004, 0x0ffc, 0x1004, 0x0ffc, 0x1004,
0x0ffc, 0x1004, 0x0ffc, 0x1004, 0x0ffc, 0x1004, 0x0ffc, 0x1004,
0x0ffc, 0x1004, 0x0ffc, 0x1004, 0x0ffc, 0x1004, 0x0ffc, 0x1004,
0x0ffc, 0x1004, 0x0ffc, 0x1004, 0x0ffc, 0x1004, 0x0ffc, 0x1004,
0x0ffc, 0x1004, 0x0ffc, 0x1004, 0x0ffc, 0x1004, 0x0ffc, 0x1004,
0x0ffc, 0x1004, 0x0ffc, 0x1004, 0x0ffc, 0x1004, 0x0ffc, 0x1004,
0x0ffc, 0x1004, 0x0ffc, 0x1004, 0x0ffc, 0x1004, 0x0ffc, 0x1004,
0x0ffc, 0x1004, 0x0ffc, 0x1004, 0x0ffc, 0x1004, 0x0ffc, 0x1004,
0x0ffc, 0x1004, 0x0ffc, 0x1004, 0x0ffc, 0x1004, 0x0ffc, 0x1004,
0x0ffc, 0x1004, 0x0ffc, 0x1004, 0x0ffc, 0x1004, 0x0ffc, 0x1004,
0x0ffc, 0x1004, 0x0ffc, 0x1004, 0x0ffc, 0x1004, 0x0ffc, 0x1004,
0x0ffc, 0x1004, 0x0ffc, 0x1004, 0x0ffc, 0x1004, 0x0ffc, 0x1004,
0x0ffc, 0x1004, 0x0ffc, 0x1004, 0x0ffc, 0x1004, 0x0ffc, 0x1004,
0x0ffc, 0x1004, 0x0ffc, 0x1004, 0x0ffc, 0x1004, 0x0ffc, 0x1004,
0x0ffc, 0x1004, 0x0ffc, 0x1004, 0x0ffc, 0x1004, 0x0ffc, 0x1004,
0x0ffc, 0x1004, 0x0ffc, 0x1004, 0x0ffc, 0x1004, 0x0ffc, 0x1004,
0x0ffc, 0x1004, 0x0ffc, 0x1004, 0x0ffc, 0x1004, 0x0ffc, 0x1004,
0x0ffc, 0x1004, 0x0ffc, 0x1004, 0x0ffc, 0x1004, 0x0ffb, 0x1004,
0x0ffb, 0x1004, 0x0ffb, 0x1004, 0x0ffb, 0x1004, 0x0ffb, 0x1004,
0x0ffb, 0x1004, 0x0ffb, 0x1004, 0x0ffb, 0x1004, 0x0ffb, 0x1004,
0x0ffb, 0x1004, 0x0ffb, 0x1004, 0x0ffb, 0x1004, 0x0ffb, 0x1004,
0x0ffb, 0x1004, 0x0ffb, 0x1004, 0x0ffb, 0x1004, 0x0ffb, 0x1004,
0x0ffb, 0x1004, 0x0ffb, 0x1004, 0x0ffb, 0x1004, 0x0ffb, 0x1004,
0x0ffb, 0x1004, 0x0ffb, 0x1004, 0x0ffb, 0x1004, 0x0ffb, 0x1004,
0x0ffb, 0x1004, 0x0ffb, 0x1004, 0x0ffb, 0x1004, 0x0ffb, 0x1005,
0x0ffb, 0x1005, 0x0ffb, 0x1005, 0x0ffb, 0x1005, 0x0ffb, 0x1005,
0x0ffb, 0x1005, 0x0ffb, 0x1005, 0x0ffb, 0x1005, 0x0ffb, 0x1005,
0x0ffb, 0x1005, 0x0ffb, 0x1005, 0x0ffb, 0x1005, 0x0ffb, 0x1005,
0x0ffb, 0x1005, 0x0ffb, 0x1005, 0x0ffb, 0x1005, 0x0ffb, 0x1005,
0x0ffa, 0x1005, 0x0ffa, 0x1005, 0x0ffa, 0x1005, 0x0ffa, 0x1005,
0x0ffa, 0x1005, 0x0ffa, 0x1005, 0x0ffa, 0x1005, 0x0ffa, 0x1005,
0x0ffa, 0x1005, 0x0ffa, 0x1005, 0x0ffa, 0x1005, 0x0ffa, 0x1005,
0x0ffa, 0x1006, 0x0ffa, 0x1006, 0x0ffa, 0x1006, 0x0ffa, 0x1006,
0x0ffa, 0x1006, 0x0ffa, 0x1006, 0x0ffa, 0x1006, 0x0ffa, 0x1006,
0x0ffa, 0x1006, 0x0ffa, 0x1006, 0x0ff9, 0x1006, 0x0ff9, 0x1006,
0x0ff9, 0x1006, 0x0ff9, 0x1006, 0x0ff9, 0x1006, 0x0ff9, 0x1006,
0x0ff9, 0x1006, 0x0ff9, 0x1007, 0x0ff9, 0x1007, 0x0ff9, 0x1007,
0x0ff9, 0x1007, 0x0ff9, 0x1007, 0x0ff9, 0x1007, 0x0ff9, 0x1007,
0x0ff8, 0x1007, 0x0ff8, 0x1007, 0x0ff8, 0x1007, 0x0ff8, 0x1007,
0x0ff8, 0x1007, 0x0ff8, 0x1008, 0x0ff8, 0x1008, 0x0ff8, 0x1008,
0x0ff8, 0x1008, 0x0ff8, 0x1008, 0x0ff8, 0x1008, 0x0ff7, 0x1008,
0x0ff7, 0x1008, 0x0ff7, 0x1008, 0x0ff7, 0x1008, 0x0ff7, 0x1009,
0x0ff7, 0x1009, 0x0ff7, 0x1009, 0x0ff7, 0x1009, 0x0ff6, 0x1009,
0x0ff6, 0x1009, 0x0ff6, 0x1009, 0x0ff6, 0x100a, 0x0ff6, 0x100a,
0x0ff6, 0x100a, 0x0ff6, 0x100a, 0x0ff5, 0x100a, 0x0ff5, 0x100a,
0x0ff5, 0x100b, 0x0ff5, 0x100b, 0x0ff5, 0x100b, 0x0ff4, 0x100b,
0x0ff4, 0x100b, 0x0ff4, 0x100c, 0x0ff4, 0x100c, 0x0ff4, 0x100c,
0x0ff3, 0x100c, 0x0ff3, 0x100c, 0x0ff3, 0x100d, 0x0ff3, 0x100d,
0x0ff2, 0x100d, 0x0ff2, 0x100d, 0x0ff2, 0x100e, 0x0ff2, 0x100e,
0x0ff1, 0x100e, 0x0ff1, 0x100f, 0x0ff1, 0x100f, 0x0ff0, 0x100f,
0x0ff0, 0x1010, 0x0ff0, 0x1010, 0x0fef, 0x1010, 0x0fef, 0x1011,
0x0fef, 0x1011, 0x0fee, 0x1012, 0x0fee, 0x1012, 0x0fed, 0x1013,
0x0fed, 0x1013, 0x0fec, 0x1014, 0x0fec, 0x1014, 0x0feb, 0x1015,
0x0feb, 0x1015, 0x0fea, 0x1016, 0x0fe9, 0x1016, 0x0fe9, 0x1017,
0x0fe8, 0x1018, 0x0fe7, 0x1019, 0x0fe6, 0x1019, 0x0fe6, 0x101a,
0x0fe5, 0x101b, 0x0fe4, 0x101c, 0x0fe3, 0x101d, 0x0fe2, 0x101e,
0x0fe1, 0x101f, 0x0fe0, 0x1020, 0x0fde, 0x1022, 0x0fdd, 0x1023,
0x0fdc, 0x1024, 0x0fda, 0x1026, 0x0fd9, 0x1028, 0x0fd7, 0x1029,
0x0fd5, 0x102b, 0x0fd3, 0x102d, 0x0fd1, 0x1030, 0x0fcf, 0x1032,
0x0fcc, 0x1035, 0x0fc9, 0x1038, 0x0fc6, 0x103b, 0x0fc3, 0x103e,
0x0fbf, 0x1042, 0x0fbb, 0x1047, 0x0fb6, 0x104c, 0x0fb1, 0x1051,
0x0fab, 0x1057, 0x0fa5, 0x105e, 0x0f9d, 0x1067, 0x0f94, 0x1070,
0x0f8a, 0x107b, 0x0f7e, 0x1089, 0x0f6f, 0x1099, 0x0f5d, 0x10ad,
0x0f46, 0x10c7, 0x0f29, 0x10e9, 0x0f02, 0x1117, 0x0ecb, 0x1159,
0x0e79, 0x11c1, 0x0df1, 0x127b, 0x0ce3, 0x1424, 0x09e0, 0x1b5c,
0xd019, 0x8475, 0x9653, 0x8bac, 0x934f, 0x8d55, 0x9242, 0x8e0f,
0x91ba, 0x8e77, 0x9168, 0x8eb9, 0x9131, 0x8ee7, 0x910a, 0x8f09,
0x90ed, 0x8f22, 0x90d7, 0x8f36, 0x90c5, 0x8f46, 0x90b7, 0x8f53,
0x90ab, 0x8f5e, 0x90a1, 0x8f67, 0x9098, 0x8f6f, 0x9091, 0x8f76,
0x908b, 0x8f7c, 0x9085, 0x8f81, 0x9081, 0x8f85, 0x907d, 0x8f89,
0x9079, 0x8f8c, 0x9076, 0x8f8f, 0x9073, 0x8f91, 0x9071, 0x8f93,
0x906f, 0x8f95, 0x906d, 0x8f97, 0x906c, 0x8f98, 0x906b, 0x8f99,
0x906a, 0x8f9a, 0x9069, 0x8f9b, 0x9069, 0x8f9b, 0x9068, 0x8f9b,
0x9068, 0x8f9b, 0x9068, 0x8f9b, 0x9069, 0x8f9b, 0x9069, 0x8f9a,
0x906a, 0x8f99, 0x906b, 0x8f98, 0x906c, 0x8f97, 0x906d, 0x8f95,
0x906f, 0x8f93, 0x9071, 0x8f91, 0x9073, 0x8f8f, 0x9076, 0x8f8c,
0x9079, 0x8f89, 0x907d, 0x8f85, 0x9081, 0x8f81, 0x9085, 0x8f7c,
0x908b, 0x8f76, 0x9091, 0x8f6f, 0x9098, 0x8f67, 0x90a1, 0x8f5e,
0x90ab, 0x8f53, 0x90b7, 0x8f46, 0x90c5, 0x8f36, 0x90d7, 0x8f22,
0x90ed, 0x8f09, 0x910a, 0x8ee7, 0x9131, 0x8eb9, 0x9168, 0x8e77,
0x91ba, 0x8e0f, 0x9242, 0x8d55, 0x934f, 0x8bac, 0x9653, 0x8475,
// square2 LP2 (offset 10624, count 512)
0xd032, 0x1b44, 0x09f7, 0x140d, 0x0cfa, 0x1265, 0x0e06, 0x11ac,
0x0e8d, 0x1145, 0x0edf, 0x1104, 0x0f14, 0x10d6, 0x0f3b, 0x10b6,
0x0f57, 0x109d, 0x0f6d, 0x1089, 0x0f7f, 0x1079, 0x0f8d, 0x106d,
0x0f98, 0x1062, 0x0fa2, 0x1059, 0x0fab, 0x1051, 0x0fb2, 0x104b,
0x0fb8, 0x1045, 0x0fbd, 0x1040, 0x0fc2, 0x103b, 0x0fc6, 0x1037,
0x0fca, 0x1034, 0x0fcd, 0x1031, 0x0fd0, 0x102e, 0x0fd3, 0x102b,
0x0fd5, 0x1029, 0x0fd8, 0x1027, 0x0fda, 0x1025, 0x0fdc, 0x1023,
0x0fdd, 0x1021, 0x0fdf, 0x1020, 0x0fe0, 0x101e, 0x0fe2, 0x101d,
0x0fe3, 0x101c, 0x0fe4, 0x101b, 0x0fe5, 0x101a, 0x0fe6, 0x1019,
0x0fe7, 0x1018, 0x0fe8, 0x1017, 0x0fe9, 0x1016, 0x0fea, 0x1016,
0x0fea, 0x1015, 0x0feb, 0x1014, 0x0fec, 0x1014, 0x0fec, 0x1013,
0x0fed, 0x1012, 0x0fed, 0x1012, 0x0fee, 0x1011, 0x0fee, 0x1011,
0x0fef, 0x1010, 0x0fef, 0x1010, 0x0ff0, 0x1010, 0x0ff0, 0x100f,
0x0ff0, 0x100f, 0x0ff1, 0x100e, 0x0ff1, 0x100e, 0x0ff2, 0x100e,
0x0ff2, 0x100e, 0x0ff2, 0x100d, 0x0ff2, 0x100d, 0x0ff3, 0x100d,
0x0ff3, 0x100c, 0x0ff3, 0x100c, 0x0ff3, 0x100c, 0x0ff4, 0x100c,
0x0ff4, 0x100c, 0x0ff4, 0x100b, 0x0ff4, 0x100b, 0x0ff4, 0x100b,
0x0ff5, 0x100b, 0x0ff5, 0x100b, 0x0ff5, 0x100b, 0x0ff5, 0x100a,
0x0ff5, 0x100a, 0x0ff5, 0x100a, 0x0ff5, 0x100a, 0x0ff6, 0x100a,
0x0ff6, 0x100a, 0x0ff6, 0x100a, 0x0ff6, 0x1009, 0x0ff6, 0x1009,
0x0ff6, 0x1009, 0x0ff6, 0x1009, 0x0ff6, 0x1009, 0x0ff6, 0x1009,
0x0ff7, 0x1009, 0x0ff7, 0x1009, 0x0ff7, 0x1009, 0x0ff7, 0x1009,
0x0ff7, 0x1009, 0x0ff7, 0x1009, 0x0ff7, 0x1008, 0x0ff7, 0x1008,
0x0ff7, 0x1008, 0x0ff7, 0x1008, 0x0ff7, 0x1008, 0x0ff7, 0x1008,
0x0ff7, 0x1008, 0x0ff7, 0x1008, 0x0ff7, 0x1008, 0x0ff7, 0x1008,
0x0ff7, 0x1008, 0x0ff7, 0x1008, 0x0ff8, 0x1008, 0x0ff8, 0x1008,
0x0ff8, 0x1008, 0x0ff8, 0x1008, 0x0ff8, 0x1008, 0x0ff8, 0x1008,
0x0ff8, 0x1008, 0x0ff8, 0x1008, 0x0ff8, 0x1008, 0x0ff8, 0x1008,
0x0ff8, 0x1008, 0x0ff8, 0x1008, 0x0ff8, 0x1008, 0x0ff8, 0x1008,
0x0ff8, 0x1008, 0x0ff8, 0x1008, 0x0ff8, 0x1008, 0x0ff8, 0x1008,
0x0ff8, 0x1008, 0x0ff8, 0x1008, 0x0ff8, 0x1008, 0x0ff7, 0x1008,
0x0ff7, 0x1008, 0x0ff7, 0x1008, 0x0ff7, 0x1008, 0x0ff7, 0x1008,
0x0ff7, 0x1008, 0x0ff7, 0x1008, 0x0ff7, 0x1008, 0x0ff7, 0x1008,
0x0ff7, 0x1008, 0x0ff7, 0x1008, 0x0ff7, 0x1009, 0x0ff7, 0x1009,
0x0ff7, 0x1009, 0x0ff7, 0x1009, 0x0ff7, 0x1009, 0x0ff7, 0x1009,
0x0ff7, 0x1009, 0x0ff6, 0x1009, 0x0ff6, 0x1009, 0x0ff6, 0x1009,
0x0ff6, 0x1009, 0x0ff6, 0x1009, 0x0ff6, 0x100a, 0x0ff6, 0x100a,
0x0ff6, 0x100a, 0x0ff6, 0x100a, 0x0ff5, 0x100a, 0x0ff5, 0x100a,
0x0ff5, 0x100a, 0x0ff5, 0x100b, 0x0ff5, 0x100b, 0x0ff5, 0x100b,
0x0ff5, 0x100b, 0x0ff4, 0x100b, 0x0ff4, 0x100b, 0x0ff4, 0x100c,
0x0ff4, 0x100c, 0x0ff4, 0x100c, 0x0ff3, 0x100c, 0x0ff3, 0x100c,
0x0ff3, 0x100d, 0x0ff3, 0x100d, 0x0ff2, 0x100d, 0x0ff2, 0x100e,
0x0ff2, 0x100e, 0x0ff2, 0x100e, 0x0ff1, 0x100e, 0x0ff1, 0x100f,
0x0ff0, 0x100f, 0x0ff0, 0x1010, 0x0ff0, 0x1010, 0x0fef, 0x1010,
0x0fef, 0x1011, 0x0fee, 0x1011, 0x0fee, 0x1012, 0x0fed, 0x1012,
0x0fed, 0x1013, 0x0fec, 0x1014, 0x0fec, 0x1014, 0x0feb, 0x1015,
0x0fea, 0x1016, 0x0fea, 0x1016, 0x0fe9, 0x1017, 0x0fe8, 0x1018,
0x0fe7, 0x1019, 0x0fe6, 0x101a, 0x0fe5, 0x101b, 0x0fe4, 0x101c,
0x0fe3, 0x101d, 0x0fe2, 0x101e, 0x0fe0, 0x1020, 0x0fdf, 0x1021,
0x0fdd, 0x1023, 0x0fdc, 0x1025, 0x0fda, 0x1027, 0x0fd8, 0x1029,
0x0fd5, 0x102b, 0x0fd3, 0x102e, 0x0fd0, 0x1031, 0x0fcd, 0x1034,
0x0fca, 0x1037, 0x0fc6, 0x103b, 0x0fc2, 0x1040, 0x0fbd, 0x1045,
0x0fb8, 0x104b, 0x0fb2, 0x1051, 0x0fab, 0x1059, 0x0fa2, 0x1062,
0x0f98, 0x106d, 0x0f8d, 0x1079, 0x0f7f, 0x1089, 0x0f6d, 0x109d,
0x0f57, 0x10b6, 0x0f3b, 0x10d6, 0x0f14, 0x1104, 0x0edf, 0x1145,
0x0e8d, 0x11ac, 0x0e06, 0x1265, 0x0cfa, 0x140d, 0x09f7, 0x1b44,
0xd032, 0x845c, 0x966d, 0x8b92, 0x936b, 0x8d39, 0x925f, 0x8df2,
0x91d8, 0x8e58, 0x9188, 0x8e98, 0x9153, 0x8ec4, 0x912e, 0x8ee4,
0x9114, 0x8efb, 0x9100, 0x8f0c, 0x90f0, 0x8f19, 0x90e5, 0x8f23,
0x90dc, 0x8f2b, 0x90d6, 0x8f30, 0x90d2, 0x8f33, 0x90cf, 0x8f35,
0x90cf, 0x8f35, 0x90cf, 0x8f33, 0x90d2, 0x8f30, 0x90d6, 0x8f2b,
0x90dc, 0x8f23, 0x90e5, 0x8f19, 0x90f0, 0x8f0c, 0x9100, 0x8efb,
0x9114, 0x8ee4, 0x912e, 0x8ec4, 0x9153, 0x8e98, 0x9188, 0x8e58,
0x91d8, 0x8df2, 0x925f, 0x8d39, 0x936b, 0x8b92, 0x966d, 0x845c,
// square2 LP3 (offset 11136, count 256)
0xd063, 0x1b15, 0x0a24, 0x13e3, 0x0d22, 0x123e, 0x0e2b, 0x1188,
0x0eb0, 0x1124, 0x0efe, 0x10e5, 0x0f31, 0x10bb, 0x0f56, 0x109c,
0x0f70, 0x1085, 0x0f84, 0x1073, 0x0f94, 0x1065, 0x0fa1, 0x1059,
0x0fab, 0x1050, 0x0fb4, 0x1048, 0x0fbb, 0x1041, 0x0fc1, 0x103c,
0x0fc6, 0x1037, 0x0fcb, 0x1033, 0x0fcf, 0x102f, 0x0fd2, 0x102c,
0x0fd5, 0x1029, 0x0fd8, 0x1027, 0x0fda, 0x1024, 0x0fdc, 0x1022,
0x0fde, 0x1021, 0x0fe0, 0x101f, 0x0fe1, 0x101e, 0x0fe3, 0x101c,
0x0fe4, 0x101b, 0x0fe5, 0x101a, 0x0fe6, 0x1019, 0x0fe7, 0x1018,
0x0fe8, 0x1017, 0x0fe9, 0x1016, 0x0fe9, 0x1016, 0x0fea, 0x1015,
0x0feb, 0x1015, 0x0feb, 0x1014, 0x0fec, 0x1014, 0x0fec, 0x1013,
0x0fed, 0x1013, 0x0fed, 0x1012, 0x0fed, 0x1012, 0x0fee, 0x1012,
0x0fee, 0x1011, 0x0fee, 0x1011, 0x0fee, 0x1011, 0x0fef, 0x1011,
0x0fef, 0x1011, 0x0fef, 0x1010, 0x0fef, 0x1010, 0x0fef, 0x1010,
0x0fef, 0x1010, 0x0fef, 0x1010, 0x0ff0, 0x1010, 0x0ff0, 0x1010,
0x0ff0, 0x1010, 0x0ff0, 0x1010, 0x0ff0, 0x1010, 0x0fef, 0x1010,
0x0fef, 0x1010, 0x0fef, 0x1010, 0x0fef, 0x1010, 0x0fef, 0x1011,
0x0fef, 0x1011, 0x0fef, 0x1011, 0x0fee, 0x1011, 0x0fee, 0x1011,
0x0fee, 0x1012, 0x0fee, 0x1012, 0x0fed, 0x1012, 0x0fed, 0x1013,
0x0fed, 0x1013, 0x0fec, 0x1014, 0x0fec, 0x1014, 0x0feb, 0x1015,
0x0feb, 0x1015, 0x0fea, 0x1016, 0x0fe9, 0x1016, 0x0fe9, 0x1017,
0x0fe8, 0x1018, 0x0fe7, 0x1019, 0x0fe6, 0x101a, 0x0fe5, 0x101b,
0x0fe4, 0x101c, 0x0fe3, 0x101e, 0x0fe1, 0x101f, 0x0fe0, 0x1021,
0x0fde, 0x1022, 0x0fdc, 0x1024, 0x0fda, 0x1027, 0x0fd8, 0x1029,
0x0fd5, 0x102c, 0x0fd2, 0x102f, 0x0fcf, 0x1033, 0x0fcb, 0x1037,
0x0fc6, 0x103c, 0x0fc1, 0x1041, 0x0fbb, 0x1048, 0x0fb4, 0x1050,
0x0fab, 0x1059, 0x0fa1, 0x1065, 0x0f94, 0x1073, 0x0f84, 0x1085,
0x0f70, 0x109c, 0x0f56, 0x10bb, 0x0f31, 0x10e5, 0x0efe, 0x1124,
0x0eb0, 0x1188, 0x0e2b, 0x123e, 0x0d22, 0x13e3, 0x0a24, 0x1b15,
0xd063, 0x8428, 0x96a3, 0x8b58, 0x93a7, 0x8cf9, 0x92a2, 0x8daa,
0x9224, 0x8e07, 0x91df, 0x8e3c, 0x91b7, 0x8e59, 0x91a2, 0x8e67,
0x919b, 0x8e67, 0x91a2, 0x8e59, 0x91b7, 0x8e3c, 0x91df, 0x8e07,
0x9224, 0x8daa, 0x92a2, 0x8cf9, 0x93a7, 0x8b58, 0x96a3, 0x8428,
// square2 LP4 (offset 11392, count 128)
0xd0c5, 0x1abc, 0x0a75, 0x1398, 0x0d67, 0x11ff, 0x0e65, 0x1153,
0x0ee1, 0x10f6, 0x0f29, 0x10bd, 0x0f57, 0x1098, 0x0f76, 0x107d,
0x0f8d, 0x106a, 0x0f9d, 0x105b, 0x0faa, 0x1050, 0x0fb4, 0x1047,
0x0fbc, 0x1040, 0x0fc3, 0x103a, 0x0fc8, 0x1035, 0x0fcc, 0x1031,
0x0fd0, 0x102e, 0x0fd3, 0x102b, 0x0fd6, 0x1029, 0x0fd8, 0x1027,
0x0fda, 0x1025, 0x0fdb, 0x1024, 0x0fdc, 0x1023, 0x0fdd, 0x1022,
0x0fde, 0x1021, 0x0fdf, 0x1021, 0x0fdf, 0x1020, 0x0fdf, 0x1020,
0x0fdf, 0x1020, 0x0fdf, 0x1020, 0x0fdf, 0x1021, 0x0fdf, 0x1021,
0x0fde, 0x1022, 0x0fdd, 0x1023, 0x0fdc, 0x1024, 0x0fdb, 0x1025,
0x0fda, 0x1027, 0x0fd8, 0x1029, 0x0fd6, 0x102b, 0x0fd3, 0x102e,
0x0fd0, 0x1031, 0x0fcc, 0x1035, 0x0fc8, 0x103a, 0x0fc3, 0x1040,
0x0fbc, 0x1047, 0x0fb4, 0x1050, 0x0faa, 0x105b, 0x0f9d, 0x106a,
0x0f8d, 0x107d, 0x0f76, 0x1098, 0x0f57, 0x10bd, 0x0f29, 0x10f6,
0x0ee1, 0x1153, 0x0e65, 0x11ff, 0x0d67, 0x1398, 0x0a75, 0x1abc,
0xd0c5, 0x83bb, 0x971c, 0x8ad1, 0x943f, 0x8c4c, 0x9369, 0x8cc4,
0x9332, 0x8cc4, 0x9369, 0x8c4c, 0x943f, 0x8ad1, 0x971c, 0x83bb,
// square2 LP5 (offset 11520, count 128)
0xd189, 0x07e8, 0x1a1a, 0x117c, 0x0afd, 0x0f6d, 0x1325, 0x104a,
0x0dca, 0x0fd4, 0x11aa, 0x101c, 0x0eb0, 0x0fec, 0x1112, 0x100e,
0x0f1a, 0x0ff5, 0x10c4, 0x1008, 0x0f55, 0x0ff9, 0x1096, 0x1005,
0x0f79, 0x0ffc, 0x107a, 0x1003, 0x0f90, 0x0ffd, 0x1066, 0x1002,
0x0fa0, 0x0ffe, 0x1059, 0x1001, 0x0fac, 0x0ffe, 0x1050, 0x1001,
0x0fb3, 0x0fff, 0x1049, 0x1001, 0x0fb9, 0x0fff, 0x1045, 0x1000,
0x0fbc, 0x0fff, 0x1042, 0x1000, 0x0fbe, 0x1000, 0x1041, 0x1000,
0x0fbf, 0x1000, 0x1041, 0x1000, 0x0fbe, 0x1000, 0x1042, 0x0fff,
0x0fbc, 0x1000, 0x1045, 0x0fff, 0x0fb9, 0x1001, 0x1049, 0x0fff,
0x0fb3, 0x1001, 0x1050, 0x0ffe, 0x0fac, 0x1001, 0x1059, 0x0ffe,
0x0fa0, 0x1002, 0x1066, 0x0ffd, 0x0f90, 0x1003, 0x107a, 0x0ffc,
0x0f79, 0x1005, 0x1096, 0x0ff9, 0x0f55, 0x1008, 0x10c4, 0x0ff5,
0x0f1a, 0x100e, 0x1112, 0x0fec, 0x0eb0, 0x101c, 0x11aa, 0x0fd4,
0x0dca, 0x104a, 0x1325, 0x0f6d, 0x0afd, 0x117c, 0x1a1a, 0x07e8,
0xd189, 0x9815, 0x82cb, 0x8e93, 0x984b, 0x907c, 0x8948, 0x8fe2,
0x9655, 0x8fe2, 0x8948, 0x907c, 0x984b, 0x8e93, 0x82cb, 0x9815,
// square2 LP6 (offset 11648, count 128)
0xd30a, 0xf119, 0x080c, 0x1537, 0x190d, 0x1677, 0x1165, 0x0d3b,
0x0bc2, 0x0cf3, 0x0f7d, 0x11bb, 0x1291, 0x11d8, 0x103f, 0x0eca,
0x0e3b, 0x0ebb, 0x0fdc, 0x10e9, 0x1152, 0x10f2, 0x1016, 0x0f46,
0x0ef4, 0x0f41, 0x0ff1, 0x109a, 0x10dd, 0x109e, 0x100a, 0x0f7b,
0x0f42, 0x0f78, 0x0ff9, 0x1075, 0x10a8, 0x1077, 0x1005, 0x0f95,
0x0f67, 0x0f93, 0x0ffc, 0x1063, 0x108d, 0x1064, 0x1002, 0x0fa1,
0x0f79, 0x0fa0, 0x0ffe, 0x105c, 0x1082, 0x105c, 0x1000, 0x0fa4,
0x0f7e, 0x0fa4, 0x1000, 0x105c, 0x1082, 0x105c, 0x0ffe, 0x0fa0,
0x0f79, 0x0fa1, 0x1002, 0x1064, 0x108d, 0x1063, 0x0ffc, 0x0f93,
0x0f67, 0x0f95, 0x1005, 0x1077, 0x10a8, 0x1075, 0x0ff9, 0x0f78,
0x0f42, 0x0f7b, 0x100a, 0x109e, 0x10dd, 0x109a, 0x0ff1, 0x0f41,
0x0ef4, 0x0f46, 0x1016, 0x10f2, 0x1152, 0x10e9, 0x0fdc, 0x0ebb,
0x0e3b, 0x0eca, 0x103f, 0x11d8, 0x1291, 0x11bb, 0x0f7d, 0x0cf3,
0x0bc2, 0x0d3b, 0x1165, 0x1677, 0x190d, 0x1537, 0x080c, 0xf119,
0xd30a, 0xb32d, 0x97d5, 0x8635, 0x807c, 0x850c, 0x8f16, 0x9880,
0x9c47, 0x9880, 0x8f16, 0x850c, 0x807c, 0x8635, 0x97d5, 0xb32d,
// square2 LP7 (offset 11776, count 128)
0xd5e3, 0xe54d, 0xf326, 0xfef8, 0x0876, 0x0f87, 0x143b, 0x16cc,
0x1790, 0x16f2, 0x1564, 0x1359, 0x1134, 0x0f48, 0x0dd0, 0x0cea,
0x0ca0, 0x0ce3, 0x0d93, 0x0e89, 0x0f98, 0x1096, 0x1160, 0x11e0,
0x120a, 0x11e3, 0x1176, 0x10dc, 0x102e, 0x0f86, 0x0efe, 0x0ea7,
0x0e89, 0x0ea5, 0x0ef4, 0x0f66, 0x0fe9, 0x1068, 0x10d2, 0x1116,
0x112e, 0x1117, 0x10d7, 0x1078, 0x100b, 0x0f9f, 0x0f44, 0x0f09,
0x0ef4, 0x0f09, 0x0f42, 0x0f98, 0x0ffd, 0x1061, 0x10b5, 0x10ed,
0x1101, 0x10ed, 0x10b5, 0x1061, 0x0ffd, 0x0f98, 0x0f42, 0x0f09,
0x0ef4, 0x0f09, 0x0f44, 0x0f9f, 0x100b, 0x1078, 0x10d7, 0x1117,
0x112e, 0x1116, 0x10d2, 0x1068, 0x0fe9, 0x0f66, 0x0ef4, 0x0ea5,
0x0e89, 0x0ea7, 0x0efe, 0x0f86, 0x102e, 0x10dc, 0x1176, 0x11e3,
0x120a, 0x11e0, 0x1160, 0x1096, 0x0f98, 0x0e89, 0x0d93, 0x0ce3,
0x0ca0, 0x0cea, 0x0dd0, 0x0f48, 0x1134, 0x1359, 0x1564, 0x16f2,
0x1790, 0x16cc, 0x143b, 0x0f87, 0x0876, 0xfef8, 0xf326, 0xe54d,
0xd5e3, 0xc589, 0xb4fe, 0xa513, 0x96a0, 0x8a6e, 0x812d, 0x8000,
0x8000, 0x8000, 0x812d, 0x8a6e, 0x96a0, 0xa513, 0xb4fe, 0xc589,
// square2 LP8 (offset 11904, count 128)
0xc538, 0xcb70, 0xd209, 0xd8e8, 0xdff2, 0xe70c, 0xee1b, 0xf505,
0xfbb2, 0x020a, 0x07f8, 0x0d6a, 0x1250, 0x169d, 0x1a47, 0x1d49,
0x1f9f, 0x214a, 0x224d, 0x22af, 0x2279, 0x21b9, 0x207c, 0x1ed2,
0x1ccf, 0x1a85, 0x1807, 0x156a, 0x12c2, 0x1022, 0x0d9c, 0x0b40,
0x091f, 0x0744, 0x05bb, 0x048c, 0x03bd, 0x0350, 0x0346, 0x039c,
0x044e, 0x0555, 0x06a8, 0x083b, 0x0a02, 0x0bef, 0x0df4, 0x1002,
0x120a, 0x13fe, 0x15ce, 0x176f, 0x18d5, 0x19f6, 0x1aca, 0x1b4c,
0x1b78, 0x1b4c, 0x1aca, 0x19f6, 0x18d5, 0x176f, 0x15ce, 0x13fe,
0x120a, 0x1002, 0x0df4, 0x0bef, 0x0a02, 0x083b, 0x06a8, 0x0555,
0x044e, 0x039c, 0x0346, 0x0350, 0x03bd, 0x048c, 0x05bb, 0x0744,
0x091f, 0x0b40, 0x0d9c, 0x1022, 0x12c2, 0x156a, 0x1807, 0x1a85,
0x1ccf, 0x1ed2, 0x207c, 0x21b9, 0x2279, 0x22af, 0x224d, 0x214a,
0x1f9f, 0x1d49, 0x1a47, 0x169d, 0x1250, 0x0d6a, 0x07f8, 0x020a,
0xfbb2, 0xf505, 0xee1b, 0xe70c, 0xdff2, 0xd8e8, 0xd209, 0xcb70,
0xc538, 0xbf79, 0xba4a, 0xb5c1, 0xb1f0, 0xaee7, 0xacb3, 0xab5d,
0xaaeb, 0xab5d, 0xacb3, 0xaee7, 0xb1f0, 0xb5c1, 0xba4a, 0xbf79,
// square2 LP9 (offset 12032, count 128)
0xe331, 0xe3d0, 0xe480, 0xe541, 0xe613, 0xe6f4, 0xe7e5, 0xe8e5,
0xe9f3, 0xeb0f, 0xec38, 0xed6d, 0xeead, 0xeff8, 0xf14d, 0xf2ab,
0xf411, 0xf57f, 0xf6f3, 0xf86c, 0xf9eb, 0xfb6d, 0xfcf2, 0xfe78,
0x0000, 0x0188, 0x030e, 0x0493, 0x0615, 0x0794, 0x090d, 0x0a81,
0x0bef, 0x0d55, 0x0eb3, 0x1008, 0x1153, 0x1293, 0x13c8, 0x14f1,
0x160d, 0x171b, 0x181b, 0x190c, 0x19ed, 0x1abf, 0x1b80, 0x1c30,
0x1ccf, 0x1d5c, 0x1dd7, 0x1e3f, 0x1e95, 0x1ed8, 0x1f08, 0x1f25,
0x1f2f, 0x1f25, 0x1f08, 0x1ed8, 0x1e95, 0x1e3f, 0x1dd7, 0x1d5c,
0x1ccf, 0x1c30, 0x1b80, 0x1abf, 0x19ed, 0x190c, 0x181b, 0x171b,
0x160d, 0x14f1, 0x13c8, 0x1293, 0x1153, 0x1008, 0x0eb3, 0x0d55,
0x0bef, 0x0a81, 0x090d, 0x0794, 0x0615, 0x0493, 0x030e, 0x0188,
0x0000, 0xfe78, 0xfcf2, 0xfb6d, 0xf9eb, 0xf86c, 0xf6f3, 0xf57f,
0xf411, 0xf2ab, 0xf14d, 0xeff8, 0xeead, 0xed6d, 0xec38, 0xeb0f,
0xe9f3, 0xe8e5, 0xe7e5, 0xe6f4, 0xe613, 0xe541, 0xe480, 0xe3d0,
0xe331, 0xe2a4, 0xe229, 0xe1c1, 0xe16b, 0xe128, 0xe0f8, 0xe0db,
0xe0d1, 0xe0db, 0xe0f8, 0xe128, 0xe16b, 0xe1c1, 0xe229, 0xe2a4,
// square3 LP1 (offset 12160, count 1024)
0xd810, 0x2365, 0x11d7, 0x1c2d, 0x14da, 0x1a84, 0x15e8, 0x19c9,
0x1670, 0x1961, 0x16c3, 0x191f, 0x16fa, 0x18f1, 0x1721, 0x18cf,
0x173e, 0x18b5, 0x1755, 0x18a1, 0x1767, 0x1890, 0x1776, 0x1883,
0x1783, 0x1877, 0x178d, 0x186d, 0x1796, 0x1865, 0x179e, 0x185e,
0x17a5, 0x1858, 0x17ab, 0x1852, 0x17b0, 0x184d, 0x17b5, 0x1848,
0x17b9, 0x1844, 0x17bd, 0x1841, 0x17c0, 0x183d, 0x17c3, 0x183a,
0x17c6, 0x1838, 0x17c9, 0x1835, 0x17cb, 0x1833, 0x17ce, 0x1831,
0x17d0, 0x182f, 0x17d2, 0x182d, 0x17d3, 0x182b, 0x17d5, 0x1829,
0x17d7, 0x1828, 0x17d8, 0x1826, 0x17d9, 0x1825, 0x17db, 0x1824,
0x17dc, 0x1823, 0x17dd, 0x1822, 0x17de, 0x1821, 0x17df, 0x1820,
0x17e0, 0x181f, 0x17e1, 0x181e, 0x17e2, 0x181d, 0x17e3, 0x181c,
0x17e4, 0x181b, 0x17e4, 0x181b, 0x17e5, 0x181a, 0x17e6, 0x1819,
0x17e6, 0x1819, 0x17e7, 0x1818, 0x17e8, 0x1817, 0x17e8, 0x1817,
0x17e9, 0x1816, 0x17e9, 0x1816, 0x17ea, 0x1815, 0x17ea, 0x1815,
0x17eb, 0x1814, 0x17eb, 0x1814, 0x17ec, 0x1813, 0x17ec, 0x1813,
0x17ec, 0x1813, 0x17ed, 0x1812, 0x17ed, 0x1812, 0x17ed, 0x1812,
0x17ee, 0x1811, 0x17ee, 0x1811, 0x17ee, 0x1811, 0x17ef, 0x1810,
0x17ef, 0x1810, 0x17ef, 0x1810, 0x17f0, 0x180f, 0x17f0, 0x180f,
0x17f0, 0x180f, 0x17f0, 0x180f, 0x17f1, 0x180e, 0x17f1, 0x180e,
0x17f1, 0x180e, 0x17f1, 0x180e, 0x17f2, 0x180e, 0x17f2, 0x180d,
0x17f2, 0x180d, 0x17f2, 0x180d, 0x17f2, 0x180d, 0x17f3, 0x180d,
0x17f3, 0x180c, 0x17f3, 0x180c, 0x17f3, 0x180c, 0x17f3, 0x180c,
0x17f3, 0x180c, 0x17f4, 0x180c, 0x17f4, 0x180b, 0x17f4, 0x180b,
0x17f4, 0x180b, 0x17f4, 0x180b, 0x17f4, 0x180b, 0x17f4, 0x180b,
0x17f5, 0x180b, 0x17f5, 0x180a, 0x17f5, 0x180a, 0x17f5, 0x180a,
0x17f5, 0x180a, 0x17f5, 0x180a, 0x17f5, 0x180a, 0x17f5, 0x180a,
0x17f6, 0x180a, 0x17f6, 0x180a, 0x17f6, 0x1809, 0x17f6, 0x1809,
0x17f6, 0x1809, 0x17f6, 0x1809, 0x17f6, 0x1809, 0x17f6, 0x1809,
0x17f6, 0x1809, 0x17f6, 0x1809, 0x17f6, 0x1809, 0x17f7, 0x1809,
0x17f7, 0x1809, 0x17f7, 0x1808, 0x17f7, 0x1808, 0x17f7, 0x1808,
0x17f7, 0x1808, 0x17f7, 0x1808, 0x17f7, 0x1808, 0x17f7, 0x1808,
0x17f7, 0x1808, 0x17f7, 0x1808, 0x17f7, 0x1808, 0x17f7, 0x1808,
0x17f7, 0x1808, 0x17f8, 0x1808, 0x17f8, 0x1808, 0x17f8, 0x1808,
0x17f8, 0x1808, 0x17f8, 0x1807, 0x17f8, 0x1807, 0x17f8, 0x1807,
0x17f8, 0x1807, 0x17f8, 0x1807, 0x17f8, 0x1807, 0x17f8, 0x1807,
0x17f8, 0x1807, 0x17f8, 0x1807, 0x17f8, 0x1807, 0x17f8, 0x1807,
0x17f8, 0x1807, 0x17f8, 0x1807, 0x17f8, 0x1807, 0x17f8, 0x1807,
0x17f8, 0x1807, 0x17f8, 0x1807, 0x17f9, 0x1807, 0x17f9, 0x1807,
0x17f9, 0x1807, 0x17f9, 0x1807, 0x17f9, 0x1807, 0x17f9, 0x1807,
0x17f9, 0x1807, 0x17f9, 0x1807, 0x17f9, 0x1806, 0x17f9, 0x1806,
0x17f9, 0x1806, 0x17f9, 0x1806, 0x17f9, 0x1806, 0x17f9, 0x1806,
0x17f9, 0x1806, 0x17f9, 0x1806, 0x17f9, 0x1806, 0x17f9, 0x1806,
0x17f9, 0x1806, 0x17f9, 0x1806, 0x17f9, 0x1806, 0x17f9, 0x1806,
0x17f9, 0x1806, 0x17f9, 0x1806, 0x17f9, 0x1806, 0x17f9, 0x1806,
0x17f9, 0x1806, 0x17f9, 0x1806, 0x17f9, 0x1806, 0x17f9, 0x1806,
0x17f9, 0x1806, 0x17f9, 0x1806, 0x17f9, 0x1806, 0x17f9, 0x1806,
0x17f9, 0x1806, 0x17f9, 0x1806, 0x17f9, 0x1806, 0x17f9, 0x1806,
0x17f9, 0x1806, 0x17f9, 0x1806, 0x17f9, 0x1806, 0x17f9, 0x1806,
0x17f9, 0x1806, 0x17f9, 0x1806, 0x17f9, 0x1806, 0x17f9, 0x1806,
0x17f9, 0x1806, 0x17f9, 0x1806, 0x17f9, 0x1806, 0x17f9, 0x1806,
0x17f9, 0x1806, 0x17f9, 0x1806, 0x17f9, 0x1806, 0x17f9, 0x1806,
0x17f9, 0x1806, 0x17f9, 0x1806, 0x17f9, 0x1806, 0x17f9, 0x1806,
0x17f9, 0x1806, 0x17f9, 0x1806, 0x17f9, 0x1806, 0x17f9, 0x1806,
0x17f9, 0x1806, 0x17f9, 0x1806, 0x17f9, 0x1806, 0x17f9, 0x1806,
0x17f9, 0x1806, 0x17f9, 0x1806, 0x17f9, 0x1806, 0x17f9, 0x1806,
0x17f9, 0x1806, 0x17f9, 0x1806, 0x17f9, 0x1806, 0x17f9, 0x1806,
0x17f9, 0x1806, 0x17f9, 0x1806, 0x17f9, 0x1806, 0x17f9, 0x1806,
0x17f9, 0x1806, 0x17f9, 0x1806, 0x17f9, 0x1806, 0x17f9, 0x1806,
0x17f9, 0x1806, 0x17f9, 0x1806, 0x17f9, 0x1806, 0x17f9, 0x1806,
0x17f9, 0x1806, 0x17f9, 0x1806, 0x17f9, 0x1806, 0x17f9, 0x1806,
0x17f9, 0x1806, 0x17f9, 0x1806, 0x17f9, 0x1806, 0x17f9, 0x1806,
0x17f9, 0x1806, 0x17f9, 0x1806, 0x17f9, 0x1806, 0x17f9, 0x1806,
0x17f9, 0x1806, 0x17f9, 0x1806, 0x17f9, 0x1806, 0x17f9, 0x1806,
0x17f9, 0x1806, 0x17f9, 0x1806, 0x17f9, 0x1806, 0x17f9, 0x1806,
0x17f9, 0x1806, 0x17f9, 0x1806, 0x17f9, 0x1807, 0x17f9, 0x1807,
0x17f9, 0x1807, 0x17f9, 0x1807, 0x17f9, 0x1807, 0x17f9, 0x1807,
0x17f9, 0x1807, 0x17f9, 0x1807, 0x17f9, 0x1807, 0x17f8, 0x1807,
0x17f8, 0x1807, 0x17f8, 0x1807, 0x17f8, 0x1807, 0x17f8, 0x1807,
0x17f8, 0x1807, 0x17f8, 0x1807, 0x17f8, 0x1807, 0x17f8, 0x1807,
0x17f8, 0x1807, 0x17f8, 0x1807, 0x17f8, 0x1807, 0x17f8, 0x1807,
0x17f8, 0x1807, 0x17f8, 0x1807, 0x17f8, 0x1807, 0x17f8, 0x1808,
0x17f8, 0x1808, 0x17f8, 0x1808, 0x17f8, 0x1808, 0x17f8, 0x1808,
0x17f7, 0x1808, 0x17f7, 0x1808, 0x17f7, 0x1808, 0x17f7, 0x1808,
0x17f7, 0x1808, 0x17f7, 0x1808, 0x17f7, 0x1808, 0x17f7, 0x1808,
0x17f7, 0x1808, 0x17f7, 0x1808, 0x17f7, 0x1808, 0x17f7, 0x1809,
0x17f7, 0x1809, 0x17f7, 0x1809, 0x17f6, 0x1809, 0x17f6, 0x1809,
0x17f6, 0x1809, 0x17f6, 0x1809, 0x17f6, 0x1809, 0x17f6, 0x1809,
0x17f6, 0x1809, 0x17f6, 0x1809, 0x17f6, 0x180a, 0x17f6, 0x180a,
0x17f6, 0x180a, 0x17f5, 0x180a, 0x17f5, 0x180a, 0x17f5, 0x180a,
0x17f5, 0x180a, 0x17f5, 0x180a, 0x17f5, 0x180a, 0x17f5, 0x180b,
0x17f5, 0x180b, 0x17f4, 0x180b, 0x17f4, 0x180b, 0x17f4, 0x180b,
0x17f4, 0x180b, 0x17f4, 0x180b, 0x17f4, 0x180c, 0x17f4, 0x180c,
0x17f3, 0x180c, 0x17f3, 0x180c, 0x17f3, 0x180c, 0x17f3, 0x180c,
0x17f3, 0x180d, 0x17f3, 0x180d, 0x17f2, 0x180d, 0x17f2, 0x180d,
0x17f2, 0x180d, 0x17f2, 0x180e, 0x17f2, 0x180e, 0x17f1, 0x180e,
0x17f1, 0x180e, 0x17f1, 0x180e, 0x17f1, 0x180f, 0x17f0, 0x180f,
0x17f0, 0x180f, 0x17f0, 0x180f, 0x17f0, 0x1810, 0x17ef, 0x1810,
0x17ef, 0x1810, 0x17ef, 0x1811, 0x17ee, 0x1811, 0x17ee, 0x1811,
0x17ee, 0x1812, 0x17ed, 0x1812, 0x17ed, 0x1812, 0x17ed, 0x1813,
0x17ec, 0x1813, 0x17ec, 0x1813, 0x17ec, 0x1814, 0x17eb, 0x1814,
0x17eb, 0x1815, 0x17ea, 0x1815, 0x17ea, 0x1816, 0x17e9, 0x1816,
0x17e9, 0x1817, 0x17e8, 0x1817, 0x17e8, 0x1818, 0x17e7, 0x1819,
0x17e6, 0x1819, 0x17e6, 0x181a, 0x17e5, 0x181b, 0x17e4, 0x181b,
0x17e4, 0x181c, 0x17e3, 0x181d, 0x17e2, 0x181e, 0x17e1, 0x181f,
0x17e0, 0x1820, 0x17df, 0x1821, 0x17de, 0x1822, 0x17dd, 0x1823,
0x17dc, 0x1824, 0x17db, 0x1825, 0x17d9, 0x1826, 0x17d8, 0x1828,
0x17d7, 0x1829, 0x17d5, 0x182b, 0x17d3, 0x182d, 0x17d2, 0x182f,
0x17d0, 0x1831, 0x17ce, 0x1833, 0x17cb, 0x1835, 0x17c9, 0x1838,
0x17c6, 0x183a, 0x17c3, 0x183d, 0x17c0, 0x1841, 0x17bd, 0x1844,
0x17b9, 0x1848, 0x17b5, 0x184d, 0x17b0, 0x1852, 0x17ab, 0x1858,
0x17a5, 0x185e, 0x179e, 0x1865, 0x1796, 0x186d, 0x178d, 0x1877,
0x1783, 0x1883, 0x1776, 0x1890, 0x1767, 0x18a1, 0x1755, 0x18b5,
0x173e, 0x18cf, 0x1721, 0x18f1, 0x16fa, 0x191f, 0x16c3, 0x1961,
0x1670, 0x19c9, 0x15e8, 0x1a84, 0x14da, 0x1c2d, 0x11d7, 0x2365,
0xd810, 0x8c7e, 0x9e49, 0x93b6, 0x9b45, 0x955f, 0x9a38, 0x9619,
0x99af, 0x9682, 0x995d, 0x96c4, 0x9926, 0x96f2, 0x98ff, 0x9714,
0x98e2, 0x972e, 0x98cb, 0x9742, 0x98b9, 0x9752, 0x98aa, 0x9760,
0x989e, 0x976b, 0x9893, 0x9775, 0x988a, 0x977d, 0x9883, 0x9784,
0x987c, 0x978a, 0x9876, 0x9790, 0x9871, 0x9795, 0x986d, 0x9799,
0x9868, 0x979d, 0x9865, 0x97a0, 0x9861, 0x97a3, 0x985f, 0x97a6,
0x985c, 0x97a9, 0x9859, 0x97ab, 0x9857, 0x97ad, 0x9855, 0x97af,
0x9853, 0x97b1, 0x9852, 0x97b2, 0x9850, 0x97b4, 0x984f, 0x97b5,
0x984d, 0x97b6, 0x984c, 0x97b8, 0x984b, 0x97b9, 0x984a, 0x97b9,
0x9849, 0x97ba, 0x9849, 0x97bb, 0x9848, 0x97bc, 0x9847, 0x97bc,
0x9847, 0x97bd, 0x9846, 0x97bd, 0x9846, 0x97be, 0x9846, 0x97be,
0x9845, 0x97be, 0x9845, 0x97be, 0x9845, 0x97be, 0x9845, 0x97be,
0x9845, 0x97be, 0x9845, 0x97be, 0x9845, 0x97be, 0x9845, 0x97be,
0x9845, 0x97be, 0x9846, 0x97be, 0x9846, 0x97bd, 0x9846, 0x97bd,
0x9847, 0x97bc, 0x9847, 0x97bc, 0x9848, 0x97bb, 0x9849, 0x97ba,
0x9849, 0x97b9, 0x984a, 0x97b9, 0x984b, 0x97b8, 0x984c, 0x97b6,
0x984d, 0x97b5, 0x984f, 0x97b4, 0x9850, 0x97b2, 0x9852, 0x97b1,
0x9853, 0x97af, 0x9855, 0x97ad, 0x9857, 0x97ab, 0x9859, 0x97a9,
0x985c, 0x97a6, 0x985f, 0x97a3, 0x9861, 0x97a0, 0x9865, 0x979d,
0x9868, 0x9799, 0x986d, 0x9795, 0x9871, 0x9790, 0x9876, 0x978a,
0x987c, 0x9784, 0x9883, 0x977d, 0x988a, 0x9775, 0x9893, 0x976b,
0x989e, 0x9760, 0x98aa, 0x9752, 0x98b9, 0x9742, 0x98cb, 0x972e,
0x98e2, 0x9714, 0x98ff, 0x96f2, 0x9926, 0x96c4, 0x995d, 0x9682,
0x99af, 0x9619, 0x9a38, 0x955f, 0x9b45, 0x93b6, 0x9e49, 0x8c7e,
// square3 LP2 (offset 13184, count 512)
0xd81f, 0x2356, 0x11e5, 0x1c1f, 0x14e9, 0x1a76, 0x15f6, 0x19bc,
0x167e, 0x1954, 0x16cf, 0x1912, 0x1706, 0x18e4, 0x172d, 0x18c3,
0x174a, 0x18aa, 0x1760, 0x1896, 0x1772, 0x1885, 0x1781, 0x1878,
0x178d, 0x186d, 0x1797, 0x1864, 0x17a0, 0x185c, 0x17a7, 0x1855,
0x17ae, 0x184f, 0x17b3, 0x1849, 0x17b8, 0x1845, 0x17bd, 0x1840,
0x17c1, 0x183d, 0x17c4, 0x1839, 0x17c8, 0x1836, 0x17cb, 0x1833,
0x17cd, 0x1831, 0x17d0, 0x182e, 0x17d2, 0x182c, 0x17d4, 0x182a,
0x17d6, 0x1829, 0x17d8, 0x1827, 0x17d9, 0x1825, 0x17db, 0x1824,
0x17dc, 0x1823, 0x17dd, 0x1821, 0x17df, 0x1820, 0x17e0, 0x181f,
0x17e1, 0x181e, 0x17e2, 0x181d, 0x17e3, 0x181c, 0x17e4, 0x181b,
0x17e4, 0x181a, 0x17e5, 0x181a, 0x17e6, 0x1819, 0x17e7, 0x1818,
0x17e7, 0x1818, 0x17e8, 0x1817, 0x17e8, 0x1816, 0x17e9, 0x1816,
0x17ea, 0x1815, 0x17ea, 0x1815, 0x17eb, 0x1814, 0x17eb, 0x1814,
0x17eb, 0x1814, 0x17ec, 0x1813, 0x17ec, 0x1813, 0x17ed, 0x1812,
0x17ed, 0x1812, 0x17ed, 0x1812, 0x17ee, 0x1811, 0x17ee, 0x1811,
0x17ee, 0x1811, 0x17ef, 0x1811, 0x17ef, 0x1810, 0x17ef, 0x1810,
0x17ef, 0x1810, 0x17f0, 0x1810, 0x17f0, 0x180f, 0x17f0, 0x180f,
0x17f0, 0x180f, 0x17f0, 0x180f, 0x17f1, 0x180f, 0x17f1, 0x180e,
0x17f1, 0x180e, 0x17f1, 0x180e, 0x17f1, 0x180e, 0x17f1, 0x180e,
0x17f2, 0x180e, 0x17f2, 0x180e, 0x17f2, 0x180d, 0x17f2, 0x180d,
0x17f2, 0x180d, 0x17f2, 0x180d, 0x17f2, 0x180d, 0x17f2, 0x180d,
0x17f2, 0x180d, 0x17f3, 0x180d, 0x17f3, 0x180d, 0x17f3, 0x180d,
0x17f3, 0x180c, 0x17f3, 0x180c, 0x17f3, 0x180c, 0x17f3, 0x180c,
0x17f3, 0x180c, 0x17f3, 0x180c, 0x17f3, 0x180c, 0x17f3, 0x180c,
0x17f3, 0x180c, 0x17f3, 0x180c, 0x17f3, 0x180c, 0x17f3, 0x180c,
0x17f3, 0x180c, 0x17f3, 0x180c, 0x17f3, 0x180c, 0x17f3, 0x180c,
0x17f3, 0x180c, 0x17f3, 0x180c, 0x17f3, 0x180c, 0x17f3, 0x180c,
0x17f3, 0x180c, 0x17f3, 0x180c, 0x17f3, 0x180c, 0x17f3, 0x180c,
0x17f3, 0x180c, 0x17f3, 0x180c, 0x17f3, 0x180c, 0x17f3, 0x180c,
0x17f3, 0x180c, 0x17f3, 0x180c, 0x17f3, 0x180c, 0x17f3, 0x180c,
0x17f3, 0x180d, 0x17f3, 0x180d, 0x17f3, 0x180d, 0x17f3, 0x180d,
0x17f2, 0x180d, 0x17f2, 0x180d, 0x17f2, 0x180d, 0x17f2, 0x180d,
0x17f2, 0x180d, 0x17f2, 0x180d, 0x17f2, 0x180e, 0x17f2, 0x180e,
0x17f2, 0x180e, 0x17f1, 0x180e, 0x17f1, 0x180e, 0x17f1, 0x180e,
0x17f1, 0x180e, 0x17f1, 0x180f, 0x17f1, 0x180f, 0x17f0, 0x180f,
0x17f0, 0x180f, 0x17f0, 0x180f, 0x17f0, 0x1810, 0x17f0, 0x1810,
0x17ef, 0x1810, 0x17ef, 0x1810, 0x17ef, 0x1811, 0x17ef, 0x1811,
0x17ee, 0x1811, 0x17ee, 0x1811, 0x17ee, 0x1812, 0x17ed, 0x1812,
0x17ed, 0x1812, 0x17ed, 0x1813, 0x17ec, 0x1813, 0x17ec, 0x1814,
0x17eb, 0x1814, 0x17eb, 0x1814, 0x17eb, 0x1815, 0x17ea, 0x1815,
0x17ea, 0x1816, 0x17e9, 0x1816, 0x17e8, 0x1817, 0x17e8, 0x1818,
0x17e7, 0x1818, 0x17e7, 0x1819, 0x17e6, 0x181a, 0x17e5, 0x181a,
0x17e4, 0x181b, 0x17e4, 0x181c, 0x17e3, 0x181d, 0x17e2, 0x181e,
0x17e1, 0x181f, 0x17e0, 0x1820, 0x17df, 0x1821, 0x17dd, 0x1823,
0x17dc, 0x1824, 0x17db, 0x1825, 0x17d9, 0x1827, 0x17d8, 0x1829,
0x17d6, 0x182a, 0x17d4, 0x182c, 0x17d2, 0x182e, 0x17d0, 0x1831,
0x17cd, 0x1833, 0x17cb, 0x1836, 0x17c8, 0x1839, 0x17c4, 0x183d,
0x17c1, 0x1840, 0x17bd, 0x1845, 0x17b8, 0x1849, 0x17b3, 0x184f,
0x17ae, 0x1855, 0x17a7, 0x185c, 0x17a0, 0x1864, 0x1797, 0x186d,
0x178d, 0x1878, 0x1781, 0x1885, 0x1772, 0x1896, 0x1760, 0x18aa,
0x174a, 0x18c3, 0x172d, 0x18e4, 0x1706, 0x1912, 0x16cf, 0x1954,
0x167e, 0x19bc, 0x15f6, 0x1a76, 0x14e9, 0x1c1f, 0x11e5, 0x2356,
0xd81f, 0x8c6f, 0x9e59, 0x93a6, 0x9b56, 0x954e, 0x9a49, 0x9608,
0x99c1, 0x9670, 0x996f, 0x96b1, 0x9939, 0x96df, 0x9913, 0x9700,
0x98f6, 0x9719, 0x98e0, 0x972c, 0x98cf, 0x973b, 0x98c1, 0x9748,
0x98b6, 0x9752, 0x98ad, 0x975b, 0x98a5, 0x9762, 0x989f, 0x9768,
0x9899, 0x976c, 0x9895, 0x9770, 0x9891, 0x9774, 0x988e, 0x9776,
0x988c, 0x9778, 0x988a, 0x977a, 0x9889, 0x977b, 0x9888, 0x977b,
0x9888, 0x977b, 0x9888, 0x977b, 0x9889, 0x977a, 0x988a, 0x9778,
0x988c, 0x9776, 0x988e, 0x9774, 0x9891, 0x9770, 0x9895, 0x976c,
0x9899, 0x9768, 0x989f, 0x9762, 0x98a5, 0x975b, 0x98ad, 0x9752,
0x98b6, 0x9748, 0x98c1, 0x973b, 0x98cf, 0x972c, 0x98e0, 0x9719,
0x98f6, 0x9700, 0x9913, 0x96df, 0x9939, 0x96b1, 0x996f, 0x9670,
0x99c1, 0x9608, 0x9a49, 0x954e, 0x9b56, 0x93a6, 0x9e59, 0x8c6f,
// square3 LP3 (offset 13696, count 256)
0xd83e, 0x2338, 0x1202, 0x1c03, 0x1503, 0x1a5c, 0x160f, 0x19a4,
0x1695, 0x193e, 0x16e5, 0x18fd, 0x171a, 0x18d1, 0x1740, 0x18b0,
0x175c, 0x1898, 0x1771, 0x1885, 0x1782, 0x1876, 0x1790, 0x186a,
0x179b, 0x1860, 0x17a4, 0x1857, 0x17ac, 0x1850, 0x17b3, 0x184a,
0x17b9, 0x1844, 0x17be, 0x183f, 0x17c2, 0x183b, 0x17c6, 0x1838,
0x17c9, 0x1834, 0x17cc, 0x1832, 0x17cf, 0x182f, 0x17d1, 0x182d,
0x17d4, 0x182b, 0x17d5, 0x1829, 0x17d7, 0x1827, 0x17d9, 0x1826,
0x17da, 0x1824, 0x17dc, 0x1823, 0x17dd, 0x1822, 0x17de, 0x1821,
0x17df, 0x1820, 0x17e0, 0x181f, 0x17e1, 0x181e, 0x17e2, 0x181d,
0x17e2, 0x181d, 0x17e3, 0x181c, 0x17e3, 0x181c, 0x17e4, 0x181b,
0x17e4, 0x181b, 0x17e5, 0x181a, 0x17e5, 0x181a, 0x17e6, 0x181a,
0x17e6, 0x1819, 0x17e6, 0x1819, 0x17e6, 0x1819, 0x17e6, 0x1819,
0x17e7, 0x1819, 0x17e7, 0x1818, 0x17e7, 0x1818, 0x17e7, 0x1818,
0x17e7, 0x1818, 0x17e7, 0x1818, 0x17e7, 0x1818, 0x17e7, 0x1819,
0x17e7, 0x1819, 0x17e6, 0x1819, 0x17e6, 0x1819, 0x17e6, 0x1819,
0x17e6, 0x181a, 0x17e6, 0x181a, 0x17e5, 0x181a, 0x17e5, 0x181b,
0x17e4, 0x181b, 0x17e4, 0x181c, 0x17e3, 0x181c, 0x17e3, 0x181d,
0x17e2, 0x181d, 0x17e2, 0x181e, 0x17e1, 0x181f, 0x17e0, 0x1820,
0x17df, 0x1821, 0x17de, 0x1822, 0x17dd, 0x1823, 0x17dc, 0x1824,
0x17da, 0x1826, 0x17d9, 0x1827, 0x17d7, 0x1829, 0x17d5, 0x182b,
0x17d4, 0x182d, 0x17d1, 0x182f, 0x17cf, 0x1832, 0x17cc, 0x1834,
0x17c9, 0x1838, 0x17c6, 0x183b, 0x17c2, 0x183f, 0x17be, 0x1844,
0x17b9, 0x184a, 0x17b3, 0x1850, 0x17ac, 0x1857, 0x17a4, 0x1860,
0x179b, 0x186a, 0x1790, 0x1876, 0x1782, 0x1885, 0x1771, 0x1898,
0x175c, 0x18b0, 0x1740, 0x18d1, 0x171a, 0x18fd, 0x16e5, 0x193e,
0x1695, 0x19a4, 0x160f, 0x1a5c, 0x1503, 0x1c03, 0x1202, 0x2338,
0xd83e, 0x8c4f, 0x9e7a, 0x9384, 0x9b79, 0x952a, 0x9a6f, 0x95e0,
0x99ea, 0x9645, 0x999c, 0x9683, 0x996a, 0x96ac, 0x9948, 0x96c8,
0x9931, 0x96db, 0x9921, 0x96e9, 0x9916, 0x96f1, 0x9910, 0x96f5,
0x990e, 0x96f5, 0x9910, 0x96f1, 0x9916, 0x96e9, 0x9921, 0x96db,
0x9931, 0x96c8, 0x9948, 0x96ac, 0x996a, 0x9683, 0x999c, 0x9645,
0x99ea, 0x95e0, 0x9a6f, 0x952a, 0x9b79, 0x9384, 0x9e7a, 0x8c4f,
// square3 LP4 (offset 13952, count 128)
0xd87b, 0x2300, 0x1237, 0x1bd2, 0x1531, 0x1a31, 0x1637, 0x197e,
0x16b9, 0x191c, 0x1705, 0x18df, 0x1736, 0x18b6, 0x1759, 0x1899,
0x1772, 0x1884, 0x1784, 0x1873, 0x1793, 0x1866, 0x179e, 0x185c,
0x17a7, 0x1854, 0x17af, 0x184d, 0x17b5, 0x1848, 0x17ba, 0x1843,
0x17be, 0x183f, 0x17c2, 0x183c, 0x17c5, 0x1839, 0x17c7, 0x1837,
0x17c9, 0x1835, 0x17cb, 0x1834, 0x17cc, 0x1833, 0x17cd, 0x1832,
0x17ce, 0x1831, 0x17ce, 0x1831, 0x17ce, 0x1831, 0x17ce, 0x1831,
0x17ce, 0x1832, 0x17cd, 0x1833, 0x17cc, 0x1834, 0x17cb, 0x1835,
0x17c9, 0x1837, 0x17c7, 0x1839, 0x17c5, 0x183c, 0x17c2, 0x183f,
0x17be, 0x1843, 0x17ba, 0x1848, 0x17b5, 0x184d, 0x17af, 0x1854,
0x17a7, 0x185c, 0x179e, 0x1866, 0x1793, 0x1873, 0x1784, 0x1884,
0x1772, 0x1899, 0x1759, 0x18b6, 0x1736, 0x18df, 0x1705, 0x191c,
0x16b9, 0x197e, 0x1637, 0x1a31, 0x1531, 0x1bd2, 0x1237, 0x2300,
0xd87b, 0x8c0d, 0x9ec0, 0x9338, 0x9bcb, 0x94d0, 0x9ad0, 0x9576,
0x9a5f, 0x95c5, 0x9a2a, 0x95e5, 0x9a1a, 0x95e5, 0x9a2a, 0x95c5,
0x9a5f, 0x9576, 0x9ad0, 0x94d0, 0x9bcb, 0x9338, 0x9ec0, 0x8c0d,
// square3 LP5 (offset 14080, count 128)
0xd8f4, 0x0fe0, 0x2296, 0x1982, 0x1293, 0x1769, 0x1b80, 0x184e,
0x1579, 0x17d1, 0x19f1, 0x181e, 0x166f, 0x17ea, 0x194c, 0x180f,
0x16e4, 0x17f4, 0x18f6, 0x1809, 0x1726, 0x17f8, 0x18c2, 0x1805,
0x1750, 0x17fb, 0x18a1, 0x1804, 0x176b, 0x17fc, 0x188a, 0x1802,
0x177d, 0x17fd, 0x187b, 0x1801, 0x178a, 0x17fe, 0x1870, 0x1801,
0x1793, 0x17ff, 0x1869, 0x1800, 0x1799, 0x17ff, 0x1865, 0x1800,
0x179c, 0x17ff, 0x1863, 0x1800, 0x179d, 0x1800, 0x1863, 0x17ff,
0x179c, 0x1800, 0x1865, 0x17ff, 0x1799, 0x1800, 0x1869, 0x17ff,
0x1793, 0x1801, 0x1870, 0x17fe, 0x178a, 0x1801, 0x187b, 0x17fd,
0x177d, 0x1802, 0x188a, 0x17fc, 0x176b, 0x1804, 0x18a1, 0x17fb,
0x1750, 0x1805, 0x18c2, 0x17f8, 0x1726, 0x1809, 0x18f6, 0x17f4,
0x16e4, 0x180f, 0x194c, 0x17ea, 0x166f, 0x181e, 0x19f1, 0x17d1,
0x1579, 0x184e, 0x1b80, 0x1769, 0x1293, 0x1982, 0x2296, 0x0fe0,
0xd8f4, 0xa020, 0x8b81, 0x9683, 0x9f65, 0x9892, 0x9276, 0x97be,
0x9cb3, 0x9822, 0x93b7, 0x97f8, 0x9c2e, 0x97f8, 0x93b7, 0x9822,
0x9cb3, 0x97be, 0x9276, 0x9892, 0x9f65, 0x9683, 0x8b81, 0xa020,
// square3 LP6 (offset 14208, count 128)
0xd9e5, 0xf847, 0x0ff2, 0x1dc7, 0x21de, 0x1f0d, 0x1975, 0x14cc,
0x1322, 0x1480, 0x1773, 0x1a14, 0x1b11, 0x1a34, 0x1846, 0x167f,
0x15d0, 0x166f, 0x17d7, 0x192a, 0x19ae, 0x1934, 0x1819, 0x170c,
0x16a2, 0x1706, 0x17ef, 0x18cf, 0x1928, 0x18d3, 0x180b, 0x174a,
0x16fc, 0x1747, 0x17f8, 0x18a4, 0x18ea, 0x18a6, 0x1805, 0x1767,
0x1726, 0x1766, 0x17fc, 0x1891, 0x18cd, 0x1891, 0x1802, 0x1773,
0x1738, 0x1773, 0x17ff, 0x188b, 0x18c5, 0x188b, 0x17ff, 0x1773,
0x1738, 0x1773, 0x1802, 0x1891, 0x18cd, 0x1891, 0x17fc, 0x1766,
0x1726, 0x1767, 0x1805, 0x18a6, 0x18ea, 0x18a4, 0x17f8, 0x1747,
0x16fc, 0x174a, 0x180b, 0x18d3, 0x1928, 0x18cf, 0x17ef, 0x1706,
0x16a2, 0x170c, 0x1819, 0x1934, 0x19ae, 0x192a, 0x17d7, 0x166f,
0x15d0, 0x167f, 0x1846, 0x1a34, 0x1b11, 0x1a14, 0x1773, 0x1480,
0x1322, 0x14cc, 0x1975, 0x1f0d, 0x21de, 0x1dc7, 0x0ff2, 0xf847,
0xd9e5, 0xba66, 0xa005, 0x8f77, 0x8a3b, 0x8e37, 0x96ad, 0x9e44,
0xa12d, 0x9e81, 0x984b, 0x9241, 0x8fc9, 0x9241, 0x984b, 0x9e81,
0xa12d, 0x9e44, 0x96ad, 0x8e37, 0x8a3b, 0x8f77, 0xa005, 0xba66,
// square3 LP7 (offset 14336, count 128)
0xd447, 0xe278, 0xf0a2, 0xfe1f, 0x0a53, 0x14b4, 0x1cde, 0x2294,
0x25cb, 0x26a8, 0x257c, 0x22bb, 0x1ef0, 0x1ab0, 0x168d, 0x1302,
0x106f, 0x0f0e, 0x0ef2, 0x1003, 0x120a, 0x14b4, 0x17a1, 0x1a6f,
0x1cc5, 0x1e5c, 0x1f0c, 0x1ec8, 0x1da5, 0x1bd1, 0x198f, 0x172e,
0x14fd, 0x1343, 0x1235, 0x11f2, 0x127c, 0x13bd, 0x1586, 0x1798,
0x19ae, 0x1b82, 0x1cd8, 0x1d84, 0x1d74, 0x1cab, 0x1b45, 0x1974,
0x1775, 0x158b, 0x13f6, 0x12ec, 0x1290, 0x12ec, 0x13f6, 0x158b,
0x1775, 0x1974, 0x1b45, 0x1cab, 0x1d74, 0x1d84, 0x1cd8, 0x1b82,
0x19ae, 0x1798, 0x1586, 0x13bd, 0x127c, 0x11f2, 0x1235, 0x1343,
0x14fd, 0x172e, 0x198f, 0x1bd1, 0x1da5, 0x1ec8, 0x1f0c, 0x1e5c,
0x1cc5, 0x1a6f, 0x17a1, 0x14b4, 0x120a, 0x1003, 0x0ef2, 0x0f0e,
0x106f, 0x1302, 0x168d, 0x1ab0, 0x1ef0, 0x22bb, 0x257c, 0x26a8,
0x25cb, 0x2294, 0x1cde, 0x14b4, 0x0a53, 0xfe1f, 0xf0a2, 0xe278,
0xd447, 0xc6aa, 0xba2a, 0xaf2e, 0xa5f8, 0x9e9f, 0x9915, 0x952b,
0x929a, 0x9110, 0x903b, 0x8fda, 0x8fbe, 0x8fda, 0x903b, 0x9110,
0x929a, 0x952b, 0x9915, 0x9e9f, 0xa5f8, 0xaf2e, 0xba2a, 0xc6aa,
// square3 LP8 (offset 14464, count 128)
0xd127, 0xd9b0, 0xe239, 0xeaa3, 0xf2d4, 0xfaaf, 0x021e, 0x090b,
0x0f62, 0x1514, 0x1a15, 0x1e5d, 0x21e7, 0x24b2, 0x26bf, 0x2816,
0x28be, 0x28c4, 0x2836, 0x2725, 0x25a4, 0x23c5, 0x219f, 0x1f46,
0x1cce, 0x1a4e, 0x17d8, 0x157f, 0x1354, 0x1165, 0x0fbe, 0x0e69,
0x0d6d, 0x0cd0, 0x0c91, 0x0cb2, 0x0d2c, 0x0dfc, 0x0f18, 0x1076,
0x120a, 0x13c7, 0x15a0, 0x1784, 0x1967, 0x1b39, 0x1cec, 0x1e75,
0x1fc6, 0x20d7, 0x21a0, 0x221b, 0x2245, 0x221b, 0x21a0, 0x20d7,
0x1fc6, 0x1e75, 0x1cec, 0x1b39, 0x1967, 0x1784, 0x15a0, 0x13c7,
0x120a, 0x1076, 0x0f18, 0x0dfc, 0x0d2c, 0x0cb2, 0x0c91, 0x0cd0,
0x0d6d, 0x0e69, 0x0fbe, 0x1165, 0x1354, 0x157f, 0x17d8, 0x1a4e,
0x1cce, 0x1f46, 0x219f, 0x23c5, 0x25a4, 0x2725, 0x2836, 0x28c4,
0x28be, 0x2816, 0x26bf, 0x24b2, 0x21e7, 0x1e5d, 0x1a15, 0x1514,
0x0f62, 0x090b, 0x021e, 0xfaaf, 0xf2d4, 0xeaa3, 0xe239, 0xd9b0,
0xd127, 0xc8bc, 0xc08e, 0xb8ba, 0xb15e, 0xaa96, 0xa47c, 0x9f27,
0x9aad, 0x971f, 0x948a, 0x92fa, 0x9274, 0x92fa, 0x948a, 0x971f,
0x9aad, 0x9f27, 0xa47c, 0xaa96, 0xb15e, 0xb8ba, 0xc08e, 0xc8bc,
// square3 LP9 (offset 14592, count 128)
0xda5c, 0xdba4, 0xdd02, 0xde75, 0xdffd, 0xe199, 0xe348, 0xe508,
0xe6da, 0xe8ba, 0xeaa9, 0xeca5, 0xeead, 0xf0c0, 0xf2dc, 0xf500,
0xf72b, 0xf95c, 0xfb90, 0xfdc7, 0x0000, 0x0239, 0x0470, 0x06a4,
0x08d5, 0x0b00, 0x0d24, 0x0f40, 0x1153, 0x135b, 0x1557, 0x1746,
0x1926, 0x1af8, 0x1cb8, 0x1e67, 0x2003, 0x218b, 0x22fe, 0x245c,
0x25a4, 0x26d4, 0x27ed, 0x28ec, 0x29d3, 0x2a9f, 0x2b52, 0x2bea,
0x2c66, 0x2cc7, 0x2d0d, 0x2d37, 0x2d45, 0x2d37, 0x2d0d, 0x2cc7,
0x2c66, 0x2bea, 0x2b52, 0x2a9f, 0x29d3, 0x28ec, 0x27ed, 0x26d4,
0x25a4, 0x245c, 0x22fe, 0x218b, 0x2003, 0x1e67, 0x1cb8, 0x1af8,
0x1926, 0x1746, 0x1557, 0x135b, 0x1153, 0x0f40, 0x0d24, 0x0b00,
0x08d5, 0x06a4, 0x0470, 0x0239, 0x0000, 0xfdc7, 0xfb90, 0xf95c,
0xf72b, 0xf500, 0xf2dc, 0xf0c0, 0xeead, 0xeca5, 0xeaa9, 0xe8ba,
0xe6da, 0xe508, 0xe348, 0xe199, 0xdffd, 0xde75, 0xdd02, 0xdba4,
0xda5c, 0xd92c, 0xd813, 0xd714, 0xd62d, 0xd561, 0xd4ae, 0xd416,
0xd39a, 0xd339, 0xd2f3, 0xd2c9, 0xd2bb, 0xd2c9, 0xd2f3, 0xd339,
0xd39a, 0xd416, 0xd4ae, 0xd561, 0xd62d, 0xd714, 0xd813, 0xd92c,
// square4 LP1 (offset 14720, count 1024)
0xe00b, 0x2b6a, 0x19d2, 0x2432, 0x1cd5, 0x2288, 0x1de3, 0x21ce,
0x1e6c, 0x2166, 0x1ebe, 0x2123, 0x1ef5, 0x20f5, 0x1f1c, 0x20d3,
0x1f3a, 0x20b9, 0x1f50, 0x20a5, 0x1f63, 0x2094, 0x1f72, 0x2087,
0x1f7e, 0x207b, 0x1f89, 0x2072, 0x1f92, 0x2069, 0x1f9a, 0x2062,
0x1fa0, 0x205b, 0x1fa6, 0x2056, 0x1fac, 0x2051, 0x1fb1, 0x204c,
0x1fb5, 0x2048, 0x1fb9, 0x2044, 0x1fbc, 0x2041, 0x1fbf, 0x203e,
0x1fc2, 0x203b, 0x1fc5, 0x2039, 0x1fc8, 0x2036, 0x1fca, 0x2034,
0x1fcc, 0x2032, 0x1fce, 0x2030, 0x1fd0, 0x202e, 0x1fd1, 0x202d,
0x1fd3, 0x202b, 0x1fd5, 0x202a, 0x1fd6, 0x2028, 0x1fd7, 0x2027,
0x1fd9, 0x2026, 0x1fda, 0x2025, 0x1fdb, 0x2024, 0x1fdc, 0x2023,
0x1fdd, 0x2022, 0x1fde, 0x2021, 0x1fdf, 0x2020, 0x1fe0, 0x201f,
0x1fe0, 0x201e, 0x1fe1, 0x201d, 0x1fe2, 0x201d, 0x1fe3, 0x201c,
0x1fe3, 0x201b, 0x1fe4, 0x201b, 0x1fe5, 0x201a, 0x1fe5, 0x2019,
0x1fe6, 0x2019, 0x1fe6, 0x2018, 0x1fe7, 0x2018, 0x1fe7, 0x2017,
0x1fe8, 0x2017, 0x1fe8, 0x2016, 0x1fe9, 0x2016, 0x1fe9, 0x2016,
0x1fea, 0x2015, 0x1fea, 0x2015, 0x1fea, 0x2014, 0x1feb, 0x2014,
0x1feb, 0x2014, 0x1feb, 0x2013, 0x1fec, 0x2013, 0x1fec, 0x2013,
0x1fec, 0x2012, 0x1fed, 0x2012, 0x1fed, 0x2012, 0x1fed, 0x2012,
0x1fee, 0x2011, 0x1fee, 0x2011, 0x1fee, 0x2011, 0x1fee, 0x2010,
0x1fef, 0x2010, 0x1fef, 0x2010, 0x1fef, 0x2010, 0x1fef, 0x2010,
0x1ff0, 0x200f, 0x1ff0, 0x200f, 0x1ff0, 0x200f, 0x1ff0, 0x200f,
0x1ff0, 0x200f, 0x1ff1, 0x200e, 0x1ff1, 0x200e, 0x1ff1, 0x200e,
0x1ff1, 0x200e, 0x1ff1, 0x200e, 0x1ff1, 0x200e, 0x1ff2, 0x200d,
0x1ff2, 0x200d, 0x1ff2, 0x200d, 0x1ff2, 0x200d, 0x1ff2, 0x200d,
0x1ff2, 0x200d, 0x1ff2, 0x200d, 0x1ff3, 0x200c, 0x1ff3, 0x200c,
0x1ff3, 0x200c, 0x1ff3, 0x200c, 0x1ff3, 0x200c, 0x1ff3, 0x200c,
0x1ff3, 0x200c, 0x1ff3, 0x200c, 0x1ff3, 0x200b, 0x1ff4, 0x200b,
0x1ff4, 0x200b, 0x1ff4, 0x200b, 0x1ff4, 0x200b, 0x1ff4, 0x200b,
0x1ff4, 0x200b, 0x1ff4, 0x200b, 0x1ff4, 0x200b, 0x1ff4, 0x200b,
0x1ff4, 0x200b, 0x1ff5, 0x200a, 0x1ff5, 0x200a, 0x1ff5, 0x200a,
0x1ff5, 0x200a, 0x1ff5, 0x200a, 0x1ff5, 0x200a, 0x1ff5, 0x200a,
0x1ff5, 0x200a, 0x1ff5, 0x200a, 0x1ff5, 0x200a, 0x1ff5, 0x200a,
0x1ff5, 0x200a, 0x1ff5, 0x200a, 0x1ff5, 0x200a, 0x1ff5, 0x2009,
0x1ff6, 0x2009, 0x1ff6, 0x2009, 0x1ff6, 0x2009, 0x1ff6, 0x2009,
0x1ff6, 0x2009, 0x1ff6, 0x2009, 0x1ff6, 0x2009, 0x1ff6, 0x2009,
0x1ff6, 0x2009, 0x1ff6, 0x2009, 0x1ff6, 0x2009, 0x1ff6, 0x2009,
0x1ff6, 0x2009, 0x1ff6, 0x2009, 0x1ff6, 0x2009, 0x1ff6, 0x2009,
0x1ff6, 0x2009, 0x1ff6, 0x2009, 0x1ff6, 0x2009, 0x1ff6, 0x2009,
0x1ff6, 0x2009, 0x1ff6, 0x2009, 0x1ff6, 0x2008, 0x1ff7, 0x2008,
0x1ff7, 0x2008, 0x1ff7, 0x2008, 0x1ff7, 0x2008, 0x1ff7, 0x2008,
0x1ff7, 0x2008, 0x1ff7, 0x2008, 0x1ff7, 0x2008, 0x1ff7, 0x2008,
0x1ff7, 0x2008, 0x1ff7, 0x2008, 0x1ff7, 0x2008, 0x1ff7, 0x2008,
0x1ff7, 0x2008, 0x1ff7, 0x2008, 0x1ff7, 0x2008, 0x1ff7, 0x2008,
0x1ff7, 0x2008, 0x1ff7, 0x2008, 0x1ff7, 0x2008, 0x1ff7, 0x2008,
0x1ff7, 0x2008, 0x1ff7, 0x2008, 0x1ff7, 0x2008, 0x1ff7, 0x2008,
0x1ff7, 0x2008, 0x1ff7, 0x2008, 0x1ff7, 0x2008, 0x1ff7, 0x2008,
0x1ff7, 0x2008, 0x1ff7, 0x2008, 0x1ff7, 0x2008, 0x1ff7, 0x2008,
0x1ff7, 0x2008, 0x1ff7, 0x2008, 0x1ff7, 0x2008, 0x1ff7, 0x2008,
0x1ff7, 0x2008, 0x1ff7, 0x2008, 0x1ff7, 0x2008, 0x1ff7, 0x2008,
0x1ff7, 0x2008, 0x1ff7, 0x2008, 0x1ff7, 0x2008, 0x1ff7, 0x2008,
0x1ff7, 0x2008, 0x1ff7, 0x2008, 0x1ff7, 0x2008, 0x1ff7, 0x2008,
0x1ff7, 0x2008, 0x1ff7, 0x2008, 0x1ff7, 0x2008, 0x1ff7, 0x2008,
0x1ff7, 0x2008, 0x1ff7, 0x2008, 0x1ff7, 0x2008, 0x1ff7, 0x2008,
0x1ff7, 0x2008, 0x1ff7, 0x2008, 0x1ff7, 0x2008, 0x1ff7, 0x2008,
0x1ff7, 0x2008, 0x1ff7, 0x2008, 0x1ff7, 0x2008, 0x1ff7, 0x2008,
0x1ff7, 0x2008, 0x1ff7, 0x2008, 0x1ff7, 0x2008, 0x1ff7, 0x2008,
0x1ff7, 0x2008, 0x1ff7, 0x2008, 0x1ff7, 0x2008, 0x1ff7, 0x2008,
0x1ff7, 0x2008, 0x1ff7, 0x2008, 0x1ff6, 0x2009, 0x1ff6, 0x2009,
0x1ff6, 0x2009, 0x1ff6, 0x2009, 0x1ff6, 0x2009, 0x1ff6, 0x2009,
0x1ff6, 0x2009, 0x1ff6, 0x2009, 0x1ff6, 0x2009, 0x1ff6, 0x2009,
0x1ff6, 0x2009, 0x1ff6, 0x2009, 0x1ff6, 0x2009, 0x1ff6, 0x2009,
0x1ff6, 0x2009, 0x1ff6, 0x2009, 0x1ff6, 0x2009, 0x1ff6, 0x2009,
0x1ff6, 0x2009, 0x1ff6, 0x2009, 0x1ff6, 0x2009, 0x1ff6, 0x2009,
0x1ff6, 0x2009, 0x1ff5, 0x200a, 0x1ff5, 0x200a, 0x1ff5, 0x200a,
0x1ff5, 0x200a, 0x1ff5, 0x200a, 0x1ff5, 0x200a, 0x1ff5, 0x200a,
0x1ff5, 0x200a, 0x1ff5, 0x200a, 0x1ff5, 0x200a, 0x1ff5, 0x200a,
0x1ff5, 0x200a, 0x1ff5, 0x200a, 0x1ff5, 0x200a, 0x1ff5, 0x200b,
0x1ff4, 0x200b, 0x1ff4, 0x200b, 0x1ff4, 0x200b, 0x1ff4, 0x200b,
0x1ff4, 0x200b, 0x1ff4, 0x200b, 0x1ff4, 0x200b, 0x1ff4, 0x200b,
0x1ff4, 0x200b, 0x1ff4, 0x200b, 0x1ff3, 0x200c, 0x1ff3, 0x200c,
0x1ff3, 0x200c, 0x1ff3, 0x200c, 0x1ff3, 0x200c, 0x1ff3, 0x200c,
0x1ff3, 0x200c, 0x1ff3, 0x200c, 0x1ff3, 0x200d, 0x1ff2, 0x200d,
0x1ff2, 0x200d, 0x1ff2, 0x200d, 0x1ff2, 0x200d, 0x1ff2, 0x200d,
0x1ff2, 0x200d, 0x1ff2, 0x200e, 0x1ff1, 0x200e, 0x1ff1, 0x200e,
0x1ff1, 0x200e, 0x1ff1, 0x200e, 0x1ff1, 0x200e, 0x1ff1, 0x200f,
0x1ff0, 0x200f, 0x1ff0, 0x200f, 0x1ff0, 0x200f, 0x1ff0, 0x200f,
0x1ff0, 0x2010, 0x1fef, 0x2010, 0x1fef, 0x2010, 0x1fef, 0x2010,
0x1fef, 0x2010, 0x1fee, 0x2011, 0x1fee, 0x2011, 0x1fee, 0x2011,
0x1fee, 0x2012, 0x1fed, 0x2012, 0x1fed, 0x2012, 0x1fed, 0x2012,
0x1fec, 0x2013, 0x1fec, 0x2013, 0x1fec, 0x2013, 0x1feb, 0x2014,
0x1feb, 0x2014, 0x1feb, 0x2014, 0x1fea, 0x2015, 0x1fea, 0x2015,
0x1fea, 0x2016, 0x1fe9, 0x2016, 0x1fe9, 0x2016, 0x1fe8, 0x2017,
0x1fe8, 0x2017, 0x1fe7, 0x2018, 0x1fe7, 0x2018, 0x1fe6, 0x2019,
0x1fe6, 0x2019, 0x1fe5, 0x201a, 0x1fe5, 0x201b, 0x1fe4, 0x201b,
0x1fe3, 0x201c, 0x1fe3, 0x201d, 0x1fe2, 0x201d, 0x1fe1, 0x201e,
0x1fe0, 0x201f, 0x1fe0, 0x2020, 0x1fdf, 0x2021, 0x1fde, 0x2022,
0x1fdd, 0x2023, 0x1fdc, 0x2024, 0x1fdb, 0x2025, 0x1fda, 0x2026,
0x1fd9, 0x2027, 0x1fd7, 0x2028, 0x1fd6, 0x202a, 0x1fd5, 0x202b,
0x1fd3, 0x202d, 0x1fd1, 0x202e, 0x1fd0, 0x2030, 0x1fce, 0x2032,
0x1fcc, 0x2034, 0x1fca, 0x2036, 0x1fc8, 0x2039, 0x1fc5, 0x203b,
0x1fc2, 0x203e, 0x1fbf, 0x2041, 0x1fbc, 0x2044, 0x1fb9, 0x2048,
0x1fb5, 0x204c, 0x1fb1, 0x2051, 0x1fac, 0x2056, 0x1fa6, 0x205b,
0x1fa0, 0x2062, 0x1f9a, 0x2069, 0x1f92, 0x2072, 0x1f89, 0x207b,
0x1f7e, 0x2087, 0x1f72, 0x2094, 0x1f63, 0x20a5, 0x1f50, 0x20b9,
0x1f3a, 0x20d3, 0x1f1c, 0x20f5, 0x1ef5, 0x2123, 0x1ebe, 0x2166,
0x1e6c, 0x21ce, 0x1de3, 0x2288, 0x1cd5, 0x2432, 0x19d2, 0x2b6a,
0xe00b, 0x9483, 0xa644, 0x9bbb, 0xa340, 0x9d64, 0xa232, 0x9e1f,
0xa1aa, 0x9e87, 0xa158, 0x9ec9, 0xa121, 0x9ef8, 0xa0f9, 0x9f19,
0xa0dc, 0x9f33, 0xa0c5, 0x9f48, 0xa0b3, 0x9f58, 0xa0a4, 0x9f66,
0xa097, 0x9f71, 0xa08d, 0x9f7b, 0xa084, 0x9f83, 0xa07c, 0x9f8a,
0xa075, 0x9f91, 0xa06f, 0x9f96, 0xa06a, 0x9f9b, 0xa065, 0x9fa0,
0xa061, 0x9fa4, 0xa05d, 0x9fa7, 0xa05a, 0x9fab, 0xa057, 0x9fae,
0xa054, 0x9fb0, 0xa051, 0x9fb3, 0xa04f, 0x9fb5, 0xa04d, 0x9fb7,
0xa04b, 0x9fb9, 0xa049, 0x9fbb, 0xa047, 0x9fbd, 0xa045, 0x9fbe,
0xa044, 0x9fc0, 0xa043, 0x9fc1, 0xa041, 0x9fc2, 0xa040, 0x9fc4,
0xa03f, 0x9fc5, 0xa03e, 0x9fc6, 0xa03d, 0x9fc7, 0xa03c, 0x9fc7,
0xa03b, 0x9fc8, 0xa03a, 0x9fc9, 0xa03a, 0x9fca, 0xa039, 0x9fca,
0xa038, 0x9fcb, 0xa038, 0x9fcc, 0xa037, 0x9fcc, 0xa037, 0x9fcd,
0xa036, 0x9fcd, 0xa036, 0x9fce, 0xa035, 0x9fce, 0xa035, 0x9fce,
0xa035, 0x9fcf, 0xa034, 0x9fcf, 0xa034, 0x9fcf, 0xa034, 0x9fcf,
0xa034, 0x9fd0, 0xa033, 0x9fd0, 0xa033, 0x9fd0, 0xa033, 0x9fd0,
0xa033, 0x9fd0, 0xa033, 0x9fd0, 0xa033, 0x9fd0, 0xa033, 0x9fd0,
0xa033, 0x9fd0, 0xa033, 0x9fd0, 0xa033, 0x9fd0, 0xa033, 0x9fd0,
0xa033, 0x9fd0, 0xa033, 0x9fd0, 0xa033, 0x9fd0, 0xa033, 0x9fd0,
0xa034, 0x9fcf, 0xa034, 0x9fcf, 0xa034, 0x9fcf, 0xa034, 0x9fcf,
0xa035, 0x9fce, 0xa035, 0x9fce, 0xa035, 0x9fce, 0xa036, 0x9fcd,
0xa036, 0x9fcd, 0xa037, 0x9fcc, 0xa037, 0x9fcc, 0xa038, 0x9fcb,
0xa038, 0x9fca, 0xa039, 0x9fca, 0xa03a, 0x9fc9, 0xa03a, 0x9fc8,
0xa03b, 0x9fc7, 0xa03c, 0x9fc7, 0xa03d, 0x9fc6, 0xa03e, 0x9fc5,
0xa03f, 0x9fc4, 0xa040, 0x9fc2, 0xa041, 0x9fc1, 0xa043, 0x9fc0,
0xa044, 0x9fbe, 0xa045, 0x9fbd, 0xa047, 0x9fbb, 0xa049, 0x9fb9,
0xa04b, 0x9fb7, 0xa04d, 0x9fb5, 0xa04f, 0x9fb3, 0xa051, 0x9fb0,
0xa054, 0x9fae, 0xa057, 0x9fab, 0xa05a, 0x9fa7, 0xa05d, 0x9fa4,
0xa061, 0x9fa0, 0xa065, 0x9f9b, 0xa06a, 0x9f96, 0xa06f, 0x9f91,
0xa075, 0x9f8a, 0xa07c, 0x9f83, 0xa084, 0x9f7b, 0xa08d, 0x9f71,
0xa097, 0x9f66, 0xa0a4, 0x9f58, 0xa0b3, 0x9f48, 0xa0c5, 0x9f33,
0xa0dc, 0x9f19, 0xa0f9, 0x9ef8, 0xa121, 0x9ec9, 0xa158, 0x9e87,
0xa1aa, 0x9e1f, 0xa232, 0x9d64, 0xa340, 0x9bbb, 0xa644, 0x9483,
// square4 LP2 (offset 15744, count 512)
0xe015, 0x2b60, 0x19db, 0x2428, 0x1cdf, 0x227f, 0x1dec, 0x21c5,
0x1e75, 0x215d, 0x1ec7, 0x211b, 0x1efd, 0x20ed, 0x1f24, 0x20cb,
0x1f42, 0x20b1, 0x1f58, 0x209d, 0x1f6a, 0x208d, 0x1f79, 0x2080,
0x1f85, 0x2074, 0x1f90, 0x206b, 0x1f98, 0x2063, 0x1fa0, 0x205b,
0x1fa7, 0x2055, 0x1fad, 0x2050, 0x1fb2, 0x204b, 0x1fb6, 0x2047,
0x1fba, 0x2043, 0x1fbe, 0x203f, 0x1fc1, 0x203c, 0x1fc4, 0x2039,
0x1fc7, 0x2036, 0x1fca, 0x2034, 0x1fcc, 0x2032, 0x1fce, 0x2030,
0x1fd0, 0x202e, 0x1fd2, 0x202c, 0x1fd4, 0x202a, 0x1fd5, 0x2029,
0x1fd7, 0x2028, 0x1fd8, 0x2026, 0x1fd9, 0x2025, 0x1fdb, 0x2024,
0x1fdc, 0x2023, 0x1fdd, 0x2022, 0x1fde, 0x2021, 0x1fdf, 0x2020,
0x1fe0, 0x201f, 0x1fe0, 0x201e, 0x1fe1, 0x201d, 0x1fe2, 0x201d,
0x1fe3, 0x201c, 0x1fe3, 0x201b, 0x1fe4, 0x201b, 0x1fe5, 0x201a,
0x1fe5, 0x201a, 0x1fe6, 0x2019, 0x1fe6, 0x2019, 0x1fe7, 0x2018,
0x1fe7, 0x2018, 0x1fe7, 0x2017, 0x1fe8, 0x2017, 0x1fe8, 0x2017,
0x1fe9, 0x2016, 0x1fe9, 0x2016, 0x1fe9, 0x2015, 0x1fea, 0x2015,
0x1fea, 0x2015, 0x1fea, 0x2015, 0x1feb, 0x2014, 0x1feb, 0x2014,
0x1feb, 0x2014, 0x1feb, 0x2014, 0x1fec, 0x2013, 0x1fec, 0x2013,
0x1fec, 0x2013, 0x1fec, 0x2013, 0x1fec, 0x2012, 0x1fed, 0x2012,
0x1fed, 0x2012, 0x1fed, 0x2012, 0x1fed, 0x2012, 0x1fed, 0x2012,
0x1fed, 0x2012, 0x1fed, 0x2011, 0x1fee, 0x2011, 0x1fee, 0x2011,
0x1fee, 0x2011, 0x1fee, 0x2011, 0x1fee, 0x2011, 0x1fee, 0x2011,
0x1fee, 0x2011, 0x1fee, 0x2011, 0x1fee, 0x2011, 0x1fee, 0x2011,
0x1fee, 0x2011, 0x1fee, 0x2011, 0x1fef, 0x2010, 0x1fef, 0x2010,
0x1fef, 0x2010, 0x1fef, 0x2010, 0x1fef, 0x2010, 0x1fef, 0x2010,
0x1fef, 0x2010, 0x1fef, 0x2010, 0x1fef, 0x2010, 0x1fef, 0x2010,
0x1fef, 0x2010, 0x1fef, 0x2010, 0x1fef, 0x2011, 0x1fee, 0x2011,
0x1fee, 0x2011, 0x1fee, 0x2011, 0x1fee, 0x2011, 0x1fee, 0x2011,
0x1fee, 0x2011, 0x1fee, 0x2011, 0x1fee, 0x2011, 0x1fee, 0x2011,
0x1fee, 0x2011, 0x1fee, 0x2011, 0x1fee, 0x2011, 0x1fed, 0x2012,
0x1fed, 0x2012, 0x1fed, 0x2012, 0x1fed, 0x2012, 0x1fed, 0x2012,
0x1fed, 0x2012, 0x1fed, 0x2012, 0x1fec, 0x2013, 0x1fec, 0x2013,
0x1fec, 0x2013, 0x1fec, 0x2013, 0x1fec, 0x2014, 0x1feb, 0x2014,
0x1feb, 0x2014, 0x1feb, 0x2014, 0x1feb, 0x2015, 0x1fea, 0x2015,
0x1fea, 0x2015, 0x1fea, 0x2015, 0x1fe9, 0x2016, 0x1fe9, 0x2016,
0x1fe9, 0x2017, 0x1fe8, 0x2017, 0x1fe8, 0x2017, 0x1fe7, 0x2018,
0x1fe7, 0x2018, 0x1fe7, 0x2019, 0x1fe6, 0x2019, 0x1fe6, 0x201a,
0x1fe5, 0x201a, 0x1fe5, 0x201b, 0x1fe4, 0x201b, 0x1fe3, 0x201c,
0x1fe3, 0x201d, 0x1fe2, 0x201d, 0x1fe1, 0x201e, 0x1fe0, 0x201f,
0x1fe0, 0x2020, 0x1fdf, 0x2021, 0x1fde, 0x2022, 0x1fdd, 0x2023,
0x1fdc, 0x2024, 0x1fdb, 0x2025, 0x1fd9, 0x2026, 0x1fd8, 0x2028,
0x1fd7, 0x2029, 0x1fd5, 0x202a, 0x1fd4, 0x202c, 0x1fd2, 0x202e,
0x1fd0, 0x2030, 0x1fce, 0x2032, 0x1fcc, 0x2034, 0x1fca, 0x2036,
0x1fc7, 0x2039, 0x1fc4, 0x203c, 0x1fc1, 0x203f, 0x1fbe, 0x2043,
0x1fba, 0x2047, 0x1fb6, 0x204b, 0x1fb2, 0x2050, 0x1fad, 0x2055,
0x1fa7, 0x205b, 0x1fa0, 0x2063, 0x1f98, 0x206b, 0x1f90, 0x2074,
0x1f85, 0x2080, 0x1f79, 0x208d, 0x1f6a, 0x209d, 0x1f58, 0x20b1,
0x1f42, 0x20cb, 0x1f24, 0x20ed, 0x1efd, 0x211b, 0x1ec7, 0x215d,
0x1e75, 0x21c5, 0x1dec, 0x227f, 0x1cdf, 0x2428, 0x19db, 0x2b60,
0xe015, 0x9479, 0xa64e, 0x9bb0, 0xa34b, 0x9d59, 0xa23d, 0x9e13,
0xa1b5, 0x9e7b, 0xa163, 0x9ebd, 0xa12d, 0x9eeb, 0xa106, 0x9f0c,
0xa0e9, 0x9f26, 0xa0d3, 0x9f3a, 0xa0c1, 0x9f4a, 0xa0b2, 0x9f57,
0xa0a6, 0x9f62, 0xa09c, 0x9f6b, 0xa094, 0x9f73, 0xa08d, 0x9f7a,
0xa086, 0x9f7f, 0xa081, 0x9f84, 0xa07c, 0x9f89, 0xa078, 0x9f8c,
0xa075, 0x9f90, 0xa072, 0x9f93, 0xa06f, 0x9f95, 0xa06d, 0x9f97,
0xa06b, 0x9f99, 0xa069, 0x9f9b, 0xa068, 0x9f9c, 0xa066, 0x9f9d,
0xa065, 0x9f9e, 0xa065, 0x9f9f, 0xa064, 0x9f9f, 0xa064, 0x9f9f,
0xa064, 0x9f9f, 0xa064, 0x9f9f, 0xa064, 0x9f9f, 0xa065, 0x9f9e,
0xa065, 0x9f9d, 0xa066, 0x9f9c, 0xa068, 0x9f9b, 0xa069, 0x9f99,
0xa06b, 0x9f97, 0xa06d, 0x9f95, 0xa06f, 0x9f93, 0xa072, 0x9f90,
0xa075, 0x9f8c, 0xa078, 0x9f89, 0xa07c, 0x9f84, 0xa081, 0x9f7f,
0xa086, 0x9f7a, 0xa08d, 0x9f73, 0xa094, 0x9f6b, 0xa09c, 0x9f62,
0xa0a6, 0x9f57, 0xa0b2, 0x9f4a, 0xa0c1, 0x9f3a, 0xa0d3, 0x9f26,
0xa0e9, 0x9f0c, 0xa106, 0x9eeb, 0xa12d, 0x9ebd, 0xa163, 0x9e7b,
0xa1b5, 0x9e13, 0xa23d, 0x9d59, 0xa34b, 0x9bb0, 0xa64e, 0x9479,
// square4 LP3 (offset 16256, count 256)
0xe029, 0x2b4c, 0x19ef, 0x2415, 0x1cf1, 0x226d, 0x1dfd, 0x21b4,
0x1e85, 0x214d, 0x1ed6, 0x210c, 0x1f0b, 0x20df, 0x1f32, 0x20be,
0x1f4e, 0x20a5, 0x1f64, 0x2092, 0x1f75, 0x2082, 0x1f83, 0x2076,
0x1f8f, 0x206b, 0x1f99, 0x2062, 0x1fa1, 0x205a, 0x1fa8, 0x2054,
0x1fae, 0x204e, 0x1fb3, 0x2049, 0x1fb8, 0x2045, 0x1fbc, 0x2041,
0x1fc0, 0x203e, 0x1fc3, 0x203b, 0x1fc6, 0x2038, 0x1fc8, 0x2035,
0x1fcb, 0x2033, 0x1fcd, 0x2031, 0x1fcf, 0x2030, 0x1fd0, 0x202e,
0x1fd2, 0x202c, 0x1fd3, 0x202b, 0x1fd5, 0x202a, 0x1fd6, 0x2029,
0x1fd7, 0x2028, 0x1fd8, 0x2027, 0x1fd9, 0x2026, 0x1fd9, 0x2025,
0x1fda, 0x2025, 0x1fdb, 0x2024, 0x1fdb, 0x2024, 0x1fdc, 0x2023,
0x1fdc, 0x2023, 0x1fdd, 0x2022, 0x1fdd, 0x2022, 0x1fdd, 0x2022,
0x1fdd, 0x2022, 0x1fde, 0x2021, 0x1fde, 0x2021, 0x1fde, 0x2021,
0x1fde, 0x2021, 0x1fde, 0x2021, 0x1fde, 0x2021, 0x1fde, 0x2022,
0x1fdd, 0x2022, 0x1fdd, 0x2022, 0x1fdd, 0x2022, 0x1fdd, 0x2023,
0x1fdc, 0x2023, 0x1fdc, 0x2024, 0x1fdb, 0x2024, 0x1fdb, 0x2025,
0x1fda, 0x2025, 0x1fd9, 0x2026, 0x1fd9, 0x2027, 0x1fd8, 0x2028,
0x1fd7, 0x2029, 0x1fd6, 0x202a, 0x1fd5, 0x202b, 0x1fd3, 0x202c,
0x1fd2, 0x202e, 0x1fd0, 0x2030, 0x1fcf, 0x2031, 0x1fcd, 0x2033,
0x1fcb, 0x2035, 0x1fc8, 0x2038, 0x1fc6, 0x203b, 0x1fc3, 0x203e,
0x1fc0, 0x2041, 0x1fbc, 0x2045, 0x1fb8, 0x2049, 0x1fb3, 0x204e,
0x1fae, 0x2054, 0x1fa8, 0x205a, 0x1fa1, 0x2062, 0x1f99, 0x206b,
0x1f8f, 0x2076, 0x1f83, 0x2082, 0x1f75, 0x2092, 0x1f64, 0x20a5,
0x1f4e, 0x20be, 0x1f32, 0x20df, 0x1f0b, 0x210c, 0x1ed6, 0x214d,
0x1e85, 0x21b4, 0x1dfd, 0x226d, 0x1cf1, 0x2415, 0x19ef, 0x2b4c,
0xe029, 0x9464, 0xa664, 0x9b9a, 0xa362, 0x9d41, 0xa256, 0x9dfa,
0xa1d0, 0x9e60, 0xa17f, 0x9ea0, 0xa14b, 0x9ecc, 0xa126, 0x9eec,
0xa10b, 0x9f03, 0xa0f7, 0x9f14, 0xa0e8, 0x9f21, 0xa0dd, 0x9f2b,
0xa0d4, 0x9f32, 0xa0ce, 0x9f38, 0xa0c9, 0x9f3b, 0xa0c7, 0x9f3d,
0xa0c6, 0x9f3d, 0xa0c7, 0x9f3b, 0xa0c9, 0x9f38, 0xa0ce, 0x9f32,
0xa0d4, 0x9f2b, 0xa0dd, 0x9f21, 0xa0e8, 0x9f14, 0xa0f7, 0x9f03,
0xa10b, 0x9eec, 0xa126, 0x9ecc, 0xa14b, 0x9ea0, 0xa17f, 0x9e60,
0xa1d0, 0x9dfa, 0xa256, 0x9d41, 0xa362, 0x9b9a, 0xa664, 0x9464,
// square4 LP4 (offset 16512, count 128)
0xe052, 0x2b25, 0x1a13, 0x23f4, 0x1d11, 0x224f, 0x1e1a, 0x219a,
0x1e9e, 0x2136, 0x1eec, 0x20f7, 0x1f1f, 0x20cd, 0x1f43, 0x20ae,
0x1f5d, 0x2098, 0x1f70, 0x2086, 0x1f80, 0x2079, 0x1f8c, 0x206e,
0x1f96, 0x2065, 0x1f9e, 0x205e, 0x1fa4, 0x2058, 0x1faa, 0x2053,
0x1fae, 0x204f, 0x1fb2, 0x204c, 0x1fb5, 0x2049, 0x1fb7, 0x2047,
0x1fb9, 0x2045, 0x1fba, 0x2044, 0x1fbb, 0x2043, 0x1fbc, 0x2043,
0x1fbc, 0x2043, 0x1fbc, 0x2043, 0x1fbb, 0x2044, 0x1fba, 0x2045,
0x1fb9, 0x2047, 0x1fb7, 0x2049, 0x1fb5, 0x204c, 0x1fb2, 0x204f,
0x1fae, 0x2053, 0x1faa, 0x2058, 0x1fa4, 0x205e, 0x1f9e, 0x2065,
0x1f96, 0x206e, 0x1f8c, 0x2079, 0x1f80, 0x2086, 0x1f70, 0x2098,
0x1f5d, 0x20ae, 0x1f43, 0x20cd, 0x1f1f, 0x20f7, 0x1eec, 0x2136,
0x1e9e, 0x219a, 0x1e1a, 0x224f, 0x1d11, 0x23f4, 0x1a13, 0x2b25,
0xe052, 0x9438, 0xa692, 0x9b69, 0xa396, 0x9d0a, 0xa292, 0x9dba,
0xa214, 0x9e17, 0xa1ce, 0x9e4c, 0xa1a6, 0x9e69, 0xa191, 0x9e77,
0xa18b, 0x9e77, 0xa191, 0x9e69, 0xa1a6, 0x9e4c, 0xa1ce, 0x9e17,
0xa214, 0x9dba, 0xa292, 0x9d0a, 0xa396, 0x9b69, 0xa692, 0x9438,
// square4 LP5 (offset 16640, count 128)
0xe0a3, 0x17dd, 0x2add, 0x2184, 0x1a52, 0x1f67, 0x23bb, 0x204f,
0x1d43, 0x1fcf, 0x2223, 0x201f, 0x1e40, 0x1fe9, 0x2178, 0x2010,
0x1ebb, 0x1ff3, 0x211d, 0x2009, 0x1f01, 0x1ff8, 0x20e6, 0x2006,
0x1f2c, 0x1ffa, 0x20c3, 0x2004, 0x1f49, 0x1ffc, 0x20ab, 0x2002,
0x1f5d, 0x1ffd, 0x209b, 0x2001, 0x1f6a, 0x1ffe, 0x2090, 0x2001,
0x1f72, 0x1fff, 0x208a, 0x2000, 0x1f77, 0x1fff, 0x2087, 0x2000,
0x1f79, 0x2000, 0x2087, 0x1fff, 0x1f77, 0x2000, 0x208a, 0x1fff,
0x1f72, 0x2001, 0x2090, 0x1ffe, 0x1f6a, 0x2001, 0x209b, 0x1ffd,
0x1f5d, 0x2002, 0x20ab, 0x1ffc, 0x1f49, 0x2004, 0x20c3, 0x1ffa,
0x1f2c, 0x2006, 0x20e6, 0x1ff8, 0x1f01, 0x2009, 0x211d, 0x1ff3,
0x1ebb, 0x2010, 0x2178, 0x1fe9, 0x1e40, 0x201f, 0x2223, 0x1fcf,
0x1d43, 0x204f, 0x23bb, 0x1f67, 0x1a52, 0x2184, 0x2add, 0x17dd,
0xe0a3, 0xa823, 0x93dc, 0x9e7f, 0xa6fb, 0xa098, 0x9af2, 0x9fb6,
0xa41e, 0xa02c, 0x9c6d, 0x9fe9, 0xa348, 0xa00f, 0x9ce4, 0x9ffd,
0xa312, 0x9ffd, 0x9ce4, 0xa00f, 0xa348, 0x9fe9, 0x9c6d, 0xa02c,
0xa41e, 0x9fb6, 0x9af2, 0xa098, 0xa6fb, 0x9e7f, 0x93dc, 0xa823,
// square4 LP6 (offset 16768, count 128)
0xe145, 0xffd4, 0x17e8, 0x2620, 0x2a5e, 0x2769, 0x217b, 0x1c81,
0x1ab6, 0x1c33, 0x1f6e, 0x2255, 0x236e, 0x2276, 0x2049, 0x1e45,
0x1d7d, 0x1e34, 0x1fd5, 0x215e, 0x21f9, 0x2169, 0x201b, 0x1edb,
0x1e5b, 0x1ed4, 0x1fee, 0x20fd, 0x216b, 0x2102, 0x200c, 0x1f1c,
0x1ebb, 0x1f19, 0x1ff7, 0x20d1, 0x212a, 0x20d3, 0x2005, 0x1f39,
0x1ee6, 0x1f38, 0x1ffd, 0x20c0, 0x2110, 0x20c0, 0x2000, 0x1f41,
0x1ef2, 0x1f41, 0x2000, 0x20c0, 0x2110, 0x20c0, 0x1ffd, 0x1f38,
0x1ee6, 0x1f39, 0x2005, 0x20d3, 0x212a, 0x20d1, 0x1ff7, 0x1f19,
0x1ebb, 0x1f1c, 0x200c, 0x2102, 0x216b, 0x20fd, 0x1fee, 0x1ed4,
0x1e5b, 0x1edb, 0x201b, 0x2169, 0x21f9, 0x215e, 0x1fd5, 0x1e34,
0x1d7d, 0x1e45, 0x2049, 0x2276, 0x236e, 0x2255, 0x1f6e, 0x1c33,
0x1ab6, 0x1c81, 0x217b, 0x2769, 0x2a5e, 0x2620, 0x17e8, 0xffd4,
0xe145, 0xc1f7, 0xa815, 0x980d, 0x930d, 0x96c6, 0x9e93, 0xa572,
0xa809, 0xa5ba, 0xa07b, 0x9b83, 0x9989, 0x9b6c, 0x9fe2, 0xa446,
0xa614, 0xa446, 0x9fe2, 0x9b6c, 0x9989, 0x9b83, 0xa07b, 0xa5ba,
0xa809, 0xa572, 0x9e93, 0x96c6, 0x930d, 0x980d, 0xa815, 0xc1f7,
// square4 LP7 (offset 16896, count 128)
0xe283, 0xf22f, 0x00ba, 0x0d81, 0x180e, 0x201d, 0x259b, 0x28ac,
0x299a, 0x28d4, 0x26db, 0x2435, 0x2162, 0x1ecf, 0x1cce, 0x1b91,
0x1b29, 0x1b88, 0x1c87, 0x1df0, 0x1f81, 0x20fe, 0x2232, 0x22f6,
0x2338, 0x22fa, 0x224d, 0x2154, 0x2038, 0x1f25, 0x1e43, 0x1db0,
0x1d7d, 0x1dae, 0x1e36, 0x1efe, 0x1fe6, 0x20c9, 0x2187, 0x2204,
0x222f, 0x2204, 0x218c, 0x20d9, 0x2007, 0x1f37, 0x1e87, 0x1e11,
0x1de8, 0x1e11, 0x1e87, 0x1f37, 0x2007, 0x20d9, 0x218c, 0x2204,
0x222f, 0x2204, 0x2187, 0x20c9, 0x1fe6, 0x1efe, 0x1e36, 0x1dae,
0x1d7d, 0x1db0, 0x1e43, 0x1f25, 0x2038, 0x2154, 0x224d, 0x22fa,
0x2338, 0x22f6, 0x2232, 0x20fe, 0x1f81, 0x1df0, 0x1c87, 0x1b88,
0x1b29, 0x1b91, 0x1cce, 0x1ecf, 0x2162, 0x2435, 0x26db, 0x28d4,
0x299a, 0x28ac, 0x259b, 0x201d, 0x180e, 0x0d81, 0x00ba, 0xf22f,
0xe283, 0xd273, 0xc2cd, 0xb45c, 0xa7d4, 0x9dc6, 0x9691, 0x9257,
0x90fe, 0x9231, 0x9568, 0x99f4, 0x9f16, 0xa40b, 0xa824, 0xaad5,
0xabc5, 0xaad5, 0xa824, 0xa40b, 0x9f16, 0x99f4, 0x9568, 0x9231,
0x90fe, 0x9257, 0x9691, 0x9dc6, 0xa7d4, 0xb45c, 0xc2cd, 0xd273,
// square4 LP8 (offset 17024, count 128)
0xe4d7, 0xecba, 0xf456, 0xfb96, 0x026b, 0x08c4, 0x0e96, 0x13d7,
0x1881, 0x1c8e, 0x1fff, 0x22d4, 0x2512, 0x26bf, 0x27e3, 0x2889,
0x28be, 0x288e, 0x2808, 0x273b, 0x2636, 0x2508, 0x23c1, 0x226e,
0x211d, 0x1fda, 0x1eaf, 0x1da5, 0x1cc4, 0x1c11, 0x1b90, 0x1b43,
0x1b29, 0x1b42, 0x1b89, 0x1bfb, 0x1c92, 0x1d46, 0x1e10, 0x1ee8,
0x1fc6, 0x20a1, 0x2172, 0x2231, 0x22d7, 0x235e, 0x23c2, 0x2400,
0x2415, 0x2400, 0x23c2, 0x235e, 0x22d7, 0x2231, 0x2172, 0x20a1,
0x1fc6, 0x1ee8, 0x1e10, 0x1d46, 0x1c92, 0x1bfb, 0x1b89, 0x1b42,
0x1b29, 0x1b43, 0x1b90, 0x1c11, 0x1cc4, 0x1da5, 0x1eaf, 0x1fda,
0x211d, 0x226e, 0x23c1, 0x2508, 0x2636, 0x273b, 0x2808, 0x288e,
0x28be, 0x2889, 0x27e3, 0x26bf, 0x2512, 0x22d4, 0x1fff, 0x1c8e,
0x1881, 0x13d7, 0x0e96, 0x08c4, 0x026b, 0xfb96, 0xf456, 0xecba,
0xe4d7, 0xdcc2, 0xd491, 0xcc5e, 0xc440, 0xbc51, 0xb4ab, 0xad67,
0xa69c, 0xa062, 0x9ace, 0x95f3, 0x91e2, 0x8ea9, 0x8c53, 0x8ae9,
0x8a70, 0x8ae9, 0x8c53, 0x8ea9, 0x91e2, 0x95f3, 0x9ace, 0xa062,
0xa69c, 0xad67, 0xb4ab, 0xbc51, 0xc440, 0xcc5e, 0xd491, 0xdcc2,
// square4 LP9 (offset 17152, count 128)
0xd742, 0xd94f, 0xdb73, 0xddae, 0xdffd, 0xe261, 0xe4d7, 0xe75e,
0xe9f3, 0xec97, 0xef46, 0xf200, 0xf4c2, 0xf78c, 0xfa5a, 0xfd2c,
0x0000, 0x02d4, 0x05a6, 0x0874, 0x0b3e, 0x0e00, 0x10ba, 0x1369,
0x160d, 0x18a2, 0x1b29, 0x1d9f, 0x2003, 0x2252, 0x248d, 0x26b1,
0x28be, 0x2ab1, 0x2c8a, 0x2e47, 0x2fe8, 0x316b, 0x32d0, 0x3416,
0x353b, 0x3640, 0x3723, 0x37e4, 0x3882, 0x38fe, 0x3957, 0x398c,
0x399e, 0x398c, 0x3957, 0x38fe, 0x3882, 0x37e4, 0x3723, 0x3640,
0x353b, 0x3416, 0x32d0, 0x316b, 0x2fe8, 0x2e47, 0x2c8a, 0x2ab1,
0x28be, 0x26b1, 0x248d, 0x2252, 0x2003, 0x1d9f, 0x1b29, 0x18a2,
0x160d, 0x1369, 0x10ba, 0x0e00, 0x0b3e, 0x0874, 0x05a6, 0x02d4,
0x0000, 0xfd2c, 0xfa5a, 0xf78c, 0xf4c2, 0xf200, 0xef46, 0xec97,
0xe9f3, 0xe75e, 0xe4d7, 0xe261, 0xdffd, 0xddae, 0xdb73, 0xd94f,
0xd742, 0xd54f, 0xd376, 0xd1b9, 0xd018, 0xce95, 0xcd30, 0xcbea,
0xcac5, 0xc9c0, 0xc8dd, 0xc81c, 0xc77e, 0xc702, 0xc6a9, 0xc674,
0xc662, 0xc674, 0xc6a9, 0xc702, 0xc77e, 0xc81c, 0xc8dd, 0xc9c0,
0xcac5, 0xcbea, 0xcd30, 0xce95, 0xd018, 0xd1b9, 0xd376, 0xd54f,
// square5 LP1 (offset 17280, count 1024)
0xe807, 0x336d, 0x21ce, 0x2c35, 0x24d2, 0x2a8c, 0x25e0, 0x29d1,
0x2668, 0x2969, 0x26bb, 0x2926, 0x26f2, 0x28f8, 0x2719, 0x28d6,
0x2736, 0x28bc, 0x274d, 0x28a8, 0x2760, 0x2897, 0x276f, 0x288a,
0x277b, 0x287e, 0x2786, 0x2874, 0x278f, 0x286c, 0x2797, 0x2865,
0x279d, 0x285e, 0x27a3, 0x2859, 0x27a9, 0x2853, 0x27ae, 0x284f,
0x27b2, 0x284b, 0x27b6, 0x2847, 0x27b9, 0x2844, 0x27bd, 0x2841,
0x27c0, 0x283e, 0x27c2, 0x283b, 0x27c5, 0x2839, 0x27c7, 0x2837,
0x27c9, 0x2835, 0x27cb, 0x2833, 0x27cd, 0x2831, 0x27cf, 0x282f,
0x27d0, 0x282e, 0x27d2, 0x282c, 0x27d3, 0x282b, 0x27d5, 0x2829,
0x27d6, 0x2828, 0x27d7, 0x2827, 0x27d8, 0x2826, 0x27d9, 0x2825,
0x27da, 0x2824, 0x27db, 0x2823, 0x27dc, 0x2822, 0x27dd, 0x2821,
0x27de, 0x2820, 0x27df, 0x2820, 0x27df, 0x281f, 0x27e0, 0x281e,
0x27e1, 0x281e, 0x27e2, 0x281d, 0x27e2, 0x281c, 0x27e3, 0x281c,
0x27e3, 0x281b, 0x27e4, 0x281b, 0x27e4, 0x281a, 0x27e5, 0x281a,
0x27e5, 0x2819, 0x27e6, 0x2819, 0x27e6, 0x2818, 0x27e7, 0x2818,
0x27e7, 0x2817, 0x27e8, 0x2817, 0x27e8, 0x2816, 0x27e8, 0x2816,
0x27e9, 0x2816, 0x27e9, 0x2815, 0x27ea, 0x2815, 0x27ea, 0x2815,
0x27ea, 0x2814, 0x27ea, 0x2814, 0x27eb, 0x2814, 0x27eb, 0x2814,
0x27eb, 0x2813, 0x27ec, 0x2813, 0x27ec, 0x2813, 0x27ec, 0x2812,
0x27ec, 0x2812, 0x27ed, 0x2812, 0x27ed, 0x2812, 0x27ed, 0x2812,
0x27ed, 0x2811, 0x27ee, 0x2811, 0x27ee, 0x2811, 0x27ee, 0x2811,
0x27ee, 0x2811, 0x27ee, 0x2810, 0x27ef, 0x2810, 0x27ef, 0x2810,
0x27ef, 0x2810, 0x27ef, 0x2810, 0x27ef, 0x280f, 0x27ef, 0x280f,
0x27f0, 0x280f, 0x27f0, 0x280f, 0x27f0, 0x280f, 0x27f0, 0x280f,
0x27f0, 0x280f, 0x27f0, 0x280e, 0x27f0, 0x280e, 0x27f1, 0x280e,
0x27f1, 0x280e, 0x27f1, 0x280e, 0x27f1, 0x280e, 0x27f1, 0x280e,
0x27f1, 0x280e, 0x27f1, 0x280d, 0x27f1, 0x280d, 0x27f1, 0x280d,
0x27f2, 0x280d, 0x27f2, 0x280d, 0x27f2, 0x280d, 0x27f2, 0x280d,
0x27f2, 0x280d, 0x27f2, 0x280d, 0x27f2, 0x280d, 0x27f2, 0x280c,
0x27f2, 0x280c, 0x27f2, 0x280c, 0x27f2, 0x280c, 0x27f3, 0x280c,
0x27f3, 0x280c, 0x27f3, 0x280c, 0x27f3, 0x280c, 0x27f3, 0x280c,
0x27f3, 0x280c, 0x27f3, 0x280c, 0x27f3, 0x280c, 0x27f3, 0x280c,
0x27f3, 0x280c, 0x27f3, 0x280b, 0x27f3, 0x280b, 0x27f3, 0x280b,
0x27f3, 0x280b, 0x27f3, 0x280b, 0x27f3, 0x280b, 0x27f4, 0x280b,
0x27f4, 0x280b, 0x27f4, 0x280b, 0x27f4, 0x280b, 0x27f4, 0x280b,
0x27f4, 0x280b, 0x27f4, 0x280b, 0x27f4, 0x280b, 0x27f4, 0x280b,
0x27f4, 0x280b, 0x27f4, 0x280b, 0x27f4, 0x280b, 0x27f4, 0x280b,
0x27f4, 0x280b, 0x27f4, 0x280b, 0x27f4, 0x280b, 0x27f4, 0x280b,
0x27f4, 0x280b, 0x27f4, 0x280b, 0x27f4, 0x280b, 0x27f4, 0x280a,
0x27f4, 0x280a, 0x27f4, 0x280a, 0x27f4, 0x280a, 0x27f4, 0x280a,
0x27f4, 0x280a, 0x27f4, 0x280a, 0x27f4, 0x280a, 0x27f4, 0x280a,
0x27f4, 0x280a, 0x27f4, 0x280a, 0x27f4, 0x280a, 0x27f4, 0x280a,
0x27f4, 0x280a, 0x27f4, 0x280a, 0x27f4, 0x280a, 0x27f4, 0x280a,
0x27f4, 0x280a, 0x27f4, 0x280a, 0x27f4, 0x280a, 0x27f4, 0x280a,
0x27f4, 0x280a, 0x27f4, 0x280a, 0x27f4, 0x280a, 0x27f4, 0x280a,
0x27f4, 0x280a, 0x27f4, 0x280a, 0x27f4, 0x280a, 0x27f4, 0x280a,
0x27f4, 0x280a, 0x27f4, 0x280a, 0x27f4, 0x280a, 0x27f4, 0x280a,
0x27f4, 0x280a, 0x27f4, 0x280a, 0x27f4, 0x280a, 0x27f4, 0x280a,
0x27f4, 0x280a, 0x27f4, 0x280a, 0x27f4, 0x280a, 0x27f4, 0x280a,
0x27f4, 0x280a, 0x27f4, 0x280b, 0x27f4, 0x280b, 0x27f4, 0x280b,
0x27f4, 0x280b, 0x27f4, 0x280b, 0x27f4, 0x280b, 0x27f4, 0x280b,
0x27f4, 0x280b, 0x27f4, 0x280b, 0x27f4, 0x280b, 0x27f4, 0x280b,
0x27f4, 0x280b, 0x27f4, 0x280b, 0x27f4, 0x280b, 0x27f4, 0x280b,
0x27f4, 0x280b, 0x27f4, 0x280b, 0x27f4, 0x280b, 0x27f4, 0x280b,
0x27f4, 0x280b, 0x27f4, 0x280b, 0x27f3, 0x280b, 0x27f3, 0x280b,
0x27f3, 0x280b, 0x27f3, 0x280b, 0x27f3, 0x280b, 0x27f3, 0x280c,
0x27f3, 0x280c, 0x27f3, 0x280c, 0x27f3, 0x280c, 0x27f3, 0x280c,
0x27f3, 0x280c, 0x27f3, 0x280c, 0x27f3, 0x280c, 0x27f3, 0x280c,
0x27f3, 0x280c, 0x27f3, 0x280c, 0x27f2, 0x280c, 0x27f2, 0x280c,
0x27f2, 0x280c, 0x27f2, 0x280d, 0x27f2, 0x280d, 0x27f2, 0x280d,
0x27f2, 0x280d, 0x27f2, 0x280d, 0x27f2, 0x280d, 0x27f2, 0x280d,
0x27f2, 0x280d, 0x27f1, 0x280d, 0x27f1, 0x280d, 0x27f1, 0x280e,
0x27f1, 0x280e, 0x27f1, 0x280e, 0x27f1, 0x280e, 0x27f1, 0x280e,
0x27f1, 0x280e, 0x27f1, 0x280e, 0x27f0, 0x280e, 0x27f0, 0x280f,
0x27f0, 0x280f, 0x27f0, 0x280f, 0x27f0, 0x280f, 0x27f0, 0x280f,
0x27f0, 0x280f, 0x27ef, 0x280f, 0x27ef, 0x2810, 0x27ef, 0x2810,
0x27ef, 0x2810, 0x27ef, 0x2810, 0x27ef, 0x2810, 0x27ee, 0x2811,
0x27ee, 0x2811, 0x27ee, 0x2811, 0x27ee, 0x2811, 0x27ee, 0x2811,
0x27ed, 0x2812, 0x27ed, 0x2812, 0x27ed, 0x2812, 0x27ed, 0x2812,
0x27ec, 0x2812, 0x27ec, 0x2813, 0x27ec, 0x2813, 0x27ec, 0x2813,
0x27eb, 0x2814, 0x27eb, 0x2814, 0x27eb, 0x2814, 0x27ea, 0x2814,
0x27ea, 0x2815, 0x27ea, 0x2815, 0x27ea, 0x2815, 0x27e9, 0x2816,
0x27e9, 0x2816, 0x27e8, 0x2816, 0x27e8, 0x2817, 0x27e8, 0x2817,
0x27e7, 0x2818, 0x27e7, 0x2818, 0x27e6, 0x2819, 0x27e6, 0x2819,
0x27e5, 0x281a, 0x27e5, 0x281a, 0x27e4, 0x281b, 0x27e4, 0x281b,
0x27e3, 0x281c, 0x27e3, 0x281c, 0x27e2, 0x281d, 0x27e2, 0x281e,
0x27e1, 0x281e, 0x27e0, 0x281f, 0x27df, 0x2820, 0x27df, 0x2820,
0x27de, 0x2821, 0x27dd, 0x2822, 0x27dc, 0x2823, 0x27db, 0x2824,
0x27da, 0x2825, 0x27d9, 0x2826, 0x27d8, 0x2827, 0x27d7, 0x2828,
0x27d6, 0x2829, 0x27d5, 0x282b, 0x27d3, 0x282c, 0x27d2, 0x282e,
0x27d0, 0x282f, 0x27cf, 0x2831, 0x27cd, 0x2833, 0x27cb, 0x2835,
0x27c9, 0x2837, 0x27c7, 0x2839, 0x27c5, 0x283b, 0x27c2, 0x283e,
0x27c0, 0x2841, 0x27bd, 0x2844, 0x27b9, 0x2847, 0x27b6, 0x284b,
0x27b2, 0x284f, 0x27ae, 0x2853, 0x27a9, 0x2859, 0x27a3, 0x285e,
0x279d, 0x2865, 0x2797, 0x286c, 0x278f, 0x2874, 0x2786, 0x287e,
0x277b, 0x288a, 0x276f, 0x2897, 0x2760, 0x28a8, 0x274d, 0x28bc,
0x2736, 0x28d6, 0x2719, 0x28f8, 0x26f2, 0x2926, 0x26bb, 0x2969,
0x2668, 0x29d1, 0x25e0, 0x2a8c, 0x24d2, 0x2c35, 0x21ce, 0x336d,
0xe807, 0x9c86, 0xae40, 0xa3be, 0xab3c, 0xa568, 0xaa2f, 0xa622,
0xa9a6, 0xa68a, 0xa954, 0xa6cd, 0xa91d, 0xa6fb, 0xa8f6, 0xa71d,
0xa8d8, 0xa737, 0xa8c1, 0xa74b, 0xa8af, 0xa75c, 0xa8a0, 0xa769,
0xa893, 0xa775, 0xa889, 0xa77f, 0xa880, 0xa787, 0xa878, 0xa78e,
0xa871, 0xa795, 0xa86b, 0xa79a, 0xa866, 0xa79f, 0xa861, 0xa7a4,
0xa85d, 0xa7a8, 0xa859, 0xa7ac, 0xa855, 0xa7af, 0xa852, 0xa7b2,
0xa84f, 0xa7b5, 0xa84d, 0xa7b7, 0xa84a, 0xa7ba, 0xa848, 0xa7bc,
0xa846, 0xa7be, 0xa844, 0xa7c0, 0xa842, 0xa7c2, 0xa840, 0xa7c3,
0xa83f, 0xa7c5, 0xa83d, 0xa7c6, 0xa83c, 0xa7c7, 0xa83b, 0xa7c9,
0xa839, 0xa7ca, 0xa838, 0xa7cb, 0xa837, 0xa7cc, 0xa836, 0xa7cd,
0xa835, 0xa7ce, 0xa834, 0xa7cf, 0xa834, 0xa7d0, 0xa833, 0xa7d0,
0xa832, 0xa7d1, 0xa831, 0xa7d2, 0xa831, 0xa7d2, 0xa830, 0xa7d3,
0xa82f, 0xa7d4, 0xa82f, 0xa7d4, 0xa82e, 0xa7d5, 0xa82e, 0xa7d5,
0xa82d, 0xa7d6, 0xa82d, 0xa7d6, 0xa82c, 0xa7d7, 0xa82c, 0xa7d7,
0xa82c, 0xa7d7, 0xa82b, 0xa7d8, 0xa82b, 0xa7d8, 0xa82b, 0xa7d8,
0xa82a, 0xa7d9, 0xa82a, 0xa7d9, 0xa82a, 0xa7d9, 0xa829, 0xa7d9,
0xa829, 0xa7da, 0xa829, 0xa7da, 0xa829, 0xa7da, 0xa829, 0xa7da,
0xa828, 0xa7da, 0xa828, 0xa7db, 0xa828, 0xa7db, 0xa828, 0xa7db,
0xa828, 0xa7db, 0xa828, 0xa7db, 0xa828, 0xa7db, 0xa828, 0xa7db,
0xa828, 0xa7db, 0xa828, 0xa7db, 0xa828, 0xa7db, 0xa827, 0xa7db,
0xa827, 0xa7db, 0xa827, 0xa7db, 0xa828, 0xa7db, 0xa828, 0xa7db,
0xa828, 0xa7db, 0xa828, 0xa7db, 0xa828, 0xa7db, 0xa828, 0xa7db,
0xa828, 0xa7db, 0xa828, 0xa7db, 0xa828, 0xa7db, 0xa828, 0xa7da,
0xa828, 0xa7da, 0xa829, 0xa7da, 0xa829, 0xa7da, 0xa829, 0xa7da,
0xa829, 0xa7d9, 0xa829, 0xa7d9, 0xa82a, 0xa7d9, 0xa82a, 0xa7d9,
0xa82a, 0xa7d8, 0xa82b, 0xa7d8, 0xa82b, 0xa7d8, 0xa82b, 0xa7d7,
0xa82c, 0xa7d7, 0xa82c, 0xa7d7, 0xa82c, 0xa7d6, 0xa82d, 0xa7d6,
0xa82d, 0xa7d5, 0xa82e, 0xa7d5, 0xa82e, 0xa7d4, 0xa82f, 0xa7d4,
0xa82f, 0xa7d3, 0xa830, 0xa7d2, 0xa831, 0xa7d2, 0xa831, 0xa7d1,
0xa832, 0xa7d0, 0xa833, 0xa7d0, 0xa834, 0xa7cf, 0xa834, 0xa7ce,
0xa835, 0xa7cd, 0xa836, 0xa7cc, 0xa837, 0xa7cb, 0xa838, 0xa7ca,
0xa839, 0xa7c9, 0xa83b, 0xa7c7, 0xa83c, 0xa7c6, 0xa83d, 0xa7c5,
0xa83f, 0xa7c3, 0xa840, 0xa7c2, 0xa842, 0xa7c0, 0xa844, 0xa7be,
0xa846, 0xa7bc, 0xa848, 0xa7ba, 0xa84a, 0xa7b7, 0xa84d, 0xa7b5,
0xa84f, 0xa7b2, 0xa852, 0xa7af, 0xa855, 0xa7ac, 0xa859, 0xa7a8,
0xa85d, 0xa7a4, 0xa861, 0xa79f, 0xa866, 0xa79a, 0xa86b, 0xa795,
0xa871, 0xa78e, 0xa878, 0xa787, 0xa880, 0xa77f, 0xa889, 0xa775,
0xa893, 0xa769, 0xa8a0, 0xa75c, 0xa8af, 0xa74b, 0xa8c1, 0xa737,
0xa8d8, 0xa71d, 0xa8f6, 0xa6fb, 0xa91d, 0xa6cd, 0xa954, 0xa68a,
0xa9a6, 0xa622, 0xaa2f, 0xa568, 0xab3c, 0xa3be, 0xae40, 0x9c86,
// square5 LP2 (offset 18304, count 512)
0xe80e, 0x3366, 0x21d5, 0x2c2f, 0x24d8, 0x2a85, 0x25e6, 0x29cb,
0x266e, 0x2963, 0x26c0, 0x2921, 0x26f7, 0x28f3, 0x271e, 0x28d1,
0x273c, 0x28b7, 0x2752, 0x28a3, 0x2765, 0x2892, 0x2773, 0x2885,
0x2780, 0x287a, 0x278a, 0x2870, 0x2793, 0x2868, 0x279b, 0x2861,
0x27a1, 0x285a, 0x27a7, 0x2855, 0x27ad, 0x2850, 0x27b1, 0x284b,
0x27b5, 0x2847, 0x27b9, 0x2844, 0x27bd, 0x2841, 0x27c0, 0x283e,
0x27c2, 0x283b, 0x27c5, 0x2839, 0x27c7, 0x2836, 0x27ca, 0x2834,
0x27cc, 0x2832, 0x27cd, 0x2830, 0x27cf, 0x282f, 0x27d1, 0x282d,
0x27d2, 0x282c, 0x27d4, 0x282a, 0x27d5, 0x2829, 0x27d6, 0x2828,
0x27d7, 0x2827, 0x27d8, 0x2826, 0x27d9, 0x2825, 0x27da, 0x2824,
0x27db, 0x2823, 0x27dc, 0x2822, 0x27dd, 0x2821, 0x27de, 0x2821,
0x27de, 0x2820, 0x27df, 0x281f, 0x27e0, 0x281f, 0x27e0, 0x281e,
0x27e1, 0x281e, 0x27e1, 0x281d, 0x27e2, 0x281d, 0x27e2, 0x281c,
0x27e3, 0x281c, 0x27e3, 0x281b, 0x27e4, 0x281b, 0x27e4, 0x281a,
0x27e5, 0x281a, 0x27e5, 0x281a, 0x27e5, 0x2819, 0x27e6, 0x2819,
0x27e6, 0x2819, 0x27e6, 0x2818, 0x27e6, 0x2818, 0x27e7, 0x2818,
0x27e7, 0x2818, 0x27e7, 0x2817, 0x27e7, 0x2817, 0x27e8, 0x2817,
0x27e8, 0x2817, 0x27e8, 0x2817, 0x27e8, 0x2817, 0x27e8, 0x2816,
0x27e8, 0x2816, 0x27e9, 0x2816, 0x27e9, 0x2816, 0x27e9, 0x2816,
0x27e9, 0x2816, 0x27e9, 0x2816, 0x27e9, 0x2816, 0x27e9, 0x2815,
0x27e9, 0x2815, 0x27e9, 0x2815, 0x27e9, 0x2815, 0x27e9, 0x2815,
0x27ea, 0x2815, 0x27ea, 0x2815, 0x27ea, 0x2815, 0x27ea, 0x2815,
0x27ea, 0x2815, 0x27ea, 0x2815, 0x27ea, 0x2815, 0x27ea, 0x2815,
0x27ea, 0x2815, 0x27e9, 0x2815, 0x27e9, 0x2815, 0x27e9, 0x2815,
0x27e9, 0x2815, 0x27e9, 0x2816, 0x27e9, 0x2816, 0x27e9, 0x2816,
0x27e9, 0x2816, 0x27e9, 0x2816, 0x27e9, 0x2816, 0x27e9, 0x2816,
0x27e8, 0x2816, 0x27e8, 0x2817, 0x27e8, 0x2817, 0x27e8, 0x2817,
0x27e8, 0x2817, 0x27e8, 0x2817, 0x27e7, 0x2817, 0x27e7, 0x2818,
0x27e7, 0x2818, 0x27e7, 0x2818, 0x27e6, 0x2818, 0x27e6, 0x2819,
0x27e6, 0x2819, 0x27e6, 0x2819, 0x27e5, 0x281a, 0x27e5, 0x281a,
0x27e5, 0x281a, 0x27e4, 0x281b, 0x27e4, 0x281b, 0x27e3, 0x281c,
0x27e3, 0x281c, 0x27e2, 0x281d, 0x27e2, 0x281d, 0x27e1, 0x281e,
0x27e1, 0x281e, 0x27e0, 0x281f, 0x27e0, 0x281f, 0x27df, 0x2820,
0x27de, 0x2821, 0x27de, 0x2821, 0x27dd, 0x2822, 0x27dc, 0x2823,
0x27db, 0x2824, 0x27da, 0x2825, 0x27d9, 0x2826, 0x27d8, 0x2827,
0x27d7, 0x2828, 0x27d6, 0x2829, 0x27d5, 0x282a, 0x27d4, 0x282c,
0x27d2, 0x282d, 0x27d1, 0x282f, 0x27cf, 0x2830, 0x27cd, 0x2832,
0x27cc, 0x2834, 0x27ca, 0x2836, 0x27c7, 0x2839, 0x27c5, 0x283b,
0x27c2, 0x283e, 0x27c0, 0x2841, 0x27bd, 0x2844, 0x27b9, 0x2847,
0x27b5, 0x284b, 0x27b1, 0x2850, 0x27ad, 0x2855, 0x27a7, 0x285a,
0x27a1, 0x2861, 0x279b, 0x2868, 0x2793, 0x2870, 0x278a, 0x287a,
0x2780, 0x2885, 0x2773, 0x2892, 0x2765, 0x28a3, 0x2752, 0x28b7,
0x273c, 0x28d1, 0x271e, 0x28f3, 0x26f7, 0x2921, 0x26c0, 0x2963,
0x266e, 0x29cb, 0x25e6, 0x2a85, 0x24d8, 0x2c2f, 0x21d5, 0x3366,
0xe80e, 0x9c7f, 0xae47, 0xa3b7, 0xab44, 0xa560, 0xaa36, 0xa61a,
0xa9ae, 0xa682, 0xa95c, 0xa6c5, 0xa925, 0xa6f3, 0xa8fe, 0xa714,
0xa8e1, 0xa72e, 0xa8ca, 0xa742, 0xa8b8, 0xa752, 0xa8a9, 0xa760,
0xa89d, 0xa76b, 0xa893, 0xa774, 0xa88a, 0xa77d, 0xa883, 0xa783,
0xa87c, 0xa78a, 0xa876, 0xa78f, 0xa871, 0xa794, 0xa86d, 0xa798,
0xa869, 0xa79b, 0xa866, 0xa79f, 0xa863, 0xa7a2, 0xa860, 0xa7a4,
0xa85d, 0xa7a7, 0xa85b, 0xa7a9, 0xa859, 0xa7ab, 0xa857, 0xa7ac,
0xa856, 0xa7ae, 0xa854, 0xa7af, 0xa853, 0xa7b0, 0xa852, 0xa7b1,
0xa851, 0xa7b2, 0xa850, 0xa7b3, 0xa84f, 0xa7b4, 0xa84f, 0xa7b4,
0xa84e, 0xa7b5, 0xa84e, 0xa7b5, 0xa84e, 0xa7b5, 0xa84e, 0xa7b5,
0xa84e, 0xa7b5, 0xa84e, 0xa7b5, 0xa84e, 0xa7b5, 0xa84e, 0xa7b5,
0xa84e, 0xa7b4, 0xa84f, 0xa7b4, 0xa84f, 0xa7b3, 0xa850, 0xa7b2,
0xa851, 0xa7b1, 0xa852, 0xa7b0, 0xa853, 0xa7af, 0xa854, 0xa7ae,
0xa856, 0xa7ac, 0xa857, 0xa7ab, 0xa859, 0xa7a9, 0xa85b, 0xa7a7,
0xa85d, 0xa7a4, 0xa860, 0xa7a2, 0xa863, 0xa79f, 0xa866, 0xa79b,
0xa869, 0xa798, 0xa86d, 0xa794, 0xa871, 0xa78f, 0xa876, 0xa78a,
0xa87c, 0xa783, 0xa883, 0xa77d, 0xa88a, 0xa774, 0xa893, 0xa76b,
0xa89d, 0xa760, 0xa8a9, 0xa752, 0xa8b8, 0xa742, 0xa8ca, 0xa72e,
0xa8e1, 0xa714, 0xa8fe, 0xa6f3, 0xa925, 0xa6c5, 0xa95c, 0xa682,
0xa9ae, 0xa61a, 0xaa36, 0xa560, 0xab44, 0xa3b7, 0xae47, 0x9c7f,
// square5 LP3 (offset 18816, count 256)
0xe81c, 0x3359, 0x21e1, 0x2c22, 0x24e4, 0x2a7a, 0x25f1, 0x29c0,
0x2679, 0x2959, 0x26ca, 0x2917, 0x2700, 0x28ea, 0x2727, 0x28c9,
0x2744, 0x28af, 0x275a, 0x289c, 0x276b, 0x288c, 0x277a, 0x287f,
0x2785, 0x2874, 0x278f, 0x286b, 0x2798, 0x2863, 0x279f, 0x285d,
0x27a5, 0x2857, 0x27ab, 0x2852, 0x27af, 0x284d, 0x27b3, 0x2849,
0x27b7, 0x2846, 0x27ba, 0x2843, 0x27bd, 0x2840, 0x27c0, 0x283d,
0x27c2, 0x283b, 0x27c5, 0x2839, 0x27c6, 0x2837, 0x27c8, 0x2836,
0x27ca, 0x2834, 0x27cb, 0x2833, 0x27cc, 0x2832, 0x27ce, 0x2831,
0x27cf, 0x2830, 0x27cf, 0x282f, 0x27d0, 0x282e, 0x27d1, 0x282d,
0x27d2, 0x282d, 0x27d2, 0x282c, 0x27d3, 0x282c, 0x27d3, 0x282c,
0x27d3, 0x282b, 0x27d4, 0x282b, 0x27d4, 0x282b, 0x27d4, 0x282b,
0x27d4, 0x282b, 0x27d4, 0x282b, 0x27d4, 0x282b, 0x27d4, 0x282b,
0x27d3, 0x282c, 0x27d3, 0x282c, 0x27d3, 0x282c, 0x27d2, 0x282d,
0x27d2, 0x282d, 0x27d1, 0x282e, 0x27d0, 0x282f, 0x27cf, 0x2830,
0x27cf, 0x2831, 0x27ce, 0x2832, 0x27cc, 0x2833, 0x27cb, 0x2834,
0x27ca, 0x2836, 0x27c8, 0x2837, 0x27c6, 0x2839, 0x27c5, 0x283b,
0x27c2, 0x283d, 0x27c0, 0x2840, 0x27bd, 0x2843, 0x27ba, 0x2846,
0x27b7, 0x2849, 0x27b3, 0x284d, 0x27af, 0x2852, 0x27ab, 0x2857,
0x27a5, 0x285d, 0x279f, 0x2863, 0x2798, 0x286b, 0x278f, 0x2874,
0x2785, 0x287f, 0x277a, 0x288c, 0x276b, 0x289c, 0x275a, 0x28af,
0x2744, 0x28c9, 0x2727, 0x28ea, 0x2700, 0x2917, 0x26ca, 0x2959,
0x2679, 0x29c0, 0x25f1, 0x2a7a, 0x24e4, 0x2c22, 0x21e1, 0x3359,
0xe81c, 0x9c71, 0xae56, 0xa3a8, 0xab53, 0xa550, 0xaa46, 0xa60a,
0xa9bf, 0xa671, 0xa96e, 0xa6b2, 0xa939, 0xa6df, 0xa913, 0xa6ff,
0xa8f7, 0xa717, 0xa8e1, 0xa72a, 0xa8d1, 0xa739, 0xa8c4, 0xa745,
0xa8b9, 0xa74e, 0xa8b1, 0xa755, 0xa8aa, 0xa75b, 0xa8a5, 0xa760,
0xa8a1, 0xa764, 0xa89e, 0xa766, 0xa89b, 0xa768, 0xa89a, 0xa769,
0xa89a, 0xa769, 0xa89a, 0xa768, 0xa89b, 0xa766, 0xa89e, 0xa764,
0xa8a1, 0xa760, 0xa8a5, 0xa75b, 0xa8aa, 0xa755, 0xa8b1, 0xa74e,
0xa8b9, 0xa745, 0xa8c4, 0xa739, 0xa8d1, 0xa72a, 0xa8e1, 0xa717,
0xa8f7, 0xa6ff, 0xa913, 0xa6df, 0xa939, 0xa6b2, 0xa96e, 0xa671,
0xa9bf, 0xa60a, 0xaa46, 0xa550, 0xab53, 0xa3a8, 0xae56, 0x9c71,
// square5 LP4 (offset 19072, count 128)
0xe837, 0x333f, 0x21f9, 0x2c0c, 0x24f9, 0x2a66, 0x2604, 0x29af,
0x2689, 0x294a, 0x26d8, 0x290a, 0x270c, 0x28df, 0x2730, 0x28c0,
0x274b, 0x28a9, 0x275f, 0x2897, 0x276f, 0x2889, 0x277b, 0x287e,
0x2785, 0x2875, 0x278e, 0x286e, 0x2794, 0x2868, 0x2799, 0x2863,
0x279e, 0x285f, 0x27a1, 0x285c, 0x27a4, 0x285a, 0x27a6, 0x2858,
0x27a7, 0x2857, 0x27a8, 0x2857, 0x27a8, 0x2857, 0x27a8, 0x2857,
0x27a7, 0x2858, 0x27a6, 0x285a, 0x27a4, 0x285c, 0x27a1, 0x285f,
0x279e, 0x2863, 0x2799, 0x2868, 0x2794, 0x286e, 0x278e, 0x2875,
0x2785, 0x287e, 0x277b, 0x2889, 0x276f, 0x2897, 0x275f, 0x28a9,
0x274b, 0x28c0, 0x2730, 0x28df, 0x270c, 0x290a, 0x26d8, 0x294a,
0x2689, 0x29af, 0x2604, 0x2a66, 0x24f9, 0x2c0c, 0x21f9, 0x333f,
0xe837, 0x9c54, 0xae75, 0xa387, 0xab76, 0xa52c, 0xaa6e, 0xa5e0,
0xa9eb, 0xa642, 0xa9a0, 0xa67d, 0xa971, 0xa6a3, 0xa953, 0xa6bb,
0xa940, 0xa6c9, 0xa935, 0xa6d0, 0xa932, 0xa6d0, 0xa935, 0xa6c9,
0xa940, 0xa6bb, 0xa953, 0xa6a3, 0xa971, 0xa67d, 0xa9a0, 0xa642,
0xa9eb, 0xa5e0, 0xaa6e, 0xa52c, 0xab76, 0xa387, 0xae75, 0x9c54,
// square5 LP5 (offset 19200, count 128)
0xe86d, 0x1fdc, 0x330f, 0x2985, 0x2224, 0x2766, 0x2be7, 0x2850,
0x2519, 0x27cf, 0x2a4b, 0x2820, 0x261b, 0x27e9, 0x299c, 0x2810,
0x2698, 0x27f3, 0x293f, 0x2809, 0x26df, 0x27f8, 0x2907, 0x2806,
0x270c, 0x27fa, 0x28e3, 0x2804, 0x2729, 0x27fc, 0x28cb, 0x2802,
0x273c, 0x27fd, 0x28bc, 0x2801, 0x2748, 0x27fe, 0x28b2, 0x2800,
0x274f, 0x27ff, 0x28ae, 0x2800, 0x2751, 0x2800, 0x28ae, 0x27ff,
0x274f, 0x2800, 0x28b2, 0x27fe, 0x2748, 0x2801, 0x28bc, 0x27fd,
0x273c, 0x2802, 0x28cb, 0x27fc, 0x2729, 0x2804, 0x28e3, 0x27fa,
0x270c, 0x2806, 0x2907, 0x27f8, 0x26df, 0x2809, 0x293f, 0x27f3,
0x2698, 0x2810, 0x299c, 0x27e9, 0x261b, 0x2820, 0x2a4b, 0x27cf,
0x2519, 0x2850, 0x2be7, 0x2766, 0x2224, 0x2985, 0x330f, 0x1fdc,
0xe86d, 0xb025, 0x9c17, 0xa67d, 0xaeba, 0xa89a, 0xa339, 0xa7b3,
0xabce, 0xa830, 0xa4c8, 0xa7e4, 0xaade, 0xa814, 0xa560, 0xa7f6,
0xaa7d, 0xa808, 0xa59a, 0xa7ff, 0xaa62, 0xa7ff, 0xa59a, 0xa808,
0xaa7d, 0xa7f6, 0xa560, 0xa814, 0xaade, 0xa7e4, 0xa4c8, 0xa830,
0xabce, 0xa7b3, 0xa339, 0xa89a, 0xaeba, 0xa67d, 0x9c17, 0xb025,
// square5 LP6 (offset 19328, count 128)
0xe8da, 0x0787, 0x1fe3, 0x2e61, 0x32bb, 0x2fab, 0x297e, 0x2447,
0x2263, 0x23f8, 0x276b, 0x2a89, 0x2bb9, 0x2aab, 0x284b, 0x2614,
0x2537, 0x2602, 0x27d3, 0x298d, 0x2a3c, 0x2998, 0x281b, 0x26ad,
0x261b, 0x26a6, 0x27ed, 0x292b, 0x29ab, 0x292f, 0x280b, 0x26ee,
0x267a, 0x26eb, 0x27f8, 0x2900, 0x296d, 0x2902, 0x2804, 0x2707,
0x26a0, 0x2706, 0x27fe, 0x28f5, 0x295b, 0x28f5, 0x27fe, 0x2706,
0x26a0, 0x2707, 0x2804, 0x2902, 0x296d, 0x2900, 0x27f8, 0x26eb,
0x267a, 0x26ee, 0x280b, 0x292f, 0x29ab, 0x292b, 0x27ed, 0x26a6,
0x261b, 0x26ad, 0x281b, 0x2998, 0x2a3c, 0x298d, 0x27d3, 0x2602,
0x2537, 0x2614, 0x284b, 0x2aab, 0x2bb9, 0x2a89, 0x276b, 0x23f8,
0x2263, 0x2447, 0x297e, 0x2fab, 0x32bb, 0x2e61, 0x1fe3, 0x0787,
0xe8da, 0xc9ac, 0xb01b, 0xa068, 0x9b8d, 0x9f1f, 0xa688, 0xad00,
0xaf69, 0xad4b, 0xa88b, 0xa419, 0xa25a, 0xa3fc, 0xa7c8, 0xab74,
0xacef, 0xab7f, 0xa812, 0xa4ae, 0xa348, 0xa4ae, 0xa812, 0xab7f,
0xacef, 0xab74, 0xa7c8, 0xa3fc, 0xa25a, 0xa419, 0xa88b, 0xad4b,
0xaf69, 0xad00, 0xa688, 0x9f1f, 0x9b8d, 0xa068, 0xb01b, 0xc9ac,
// square5 LP7 (offset 19456, count 128)
0xe652, 0xf45b, 0x0218, 0x0efb, 0x1a80, 0x243b, 0x2bdd, 0x313b,
0x3455, 0x354e, 0x3470, 0x3221, 0x2ed9, 0x2b19, 0x275e, 0x2418,
0x219d, 0x2025, 0x1fc9, 0x207b, 0x2215, 0x2453, 0x26e6, 0x2978,
0x2bb9, 0x2d65, 0x2e4e, 0x2e60, 0x2da1, 0x2c31, 0x2a44, 0x281b,
0x25fe, 0x2430, 0x22ea, 0x2253, 0x2279, 0x2355, 0x24c8, 0x26a1,
0x28a3, 0x2a8b, 0x2c1c, 0x2d23, 0x2d7e, 0x2d23, 0x2c1c, 0x2a8b,
0x28a3, 0x26a1, 0x24c8, 0x2355, 0x2279, 0x2253, 0x22ea, 0x2430,
0x25fe, 0x281b, 0x2a44, 0x2c31, 0x2da1, 0x2e60, 0x2e4e, 0x2d65,
0x2bb9, 0x2978, 0x26e6, 0x2453, 0x2215, 0x207b, 0x1fc9, 0x2025,
0x219d, 0x2418, 0x275e, 0x2b19, 0x2ed9, 0x3221, 0x3470, 0x354e,
0x3455, 0x313b, 0x2bdd, 0x243b, 0x1a80, 0x0efb, 0x0218, 0xf45b,
0xe652, 0xd88a, 0xcb8a, 0xbfc4, 0xb590, 0xad28, 0xa6a9, 0xa20e,
0x9f3a, 0x9dfa, 0x9e0b, 0x9f22, 0xa0f2, 0xa332, 0xa59f, 0xa801,
0xaa2a, 0xabf7, 0xad51, 0xae26, 0xae6e, 0xae26, 0xad51, 0xabf7,
0xaa2a, 0xa801, 0xa59f, 0xa332, 0xa0f2, 0x9f22, 0x9e0b, 0x9dfa,
0x9f3a, 0xa20e, 0xa6a9, 0xad28, 0xb590, 0xbfc4, 0xcb8a, 0xd88a,
// square5 LP8 (offset 19584, count 128)
0xedf6, 0xf435, 0xfa3f, 0x000d, 0x0596, 0x0ad1, 0x0fba, 0x144b,
0x1880, 0x1c58, 0x1fd0, 0x22e9, 0x25a4, 0x2801, 0x2a05, 0x2bb2,
0x2d0c, 0x2e19, 0x2ede, 0x2f60, 0x2fa6, 0x2fb5, 0x2f93, 0x2f48,
0x2ed9, 0x2e4c, 0x2da6, 0x2cee, 0x2c29, 0x2b5b, 0x2a88, 0x29b5,
0x28e5, 0x281c, 0x275c, 0x26a8, 0x2601, 0x256b, 0x24e6, 0x2473,
0x2414, 0x23ca, 0x2394, 0x2374, 0x2369, 0x2374, 0x2394, 0x23ca,
0x2414, 0x2473, 0x24e6, 0x256b, 0x2601, 0x26a8, 0x275c, 0x281c,
0x28e5, 0x29b5, 0x2a88, 0x2b5b, 0x2c29, 0x2cee, 0x2da6, 0x2e4c,
0x2ed9, 0x2f48, 0x2f93, 0x2fb5, 0x2fa6, 0x2f60, 0x2ede, 0x2e19,
0x2d0c, 0x2bb2, 0x2a05, 0x2801, 0x25a4, 0x22e9, 0x1fd0, 0x1c58,
0x1880, 0x144b, 0x0fba, 0x0ad1, 0x0596, 0x000d, 0xfa3f, 0xf435,
0xedf6, 0xe78f, 0xe109, 0xda72, 0xd3d7, 0xcd45, 0xc6c8, 0xc071,
0xba4c, 0xb468, 0xaed2, 0xa997, 0xa4c4, 0xa064, 0x9c82, 0x9929,
0x965f, 0x942d, 0x9297, 0x91a2, 0x9150, 0x91a2, 0x9297, 0x942d,
0x965f, 0x9929, 0x9c82, 0xa064, 0xa4c4, 0xa997, 0xaed2, 0xb468,
0xba4c, 0xc071, 0xc6c8, 0xcd45, 0xd3d7, 0xda72, 0xe109, 0xe78f,
// square5 LP9 (offset 19712, count 128)
0xda5c, 0xdd2b, 0xe010, 0xe308, 0xe613, 0xe92d, 0xec55, 0xef8a,
0xf2c8, 0xf60f, 0xf95c, 0xfcad, 0x0000, 0x0353, 0x06a4, 0x09f1,
0x0d38, 0x1076, 0x13ab, 0x16d3, 0x19ed, 0x1cf8, 0x1ff0, 0x22d5,
0x25a4, 0x285c, 0x2afb, 0x2d80, 0x2fe8, 0x3233, 0x345f, 0x366b,
0x3855, 0x3a1c, 0x3bc0, 0x3d3f, 0x3e98, 0x3fca, 0x40d5, 0x41b8,
0x4273, 0x4304, 0x436d, 0x43ab, 0x43c0, 0x43ab, 0x436d, 0x4304,
0x4273, 0x41b8, 0x40d5, 0x3fca, 0x3e98, 0x3d3f, 0x3bc0, 0x3a1c,
0x3855, 0x366b, 0x345f, 0x3233, 0x2fe8, 0x2d80, 0x2afb, 0x285c,
0x25a4, 0x22d5, 0x1ff0, 0x1cf8, 0x19ed, 0x16d3, 0x13ab, 0x1076,
0x0d38, 0x09f1, 0x06a4, 0x0353, 0x0000, 0xfcad, 0xf95c, 0xf60f,
0xf2c8, 0xef8a, 0xec55, 0xe92d, 0xe613, 0xe308, 0xe010, 0xdd2b,
0xda5c, 0xd7a4, 0xd505, 0xd280, 0xd018, 0xcdcd, 0xcba1, 0xc995,
0xc7ab, 0xc5e4, 0xc440, 0xc2c1, 0xc168, 0xc036, 0xbf2b, 0xbe48,
0xbd8d, 0xbcfc, 0xbc93, 0xbc55, 0xbc40, 0xbc55, 0xbc93, 0xbcfc,
0xbd8d, 0xbe48, 0xbf2b, 0xc036, 0xc168, 0xc2c1, 0xc440, 0xc5e4,
0xc7ab, 0xc995, 0xcba1, 0xcdcd, 0xd018, 0xd280, 0xd505, 0xd7a4,
// square6 LP1 (offset 19840, count 1024)
0xf004, 0x3b6f, 0x29cb, 0x3437, 0x2ccf, 0x328e, 0x2ddd, 0x31d4,
0x2e66, 0x316b, 0x2eb8, 0x3129, 0x2eef, 0x30fa, 0x2f16, 0x30d9,
0x2f34, 0x30bf, 0x2f4b, 0x30aa, 0x2f5d, 0x309a, 0x2f6c, 0x308c,
0x2f79, 0x3080, 0x2f83, 0x3077, 0x2f8c, 0x306e, 0x2f94, 0x3067,
0x2f9b, 0x3060, 0x2fa1, 0x305b, 0x2fa6, 0x3056, 0x2fab, 0x3051,
0x2faf, 0x304d, 0x2fb3, 0x3049, 0x2fb7, 0x3046, 0x2fba, 0x3043,
0x2fbd, 0x3040, 0x2fc0, 0x303d, 0x2fc2, 0x303b, 0x2fc5, 0x3039,
0x2fc7, 0x3037, 0x2fc9, 0x3035, 0x2fcb, 0x3033, 0x2fcc, 0x3031,
0x2fce, 0x3030, 0x2fd0, 0x302e, 0x2fd1, 0x302d, 0x2fd2, 0x302b,
0x2fd4, 0x302a, 0x2fd5, 0x3029, 0x2fd6, 0x3028, 0x2fd7, 0x3027,
0x2fd8, 0x3026, 0x2fd9, 0x3025, 0x2fda, 0x3024, 0x2fdb, 0x3023,
0x2fdc, 0x3022, 0x2fdc, 0x3022, 0x2fdd, 0x3021, 0x2fde, 0x3020,
0x2fdf, 0x301f, 0x2fdf, 0x301f, 0x2fe0, 0x301e, 0x2fe1, 0x301e,
0x2fe1, 0x301d, 0x2fe2, 0x301c, 0x2fe2, 0x301c, 0x2fe3, 0x301b,
0x2fe3, 0x301b, 0x2fe4, 0x301b, 0x2fe4, 0x301a, 0x2fe5, 0x301a,
0x2fe5, 0x3019, 0x2fe6, 0x3019, 0x2fe6, 0x3018, 0x2fe6, 0x3018,
0x2fe7, 0x3018, 0x2fe7, 0x3017, 0x2fe7, 0x3017, 0x2fe8, 0x3017,
0x2fe8, 0x3016, 0x2fe8, 0x3016, 0x2fe9, 0x3016, 0x2fe9, 0x3015,
0x2fe9, 0x3015, 0x2fe9, 0x3015, 0x2fea, 0x3015, 0x2fea, 0x3014,
0x2fea, 0x3014, 0x2feb, 0x3014, 0x2feb, 0x3014, 0x2feb, 0x3013,
0x2feb, 0x3013, 0x2feb, 0x3013, 0x2fec, 0x3013, 0x2fec, 0x3013,
0x2fec, 0x3012, 0x2fec, 0x3012, 0x2fec, 0x3012, 0x2fed, 0x3012,
0x2fed, 0x3012, 0x2fed, 0x3012, 0x2fed, 0x3011, 0x2fed, 0x3011,
0x2fed, 0x3011, 0x2fee, 0x3011, 0x2fee, 0x3011, 0x2fee, 0x3011,
0x2fee, 0x3010, 0x2fee, 0x3010, 0x2fee, 0x3010, 0x2fee, 0x3010,
0x2fef, 0x3010, 0x2fef, 0x3010, 0x2fef, 0x3010, 0x2fef, 0x3010,
0x2fef, 0x300f, 0x2fef, 0x300f, 0x2fef, 0x300f, 0x2fef, 0x300f,
0x2fef, 0x300f, 0x2fef, 0x300f, 0x2ff0, 0x300f, 0x2ff0, 0x300f,
0x2ff0, 0x300f, 0x2ff0, 0x300f, 0x2ff0, 0x300f, 0x2ff0, 0x300e,
0x2ff0, 0x300e, 0x2ff0, 0x300e, 0x2ff0, 0x300e, 0x2ff0, 0x300e,
0x2ff0, 0x300e, 0x2ff0, 0x300e, 0x2ff0, 0x300e, 0x2ff1, 0x300e,
0x2ff1, 0x300e, 0x2ff1, 0x300e, 0x2ff1, 0x300e, 0x2ff1, 0x300e,
0x2ff1, 0x300e, 0x2ff1, 0x300e, 0x2ff1, 0x300e, 0x2ff1, 0x300d,
0x2ff1, 0x300d, 0x2ff1, 0x300d, 0x2ff1, 0x300d, 0x2ff1, 0x300d,
0x2ff1, 0x300d, 0x2ff1, 0x300d, 0x2ff1, 0x300d, 0x2ff1, 0x300d,
0x2ff1, 0x300d, 0x2ff1, 0x300d, 0x2ff1, 0x300d, 0x2ff1, 0x300d,
0x2ff1, 0x300d, 0x2ff1, 0x300d, 0x2ff1, 0x300d, 0x2ff2, 0x300d,
0x2ff2, 0x300d, 0x2ff2, 0x300d, 0x2ff2, 0x300d, 0x2ff2, 0x300d,
0x2ff2, 0x300d, 0x2ff2, 0x300d, 0x2ff2, 0x300d, 0x2ff2, 0x300d,
0x2ff2, 0x300d, 0x2ff2, 0x300d, 0x2ff2, 0x300d, 0x2ff2, 0x300d,
0x2ff2, 0x300d, 0x2ff2, 0x300d, 0x2ff2, 0x300d, 0x2ff2, 0x300d,
0x2ff2, 0x300d, 0x2ff2, 0x300d, 0x2ff2, 0x300d, 0x2ff2, 0x300d,
0x2ff2, 0x300d, 0x2ff2, 0x300d, 0x2ff2, 0x300d, 0x2ff2, 0x300d,
0x2ff2, 0x300d, 0x2ff2, 0x300d, 0x2ff1, 0x300d, 0x2ff1, 0x300d,
0x2ff1, 0x300d, 0x2ff1, 0x300d, 0x2ff1, 0x300d, 0x2ff1, 0x300d,
0x2ff1, 0x300d, 0x2ff1, 0x300d, 0x2ff1, 0x300d, 0x2ff1, 0x300d,
0x2ff1, 0x300d, 0x2ff1, 0x300d, 0x2ff1, 0x300d, 0x2ff1, 0x300d,
0x2ff1, 0x300d, 0x2ff1, 0x300e, 0x2ff1, 0x300e, 0x2ff1, 0x300e,
0x2ff1, 0x300e, 0x2ff1, 0x300e, 0x2ff1, 0x300e, 0x2ff1, 0x300e,
0x2ff1, 0x300e, 0x2ff1, 0x300e, 0x2ff0, 0x300e, 0x2ff0, 0x300e,
0x2ff0, 0x300e, 0x2ff0, 0x300e, 0x2ff0, 0x300e, 0x2ff0, 0x300e,
0x2ff0, 0x300e, 0x2ff0, 0x300f, 0x2ff0, 0x300f, 0x2ff0, 0x300f,
0x2ff0, 0x300f, 0x2ff0, 0x300f, 0x2ff0, 0x300f, 0x2fef, 0x300f,
0x2fef, 0x300f, 0x2fef, 0x300f, 0x2fef, 0x300f, 0x2fef, 0x300f,
0x2fef, 0x3010, 0x2fef, 0x3010, 0x2fef, 0x3010, 0x2fef, 0x3010,
0x2fef, 0x3010, 0x2fee, 0x3010, 0x2fee, 0x3010, 0x2fee, 0x3010,
0x2fee, 0x3011, 0x2fee, 0x3011, 0x2fee, 0x3011, 0x2fee, 0x3011,
0x2fed, 0x3011, 0x2fed, 0x3011, 0x2fed, 0x3012, 0x2fed, 0x3012,
0x2fed, 0x3012, 0x2fed, 0x3012, 0x2fec, 0x3012, 0x2fec, 0x3012,
0x2fec, 0x3013, 0x2fec, 0x3013, 0x2fec, 0x3013, 0x2feb, 0x3013,
0x2feb, 0x3013, 0x2feb, 0x3014, 0x2feb, 0x3014, 0x2feb, 0x3014,
0x2fea, 0x3014, 0x2fea, 0x3015, 0x2fea, 0x3015, 0x2fe9, 0x3015,
0x2fe9, 0x3015, 0x2fe9, 0x3016, 0x2fe9, 0x3016, 0x2fe8, 0x3016,
0x2fe8, 0x3017, 0x2fe8, 0x3017, 0x2fe7, 0x3017, 0x2fe7, 0x3018,
0x2fe7, 0x3018, 0x2fe6, 0x3018, 0x2fe6, 0x3019, 0x2fe6, 0x3019,
0x2fe5, 0x301a, 0x2fe5, 0x301a, 0x2fe4, 0x301b, 0x2fe4, 0x301b,
0x2fe3, 0x301b, 0x2fe3, 0x301c, 0x2fe2, 0x301c, 0x2fe2, 0x301d,
0x2fe1, 0x301e, 0x2fe1, 0x301e, 0x2fe0, 0x301f, 0x2fdf, 0x301f,
0x2fdf, 0x3020, 0x2fde, 0x3021, 0x2fdd, 0x3022, 0x2fdc, 0x3022,
0x2fdc, 0x3023, 0x2fdb, 0x3024, 0x2fda, 0x3025, 0x2fd9, 0x3026,
0x2fd8, 0x3027, 0x2fd7, 0x3028, 0x2fd6, 0x3029, 0x2fd5, 0x302a,
0x2fd4, 0x302b, 0x2fd2, 0x302d, 0x2fd1, 0x302e, 0x2fd0, 0x3030,
0x2fce, 0x3031, 0x2fcc, 0x3033, 0x2fcb, 0x3035, 0x2fc9, 0x3037,
0x2fc7, 0x3039, 0x2fc5, 0x303b, 0x2fc2, 0x303d, 0x2fc0, 0x3040,
0x2fbd, 0x3043, 0x2fba, 0x3046, 0x2fb7, 0x3049, 0x2fb3, 0x304d,
0x2faf, 0x3051, 0x2fab, 0x3056, 0x2fa6, 0x305b, 0x2fa1, 0x3060,
0x2f9b, 0x3067, 0x2f94, 0x306e, 0x2f8c, 0x3077, 0x2f83, 0x3080,
0x2f79, 0x308c, 0x2f6c, 0x309a, 0x2f5d, 0x30aa, 0x2f4b, 0x30bf,
0x2f34, 0x30d9, 0x2f16, 0x30fa, 0x2eef, 0x3129, 0x2eb8, 0x316b,
0x2e66, 0x31d4, 0x2ddd, 0x328e, 0x2ccf, 0x3437, 0x29cb, 0x3b6f,
0xf004, 0xa489, 0xb63e, 0xabc1, 0xb33a, 0xad6a, 0xb22c, 0xae24,
0xb1a3, 0xae8d, 0xb151, 0xaecf, 0xb11a, 0xaefe, 0xb0f3, 0xaf1f,
0xb0d5, 0xaf39, 0xb0be, 0xaf4e, 0xb0ac, 0xaf5e, 0xb09d, 0xaf6c,
0xb090, 0xaf78, 0xb086, 0xaf81, 0xb07d, 0xaf8a, 0xb075, 0xaf91,
0xb06e, 0xaf98, 0xb068, 0xaf9d, 0xb063, 0xafa2, 0xb05e, 0xafa7,
0xb05a, 0xafab, 0xb056, 0xafaf, 0xb052, 0xafb2, 0xb04f, 0xafb5,
0xb04c, 0xafb8, 0xb049, 0xafba, 0xb047, 0xafbd, 0xb045, 0xafbf,
0xb042, 0xafc1, 0xb040, 0xafc3, 0xb03f, 0xafc5, 0xb03d, 0xafc6,
0xb03b, 0xafc8, 0xb03a, 0xafc9, 0xb038, 0xafcb, 0xb037, 0xafcc,
0xb036, 0xafcd, 0xb035, 0xafce, 0xb033, 0xafd0, 0xb032, 0xafd1,
0xb031, 0xafd2, 0xb031, 0xafd2, 0xb030, 0xafd3, 0xb02f, 0xafd4,
0xb02e, 0xafd5, 0xb02d, 0xafd6, 0xb02d, 0xafd6, 0xb02c, 0xafd7,
0xb02b, 0xafd8, 0xb02b, 0xafd8, 0xb02a, 0xafd9, 0xb029, 0xafd9,
0xb029, 0xafda, 0xb028, 0xafda, 0xb028, 0xafdb, 0xb027, 0xafdb,
0xb027, 0xafdc, 0xb027, 0xafdc, 0xb026, 0xafdd, 0xb026, 0xafdd,
0xb025, 0xafdd, 0xb025, 0xafde, 0xb025, 0xafde, 0xb024, 0xafde,
0xb024, 0xafdf, 0xb024, 0xafdf, 0xb023, 0xafdf, 0xb023, 0xafdf,
0xb023, 0xafe0, 0xb023, 0xafe0, 0xb022, 0xafe0, 0xb022, 0xafe0,
0xb022, 0xafe1, 0xb022, 0xafe1, 0xb022, 0xafe1, 0xb021, 0xafe1,
0xb021, 0xafe1, 0xb021, 0xafe1, 0xb021, 0xafe2, 0xb021, 0xafe2,
0xb021, 0xafe2, 0xb021, 0xafe2, 0xb020, 0xafe2, 0xb020, 0xafe2,
0xb020, 0xafe2, 0xb020, 0xafe2, 0xb020, 0xafe2, 0xb020, 0xafe2,
0xb020, 0xafe3, 0xb020, 0xafe3, 0xb020, 0xafe3, 0xb020, 0xafe3,
0xb020, 0xafe3, 0xb020, 0xafe3, 0xb020, 0xafe3, 0xb020, 0xafe3,
0xb020, 0xafe3, 0xb020, 0xafe3, 0xb020, 0xafe3, 0xb020, 0xafe3,
0xb020, 0xafe3, 0xb020, 0xafe3, 0xb020, 0xafe3, 0xb020, 0xafe3,
0xb020, 0xafe2, 0xb020, 0xafe2, 0xb020, 0xafe2, 0xb020, 0xafe2,
0xb020, 0xafe2, 0xb020, 0xafe2, 0xb020, 0xafe2, 0xb021, 0xafe2,
0xb021, 0xafe2, 0xb021, 0xafe2, 0xb021, 0xafe1, 0xb021, 0xafe1,
0xb021, 0xafe1, 0xb021, 0xafe1, 0xb022, 0xafe1, 0xb022, 0xafe1,
0xb022, 0xafe0, 0xb022, 0xafe0, 0xb022, 0xafe0, 0xb023, 0xafe0,
0xb023, 0xafdf, 0xb023, 0xafdf, 0xb023, 0xafdf, 0xb024, 0xafdf,
0xb024, 0xafde, 0xb024, 0xafde, 0xb025, 0xafde, 0xb025, 0xafdd,
0xb025, 0xafdd, 0xb026, 0xafdd, 0xb026, 0xafdc, 0xb027, 0xafdc,
0xb027, 0xafdb, 0xb027, 0xafdb, 0xb028, 0xafda, 0xb028, 0xafda,
0xb029, 0xafd9, 0xb029, 0xafd9, 0xb02a, 0xafd8, 0xb02b, 0xafd8,
0xb02b, 0xafd7, 0xb02c, 0xafd6, 0xb02d, 0xafd6, 0xb02d, 0xafd5,
0xb02e, 0xafd4, 0xb02f, 0xafd3, 0xb030, 0xafd2, 0xb031, 0xafd2,
0xb031, 0xafd1, 0xb032, 0xafd0, 0xb033, 0xafce, 0xb035, 0xafcd,
0xb036, 0xafcc, 0xb037, 0xafcb, 0xb038, 0xafc9, 0xb03a, 0xafc8,
0xb03b, 0xafc6, 0xb03d, 0xafc5, 0xb03f, 0xafc3, 0xb040, 0xafc1,
0xb042, 0xafbf, 0xb045, 0xafbd, 0xb047, 0xafba, 0xb049, 0xafb8,
0xb04c, 0xafb5, 0xb04f, 0xafb2, 0xb052, 0xafaf, 0xb056, 0xafab,
0xb05a, 0xafa7, 0xb05e, 0xafa2, 0xb063, 0xaf9d, 0xb068, 0xaf98,
0xb06e, 0xaf91, 0xb075, 0xaf8a, 0xb07d, 0xaf81, 0xb086, 0xaf78,
0xb090, 0xaf6c, 0xb09d, 0xaf5e, 0xb0ac, 0xaf4e, 0xb0be, 0xaf39,
0xb0d5, 0xaf1f, 0xb0f3, 0xaefe, 0xb11a, 0xaecf, 0xb151, 0xae8d,
0xb1a3, 0xae24, 0xb22c, 0xad6a, 0xb33a, 0xabc1, 0xb63e, 0xa489,
// square6 LP2 (offset 20864, count 512)
0xf009, 0x3b6b, 0x29cf, 0x3433, 0x2cd3, 0x328a, 0x2de1, 0x31d0,
0x2e69, 0x3168, 0x2ebb, 0x3125, 0x2ef2, 0x30f7, 0x2f19, 0x30d5,
0x2f37, 0x30bc, 0x2f4e, 0x30a7, 0x2f60, 0x3097, 0x2f6f, 0x3089,
0x2f7b, 0x307e, 0x2f86, 0x3074, 0x2f8e, 0x306c, 0x2f96, 0x3065,
0x2f9d, 0x305f, 0x2fa3, 0x3059, 0x2fa8, 0x3054, 0x2fad, 0x3050,
0x2fb1, 0x304c, 0x2fb5, 0x3048, 0x2fb8, 0x3045, 0x2fbb, 0x3042,
0x2fbe, 0x303f, 0x2fc1, 0x303d, 0x2fc3, 0x303a, 0x2fc5, 0x3038,
0x2fc7, 0x3036, 0x2fc9, 0x3034, 0x2fcb, 0x3033, 0x2fcd, 0x3031,
0x2fce, 0x3030, 0x2fcf, 0x302e, 0x2fd1, 0x302d, 0x2fd2, 0x302c,
0x2fd3, 0x302b, 0x2fd4, 0x302a, 0x2fd5, 0x3029, 0x2fd6, 0x3028,
0x2fd7, 0x3027, 0x2fd8, 0x3026, 0x2fd9, 0x3025, 0x2fda, 0x3025,
0x2fda, 0x3024, 0x2fdb, 0x3023, 0x2fdc, 0x3023, 0x2fdc, 0x3022,
0x2fdd, 0x3022, 0x2fdd, 0x3021, 0x2fde, 0x3021, 0x2fde, 0x3020,
0x2fdf, 0x3020, 0x2fdf, 0x301f, 0x2fe0, 0x301f, 0x2fe0, 0x301e,
0x2fe0, 0x301e, 0x2fe1, 0x301e, 0x2fe1, 0x301d, 0x2fe1, 0x301d,
0x2fe1, 0x301d, 0x2fe2, 0x301d, 0x2fe2, 0x301c, 0x2fe2, 0x301c,
0x2fe2, 0x301c, 0x2fe3, 0x301c, 0x2fe3, 0x301c, 0x2fe3, 0x301b,
0x2fe3, 0x301b, 0x2fe3, 0x301b, 0x2fe3, 0x301b, 0x2fe4, 0x301b,
0x2fe4, 0x301b, 0x2fe4, 0x301b, 0x2fe4, 0x301b, 0x2fe4, 0x301b,
0x2fe4, 0x301b, 0x2fe4, 0x301b, 0x2fe4, 0x301a, 0x2fe4, 0x301a,
0x2fe4, 0x301a, 0x2fe4, 0x301a, 0x2fe4, 0x301b, 0x2fe4, 0x301b,
0x2fe4, 0x301b, 0x2fe4, 0x301b, 0x2fe4, 0x301b, 0x2fe4, 0x301b,
0x2fe4, 0x301b, 0x2fe4, 0x301b, 0x2fe3, 0x301b, 0x2fe3, 0x301b,
0x2fe3, 0x301b, 0x2fe3, 0x301c, 0x2fe3, 0x301c, 0x2fe3, 0x301c,
0x2fe2, 0x301c, 0x2fe2, 0x301c, 0x2fe2, 0x301d, 0x2fe2, 0x301d,
0x2fe1, 0x301d, 0x2fe1, 0x301d, 0x2fe1, 0x301e, 0x2fe1, 0x301e,
0x2fe0, 0x301e, 0x2fe0, 0x301f, 0x2fe0, 0x301f, 0x2fdf, 0x3020,
0x2fdf, 0x3020, 0x2fde, 0x3021, 0x2fde, 0x3021, 0x2fdd, 0x3022,
0x2fdd, 0x3022, 0x2fdc, 0x3023, 0x2fdc, 0x3023, 0x2fdb, 0x3024,
0x2fda, 0x3025, 0x2fda, 0x3025, 0x2fd9, 0x3026, 0x2fd8, 0x3027,
0x2fd7, 0x3028, 0x2fd6, 0x3029, 0x2fd5, 0x302a, 0x2fd4, 0x302b,
0x2fd3, 0x302c, 0x2fd2, 0x302d, 0x2fd1, 0x302e, 0x2fcf, 0x3030,
0x2fce, 0x3031, 0x2fcd, 0x3033, 0x2fcb, 0x3034, 0x2fc9, 0x3036,
0x2fc7, 0x3038, 0x2fc5, 0x303a, 0x2fc3, 0x303d, 0x2fc1, 0x303f,
0x2fbe, 0x3042, 0x2fbb, 0x3045, 0x2fb8, 0x3048, 0x2fb5, 0x304c,
0x2fb1, 0x3050, 0x2fad, 0x3054, 0x2fa8, 0x3059, 0x2fa3, 0x305f,
0x2f9d, 0x3065, 0x2f96, 0x306c, 0x2f8e, 0x3074, 0x2f86, 0x307e,
0x2f7b, 0x3089, 0x2f6f, 0x3097, 0x2f60, 0x30a7, 0x2f4e, 0x30bc,
0x2f37, 0x30d5, 0x2f19, 0x30f7, 0x2ef2, 0x3125, 0x2ebb, 0x3168,
0x2e69, 0x31d0, 0x2de1, 0x328a, 0x2cd3, 0x3433, 0x29cf, 0x3b6b,
0xf009, 0xa484, 0xb642, 0xabbc, 0xb33e, 0xad65, 0xb231, 0xae20,
0xb1a8, 0xae88, 0xb156, 0xaeca, 0xb11f, 0xaef8, 0xb0f8, 0xaf1a,
0xb0db, 0xaf34, 0xb0c4, 0xaf48, 0xb0b2, 0xaf58, 0xb0a3, 0xaf66,
0xb097, 0xaf71, 0xb08c, 0xaf7b, 0xb084, 0xaf83, 0xb07c, 0xaf8a,
0xb075, 0xaf90, 0xb06f, 0xaf96, 0xb06a, 0xaf9b, 0xb066, 0xaf9f,
0xb062, 0xafa3, 0xb05e, 0xafa6, 0xb05b, 0xafa9, 0xb058, 0xafac,
0xb055, 0xafaf, 0xb053, 0xafb1, 0xb050, 0xafb3, 0xb04e, 0xafb5,
0xb04d, 0xafb7, 0xb04b, 0xafb8, 0xb049, 0xafba, 0xb048, 0xafbb,
0xb047, 0xafbc, 0xb046, 0xafbd, 0xb045, 0xafbe, 0xb044, 0xafbf,
0xb043, 0xafc0, 0xb042, 0xafc1, 0xb041, 0xafc1, 0xb041, 0xafc2,
0xb040, 0xafc3, 0xb040, 0xafc3, 0xb03f, 0xafc3, 0xb03f, 0xafc4,
0xb03f, 0xafc4, 0xb03e, 0xafc4, 0xb03e, 0xafc4, 0xb03e, 0xafc4,
0xb03e, 0xafc4, 0xb03e, 0xafc4, 0xb03e, 0xafc4, 0xb03e, 0xafc4,
0xb03f, 0xafc4, 0xb03f, 0xafc3, 0xb03f, 0xafc3, 0xb040, 0xafc3,
0xb040, 0xafc2, 0xb041, 0xafc1, 0xb041, 0xafc1, 0xb042, 0xafc0,
0xb043, 0xafbf, 0xb044, 0xafbe, 0xb045, 0xafbd, 0xb046, 0xafbc,
0xb047, 0xafbb, 0xb048, 0xafba, 0xb049, 0xafb8, 0xb04b, 0xafb7,
0xb04d, 0xafb5, 0xb04e, 0xafb3, 0xb050, 0xafb1, 0xb053, 0xafaf,
0xb055, 0xafac, 0xb058, 0xafa9, 0xb05b, 0xafa6, 0xb05e, 0xafa3,
0xb062, 0xaf9f, 0xb066, 0xaf9b, 0xb06a, 0xaf96, 0xb06f, 0xaf90,
0xb075, 0xaf8a, 0xb07c, 0xaf83, 0xb084, 0xaf7b, 0xb08c, 0xaf71,
0xb097, 0xaf66, 0xb0a3, 0xaf58, 0xb0b2, 0xaf48, 0xb0c4, 0xaf34,
0xb0db, 0xaf1a, 0xb0f8, 0xaef8, 0xb11f, 0xaeca, 0xb156, 0xae88,
0xb1a8, 0xae20, 0xb231, 0xad65, 0xb33e, 0xabbc, 0xb642, 0xa484,
// square6 LP3 (offset 21376, count 256)
0xf011, 0x3b63, 0x29d7, 0x342c, 0x2cda, 0x3283, 0x2de7, 0x31ca,
0x2e6f, 0x3162, 0x2ec1, 0x3120, 0x2ef7, 0x30f2, 0x2f1e, 0x30d1,
0x2f3b, 0x30b8, 0x2f51, 0x30a4, 0x2f63, 0x3094, 0x2f71, 0x3087,
0x2f7d, 0x307c, 0x2f87, 0x3073, 0x2f8f, 0x306b, 0x2f97, 0x3065,
0x2f9d, 0x305f, 0x2fa2, 0x305a, 0x2fa7, 0x3055, 0x2fab, 0x3051,
0x2faf, 0x304e, 0x2fb2, 0x304b, 0x2fb5, 0x3048, 0x2fb8, 0x3045,
0x2fba, 0x3043, 0x2fbc, 0x3041, 0x2fbe, 0x3040, 0x2fc0, 0x303e,
0x2fc1, 0x303d, 0x2fc3, 0x303b, 0x2fc4, 0x303a, 0x2fc5, 0x3039,
0x2fc6, 0x3038, 0x2fc6, 0x3038, 0x2fc7, 0x3037, 0x2fc8, 0x3037,
0x2fc8, 0x3036, 0x2fc8, 0x3036, 0x2fc9, 0x3036, 0x2fc9, 0x3036,
0x2fc9, 0x3036, 0x2fc9, 0x3036, 0x2fc9, 0x3036, 0x2fc8, 0x3036,
0x2fc8, 0x3037, 0x2fc8, 0x3037, 0x2fc7, 0x3038, 0x2fc6, 0x3038,
0x2fc6, 0x3039, 0x2fc5, 0x303a, 0x2fc4, 0x303b, 0x2fc3, 0x303d,
0x2fc1, 0x303e, 0x2fc0, 0x3040, 0x2fbe, 0x3041, 0x2fbc, 0x3043,
0x2fba, 0x3045, 0x2fb8, 0x3048, 0x2fb5, 0x304b, 0x2fb2, 0x304e,
0x2faf, 0x3051, 0x2fab, 0x3055, 0x2fa7, 0x305a, 0x2fa2, 0x305f,
0x2f9d, 0x3065, 0x2f97, 0x306b, 0x2f8f, 0x3073, 0x2f87, 0x307c,
0x2f7d, 0x3087, 0x2f71, 0x3094, 0x2f63, 0x30a4, 0x2f51, 0x30b8,
0x2f3b, 0x30d1, 0x2f1e, 0x30f2, 0x2ef7, 0x3120, 0x2ec1, 0x3162,
0x2e6f, 0x31ca, 0x2de7, 0x3283, 0x2cda, 0x342c, 0x29d7, 0x3b63,
0xf011, 0xa47c, 0xb64b, 0xabb3, 0xb348, 0xad5b, 0xb23b, 0xae15,
0xb1b3, 0xae7c, 0xb162, 0xaebe, 0xb12c, 0xaeeb, 0xb106, 0xaf0c,
0xb0e9, 0xaf25, 0xb0d3, 0xaf38, 0xb0c2, 0xaf48, 0xb0b4, 0xaf54,
0xb0a9, 0xaf5e, 0xb0a0, 0xaf67, 0xb098, 0xaf6e, 0xb092, 0xaf74,
0xb08c, 0xaf78, 0xb088, 0xaf7c, 0xb084, 0xaf80, 0xb081, 0xaf82,
0xb07f, 0xaf84, 0xb07d, 0xaf86, 0xb07c, 0xaf87, 0xb07b, 0xaf87,
0xb07b, 0xaf87, 0xb07b, 0xaf87, 0xb07c, 0xaf86, 0xb07d, 0xaf84,
0xb07f, 0xaf82, 0xb081, 0xaf80, 0xb084, 0xaf7c, 0xb088, 0xaf78,
0xb08c, 0xaf74, 0xb092, 0xaf6e, 0xb098, 0xaf67, 0xb0a0, 0xaf5e,
0xb0a9, 0xaf54, 0xb0b4, 0xaf48, 0xb0c2, 0xaf38, 0xb0d3, 0xaf25,
0xb0e9, 0xaf0c, 0xb106, 0xaeeb, 0xb12c, 0xaebe, 0xb162, 0xae7c,
0xb1b3, 0xae15, 0xb23b, 0xad5b, 0xb348, 0xabb3, 0xb64b, 0xa47c,
// square6 LP4 (offset 21632, count 128)
0xf022, 0x3b53, 0x29e6, 0x341f, 0x2ce6, 0x3278, 0x2df1, 0x31c1,
0x2e77, 0x315b, 0x2ec7, 0x311b, 0x2efb, 0x30f0, 0x2f20, 0x30d0,
0x2f3b, 0x30b9, 0x2f4f, 0x30a7, 0x2f5f, 0x3099, 0x2f6b, 0x308e,
0x2f75, 0x3085, 0x2f7d, 0x307e, 0x2f83, 0x3079, 0x2f88, 0x3074,
0x2f8c, 0x3071, 0x2f8f, 0x306f, 0x2f91, 0x306d, 0x2f92, 0x306c,
0x2f92, 0x306c, 0x2f92, 0x306d, 0x2f91, 0x306f, 0x2f8f, 0x3071,
0x2f8c, 0x3074, 0x2f88, 0x3079, 0x2f83, 0x307e, 0x2f7d, 0x3085,
0x2f75, 0x308e, 0x2f6b, 0x3099, 0x2f5f, 0x30a7, 0x2f4f, 0x30b9,
0x2f3b, 0x30d0, 0x2f20, 0x30f0, 0x2efb, 0x311b, 0x2ec7, 0x315b,
0x2e77, 0x31c1, 0x2df1, 0x3278, 0x2ce6, 0x341f, 0x29e6, 0x3b53,
0xf022, 0xa46a, 0xb65e, 0xab9e, 0xb35e, 0xad44, 0xb254, 0xadfa,
0xb1d0, 0xae5e, 0xb182, 0xae9c, 0xb150, 0xaec5, 0xb12f, 0xaee1,
0xb117, 0xaef4, 0xb107, 0xaf01, 0xb0fd, 0xaf09, 0xb0f7, 0xaf0d,
0xb0f5, 0xaf0d, 0xb0f7, 0xaf09, 0xb0fd, 0xaf01, 0xb107, 0xaef4,
0xb117, 0xaee1, 0xb12f, 0xaec5, 0xb150, 0xae9c, 0xb182, 0xae5e,
0xb1d0, 0xadfa, 0xb254, 0xad44, 0xb35e, 0xab9e, 0xb65e, 0xa46a,
// square6 LP5 (offset 21760, count 128)
0xf044, 0x27db, 0x3b37, 0x3185, 0x29fe, 0x2f65, 0x340b, 0x3050,
0x2cf6, 0x2fce, 0x326d, 0x3020, 0x2df9, 0x2fe8, 0x31bd, 0x3010,
0x2e77, 0x2ff2, 0x315f, 0x3009, 0x2ebf, 0x2ff7, 0x3127, 0x3005,
0x2eeb, 0x2ffa, 0x3103, 0x3003, 0x2f08, 0x2ffc, 0x30ed, 0x3002,
0x2f19, 0x2ffd, 0x30e0, 0x3000, 0x2f23, 0x2fff, 0x30da, 0x2fff,
0x2f26, 0x2fff, 0x30da, 0x2fff, 0x2f23, 0x3000, 0x30e0, 0x2ffd,
0x2f19, 0x3002, 0x30ed, 0x2ffc, 0x2f08, 0x3003, 0x3103, 0x2ffa,
0x2eeb, 0x3005, 0x3127, 0x2ff7, 0x2ebf, 0x3009, 0x315f, 0x2ff2,
0x2e77, 0x3010, 0x31bd, 0x2fe8, 0x2df9, 0x3020, 0x326d, 0x2fce,
0x2cf6, 0x3050, 0x340b, 0x2f65, 0x29fe, 0x3185, 0x3b37, 0x27db,
0xf044, 0xb825, 0xa443, 0xae7c, 0xb68b, 0xb09b, 0xab6b, 0xafb1,
0xb398, 0xb031, 0xad03, 0xafe2, 0xb29d, 0xb016, 0xada8, 0xaff3,
0xb22c, 0xb00b, 0xadf6, 0xaffb, 0xb1f8, 0xb005, 0xae16, 0xb000,
0xb1e8, 0xb000, 0xae16, 0xb005, 0xb1f8, 0xaffb, 0xadf6, 0xb00b,
0xb22c, 0xaff3, 0xada8, 0xb016, 0xb29d, 0xafe2, 0xad03, 0xb031,
0xb398, 0xafb1, 0xab6b, 0xb09b, 0xb68b, 0xae7c, 0xa443, 0xb825,
// square6 LP6 (offset 21888, count 128)
0xf087, 0x0f4d, 0x27e1, 0x3695, 0x3b06, 0x37e0, 0x3180, 0x2c15,
0x2a1d, 0x2bc7, 0x2f6a, 0x32b8, 0x33fb, 0x32da, 0x304b, 0x2de6,
0x2cf6, 0x2dd4, 0x2fd3, 0x31ba, 0x327c, 0x31c5, 0x301b, 0x2e7f,
0x2dda, 0x2e78, 0x2fee, 0x315a, 0x31ed, 0x315e, 0x300a, 0x2ebc,
0x2e34, 0x2eba, 0x2ff9, 0x3136, 0x31b8, 0x3137, 0x3001, 0x2ecd,
0x2e4d, 0x2ecd, 0x3001, 0x3137, 0x31b8, 0x3136, 0x2ff9, 0x2eba,
0x2e34, 0x2ebc, 0x300a, 0x315e, 0x31ed, 0x315a, 0x2fee, 0x2e78,
0x2dda, 0x2e7f, 0x301b, 0x31c5, 0x327c, 0x31ba, 0x2fd3, 0x2dd4,
0x2cf6, 0x2de6, 0x304b, 0x32da, 0x33fb, 0x32b8, 0x2f6a, 0x2bc7,
0x2a1d, 0x2c15, 0x3180, 0x37e0, 0x3b06, 0x3695, 0x27e1, 0x0f4d,
0xf087, 0xd172, 0xb81f, 0xa8aa, 0xa3ea, 0xa760, 0xae84, 0xb4b3,
0xb6fd, 0xb500, 0xb091, 0xac74, 0xaada, 0xac55, 0xafbe, 0xb301,
0xb44f, 0xb310, 0xb021, 0xad44, 0xac19, 0xad3d, 0xaff8, 0xb2ad,
0xb3cb, 0xb2ad, 0xaff8, 0xad3d, 0xac19, 0xad44, 0xb021, 0xb310,
0xb44f, 0xb301, 0xafbe, 0xac55, 0xaada, 0xac74, 0xb091, 0xb500,
0xb6fd, 0xb4b3, 0xae84, 0xa760, 0xa3ea, 0xa8aa, 0xb81f, 0xd172,
// square6 LP7 (offset 22016, count 128)
0xf10c, 0x00d5, 0x0fae, 0x1ce7, 0x27f7, 0x3085, 0x366d, 0x39c2,
0x3ac8, 0x39eb, 0x37b1, 0x34ad, 0x316c, 0x2e6d, 0x2c12, 0x2a9a,
0x2a1d, 0x2a91, 0x2bca, 0x2d87, 0x2f7e, 0x315f, 0x32e7, 0x33e3,
0x3439, 0x33e7, 0x3302, 0x31b5, 0x3035, 0x2ebd, 0x2d85, 0x2cb8,
0x2c71, 0x2cb7, 0x2d7b, 0x2e9d, 0x2ff0, 0x3141, 0x325d, 0x331b,
0x335d, 0x331b, 0x325d, 0x3141, 0x2ff0, 0x2e9d, 0x2d7b, 0x2cb7,
0x2c71, 0x2cb8, 0x2d85, 0x2ebd, 0x3035, 0x31b5, 0x3302, 0x33e7,
0x3439, 0x33e3, 0x32e7, 0x315f, 0x2f7e, 0x2d87, 0x2bca, 0x2a91,
0x2a1d, 0x2a9a, 0x2c12, 0x2e6d, 0x316c, 0x34ad, 0x37b1, 0x39eb,
0x3ac8, 0x39c2, 0x366d, 0x3085, 0x27f7, 0x1ce7, 0x0fae, 0x00d5,
0xf10c, 0xe11a, 0xd1cc, 0xc3e2, 0xb801, 0xaea2, 0xa807, 0xa43a,
0xa309, 0xa411, 0xa6c8, 0xaa8a, 0xaeae, 0xb294, 0xb5b7, 0xb7b8,
0xb866, 0xb7c0, 0xb5f4, 0xb353, 0xb04a, 0xad4d, 0xaacc, 0xa923,
0xa88e, 0xa923, 0xaacc, 0xad4d, 0xb04a, 0xb353, 0xb5f4, 0xb7c0,
0xb866, 0xb7b8, 0xb5b7, 0xb294, 0xaeae, 0xaa8a, 0xa6c8, 0xa411,
0xa309, 0xa43a, 0xa807, 0xaea2, 0xb801, 0xc3e2, 0xd1cc, 0xe11a,
// square6 LP8 (offset 22144, count 128)
0xedf6, 0xf3fe, 0xfa11, 0x0023, 0x0628, 0x0c14, 0x11dc, 0x1773,
0x1ccf, 0x21e3, 0x26a7, 0x2b0f, 0x2f14, 0x32ae, 0x35d7, 0x388c,
0x3ac8, 0x3c8b, 0x3dd6, 0x3eaa, 0x3f0b, 0x3efe, 0x3e8b, 0x3dba,
0x3c95, 0x3b26, 0x3979, 0x379b, 0x3599, 0x3380, 0x315e, 0x2f40,
0x2d34, 0x2b44, 0x297e, 0x27ea, 0x2693, 0x2580, 0x24b7, 0x243d,
0x2414, 0x243d, 0x24b7, 0x2580, 0x2693, 0x27ea, 0x297e, 0x2b44,
0x2d34, 0x2f40, 0x315e, 0x3380, 0x3599, 0x379b, 0x3979, 0x3b26,
0x3c95, 0x3dba, 0x3e8b, 0x3efe, 0x3f0b, 0x3eaa, 0x3dd6, 0x3c8b,
0x3ac8, 0x388c, 0x35d7, 0x32ae, 0x2f14, 0x2b0f, 0x26a7, 0x21e3,
0x1ccf, 0x1773, 0x11dc, 0x0c14, 0x0628, 0x0023, 0xfa11, 0xf3fe,
0xedf6, 0xe802, 0xe22d, 0xdc7f, 0xd702, 0xd1bb, 0xccb2, 0xc7ec,
0xc36b, 0xbf35, 0xbb4a, 0xb7ac, 0xb45b, 0xb157, 0xae9f, 0xac33,
0xaa0f, 0xa832, 0xa69a, 0xa545, 0xa432, 0xa35d, 0xa2c6, 0xa26c,
0xa24e, 0xa26c, 0xa2c6, 0xa35d, 0xa432, 0xa545, 0xa69a, 0xa832,
0xaa0f, 0xac33, 0xae9f, 0xb157, 0xb45b, 0xb7ac, 0xbb4a, 0xbf35,
0xc36b, 0xc7ec, 0xccb2, 0xd1bb, 0xd702, 0xdc7f, 0xe22d, 0xe802,
// square6 LP9 (offset 22272, count 128)
0xe331, 0xe6a4, 0xea26, 0xedb5, 0xf150, 0xf4f4, 0xf89f, 0xfc4e,
0x0000, 0x03b2, 0x0761, 0x0b0c, 0x0eb0, 0x124b, 0x15da, 0x195c,
0x1ccf, 0x2030, 0x237d, 0x26b4, 0x29d3, 0x2cd8, 0x2fc2, 0x328e,
0x353b, 0x37c7, 0x3a31, 0x3c77, 0x3e98, 0x4092, 0x4264, 0x440d,
0x458d, 0x46e1, 0x480a, 0x4906, 0x49d5, 0x4a77, 0x4aeb, 0x4b30,
0x4b48, 0x4b30, 0x4aeb, 0x4a77, 0x49d5, 0x4906, 0x480a, 0x46e1,
0x458d, 0x440d, 0x4264, 0x4092, 0x3e98, 0x3c77, 0x3a31, 0x37c7,
0x353b, 0x328e, 0x2fc2, 0x2cd8, 0x29d3, 0x26b4, 0x237d, 0x2030,
0x1ccf, 0x195c, 0x15da, 0x124b, 0x0eb0, 0x0b0c, 0x0761, 0x03b2,
0x0000, 0xfc4e, 0xf89f, 0xf4f4, 0xf150, 0xedb5, 0xea26, 0xe6a4,
0xe331, 0xdfd0, 0xdc83, 0xd94c, 0xd62d, 0xd328, 0xd03e, 0xcd72,
0xcac5, 0xc839, 0xc5cf, 0xc389, 0xc168, 0xbf6e, 0xbd9c, 0xbbf3,
0xba73, 0xb91f, 0xb7f6, 0xb6fa, 0xb62b, 0xb589, 0xb515, 0xb4d0,
0xb4b8, 0xb4d0, 0xb515, 0xb589, 0xb62b, 0xb6fa, 0xb7f6, 0xb91f,
0xba73, 0xbbf3, 0xbd9c, 0xbf6e, 0xc168, 0xc389, 0xc5cf, 0xc839,
0xcac5, 0xcd72, 0xd03e, 0xd328, 0xd62d, 0xd94c, 0xdc83, 0xdfd0,
// square7 LP1 (offset 22400, count 1024)
0xf802, 0x4371, 0x31c9, 0x3c39, 0x34cd, 0x3a90, 0x35db, 0x39d6,
0x3663, 0x396d, 0x36b6, 0x392b, 0x36ed, 0x38fc, 0x3714, 0x38db,
0x3731, 0x38c1, 0x3748, 0x38ac, 0x375b, 0x389c, 0x376a, 0x388e,
0x3776, 0x3882, 0x3781, 0x3879, 0x378a, 0x3870, 0x3792, 0x3869,
0x3799, 0x3862, 0x379f, 0x385d, 0x37a4, 0x3858, 0x37a9, 0x3853,
0x37ad, 0x384f, 0x37b1, 0x384b, 0x37b5, 0x3848, 0x37b8, 0x3845,
0x37bb, 0x3842, 0x37be, 0x383f, 0x37c0, 0x383d, 0x37c3, 0x383b,
0x37c5, 0x3839, 0x37c7, 0x3837, 0x37c9, 0x3835, 0x37ca, 0x3833,
0x37cc, 0x3832, 0x37cd, 0x3830, 0x37cf, 0x382f, 0x37d0, 0x382d,
0x37d2, 0x382c, 0x37d3, 0x382b, 0x37d4, 0x382a, 0x37d5, 0x3829,
0x37d6, 0x3828, 0x37d7, 0x3827, 0x37d8, 0x3826, 0x37d9, 0x3825,
0x37da, 0x3824, 0x37da, 0x3823, 0x37db, 0x3823, 0x37dc, 0x3822,
0x37dd, 0x3821, 0x37dd, 0x3821, 0x37de, 0x3820, 0x37de, 0x3820,
0x37df, 0x381f, 0x37e0, 0x381e, 0x37e0, 0x381e, 0x37e1, 0x381d,
0x37e1, 0x381d, 0x37e2, 0x381c, 0x37e2, 0x381c, 0x37e3, 0x381c,
0x37e3, 0x381b, 0x37e3, 0x381b, 0x37e4, 0x381a, 0x37e4, 0x381a,
0x37e5, 0x381a, 0x37e5, 0x3819, 0x37e5, 0x3819, 0x37e6, 0x3819,
0x37e6, 0x3818, 0x37e6, 0x3818, 0x37e6, 0x3818, 0x37e7, 0x3817,
0x37e7, 0x3817, 0x37e7, 0x3817, 0x37e8, 0x3817, 0x37e8, 0x3816,
0x37e8, 0x3816, 0x37e8, 0x3816, 0x37e9, 0x3816, 0x37e9, 0x3815,
0x37e9, 0x3815, 0x37e9, 0x3815, 0x37e9, 0x3815, 0x37ea, 0x3815,
0x37ea, 0x3814, 0x37ea, 0x3814, 0x37ea, 0x3814, 0x37ea, 0x3814,
0x37ea, 0x3814, 0x37eb, 0x3814, 0x37eb, 0x3813, 0x37eb, 0x3813,
0x37eb, 0x3813, 0x37eb, 0x3813, 0x37eb, 0x3813, 0x37ec, 0x3813,
0x37ec, 0x3813, 0x37ec, 0x3812, 0x37ec, 0x3812, 0x37ec, 0x3812,
0x37ec, 0x3812, 0x37ec, 0x3812, 0x37ec, 0x3812, 0x37ec, 0x3812,
0x37ed, 0x3812, 0x37ed, 0x3812, 0x37ed, 0x3811, 0x37ed, 0x3811,
0x37ed, 0x3811, 0x37ed, 0x3811, 0x37ed, 0x3811, 0x37ed, 0x3811,
0x37ed, 0x3811, 0x37ed, 0x3811, 0x37ed, 0x3811, 0x37ed, 0x3811,
0x37ee, 0x3811, 0x37ee, 0x3811, 0x37ee, 0x3811, 0x37ee, 0x3810,
0x37ee, 0x3810, 0x37ee, 0x3810, 0x37ee, 0x3810, 0x37ee, 0x3810,
0x37ee, 0x3810, 0x37ee, 0x3810, 0x37ee, 0x3810, 0x37ee, 0x3810,
0x37ee, 0x3810, 0x37ee, 0x3810, 0x37ee, 0x3810, 0x37ee, 0x3810,
0x37ee, 0x3810, 0x37ee, 0x3810, 0x37ee, 0x3810, 0x37ee, 0x3810,
0x37ee, 0x3810, 0x37ee, 0x3810, 0x37ee, 0x3810, 0x37ee, 0x3810,
0x37ee, 0x3810, 0x37ee, 0x3810, 0x37ee, 0x3810, 0x37ee, 0x3810,
0x37ee, 0x3810, 0x37ee, 0x3810, 0x37ee, 0x3810, 0x37ee, 0x3810,
0x37ee, 0x3810, 0x37ee, 0x3810, 0x37ee, 0x3810, 0x37ee, 0x3810,
0x37ee, 0x3810, 0x37ee, 0x3810, 0x37ee, 0x3810, 0x37ee, 0x3810,
0x37ee, 0x3810, 0x37ee, 0x3810, 0x37ee, 0x3810, 0x37ee, 0x3810,
0x37ee, 0x3810, 0x37ee, 0x3810, 0x37ee, 0x3810, 0x37ee, 0x3810,
0x37ee, 0x3810, 0x37ee, 0x3810, 0x37ee, 0x3810, 0x37ee, 0x3810,
0x37ee, 0x3810, 0x37ee, 0x3811, 0x37ee, 0x3811, 0x37ee, 0x3811,
0x37ee, 0x3811, 0x37ed, 0x3811, 0x37ed, 0x3811, 0x37ed, 0x3811,
0x37ed, 0x3811, 0x37ed, 0x3811, 0x37ed, 0x3811, 0x37ed, 0x3811,
0x37ed, 0x3811, 0x37ed, 0x3811, 0x37ed, 0x3812, 0x37ed, 0x3812,
0x37ed, 0x3812, 0x37ec, 0x3812, 0x37ec, 0x3812, 0x37ec, 0x3812,
0x37ec, 0x3812, 0x37ec, 0x3812, 0x37ec, 0x3812, 0x37ec, 0x3813,
0x37ec, 0x3813, 0x37ec, 0x3813, 0x37eb, 0x3813, 0x37eb, 0x3813,
0x37eb, 0x3813, 0x37eb, 0x3813, 0x37eb, 0x3814, 0x37eb, 0x3814,
0x37ea, 0x3814, 0x37ea, 0x3814, 0x37ea, 0x3814, 0x37ea, 0x3814,
0x37ea, 0x3815, 0x37ea, 0x3815, 0x37e9, 0x3815, 0x37e9, 0x3815,
0x37e9, 0x3815, 0x37e9, 0x3816, 0x37e9, 0x3816, 0x37e8, 0x3816,
0x37e8, 0x3816, 0x37e8, 0x3817, 0x37e8, 0x3817, 0x37e7, 0x3817,
0x37e7, 0x3817, 0x37e7, 0x3818, 0x37e6, 0x3818, 0x37e6, 0x3818,
0x37e6, 0x3819, 0x37e6, 0x3819, 0x37e5, 0x3819, 0x37e5, 0x381a,
0x37e5, 0x381a, 0x37e4, 0x381a, 0x37e4, 0x381b, 0x37e3, 0x381b,
0x37e3, 0x381c, 0x37e3, 0x381c, 0x37e2, 0x381c, 0x37e2, 0x381d,
0x37e1, 0x381d, 0x37e1, 0x381e, 0x37e0, 0x381e, 0x37e0, 0x381f,
0x37df, 0x3820, 0x37de, 0x3820, 0x37de, 0x3821, 0x37dd, 0x3821,
0x37dd, 0x3822, 0x37dc, 0x3823, 0x37db, 0x3823, 0x37da, 0x3824,
0x37da, 0x3825, 0x37d9, 0x3826, 0x37d8, 0x3827, 0x37d7, 0x3828,
0x37d6, 0x3829, 0x37d5, 0x382a, 0x37d4, 0x382b, 0x37d3, 0x382c,
0x37d2, 0x382d, 0x37d0, 0x382f, 0x37cf, 0x3830, 0x37cd, 0x3832,
0x37cc, 0x3833, 0x37ca, 0x3835, 0x37c9, 0x3837, 0x37c7, 0x3839,
0x37c5, 0x383b, 0x37c3, 0x383d, 0x37c0, 0x383f, 0x37be, 0x3842,
0x37bb, 0x3845, 0x37b8, 0x3848, 0x37b5, 0x384b, 0x37b1, 0x384f,
0x37ad, 0x3853, 0x37a9, 0x3858, 0x37a4, 0x385d, 0x379f, 0x3862,
0x3799, 0x3869, 0x3792, 0x3870, 0x378a, 0x3879, 0x3781, 0x3882,
0x3776, 0x388e, 0x376a, 0x389c, 0x375b, 0x38ac, 0x3748, 0x38c1,
0x3731, 0x38db, 0x3714, 0x38fc, 0x36ed, 0x392b, 0x36b6, 0x396d,
0x3663, 0x39d6, 0x35db, 0x3a90, 0x34cd, 0x3c39, 0x31c9, 0x4371,
0xf802, 0xac8b, 0xbe3b, 0xb3c3, 0xbb37, 0xb56c, 0xba2a, 0xb627,
0xb9a1, 0xb68f, 0xb94f, 0xb6d2, 0xb918, 0xb700, 0xb8f0, 0xb722,
0xb8d3, 0xb73c, 0xb8bc, 0xb750, 0xb8aa, 0xb761, 0xb89a, 0xb76e,
0xb88e, 0xb77a, 0xb883, 0xb784, 0xb87a, 0xb78c, 0xb872, 0xb793,
0xb86c, 0xb79a, 0xb866, 0xb79f, 0xb860, 0xb7a5, 0xb85b, 0xb7a9,
0xb857, 0xb7ad, 0xb853, 0xb7b1, 0xb850, 0xb7b4, 0xb84c, 0xb7b7,
0xb849, 0xb7ba, 0xb847, 0xb7bd, 0xb844, 0xb7bf, 0xb842, 0xb7c1,
0xb840, 0xb7c4, 0xb83e, 0xb7c5, 0xb83c, 0xb7c7, 0xb83a, 0xb7c9,
0xb839, 0xb7ca, 0xb837, 0xb7cc, 0xb836, 0xb7cd, 0xb834, 0xb7cf,
0xb833, 0xb7d0, 0xb832, 0xb7d1, 0xb831, 0xb7d2, 0xb830, 0xb7d3,
0xb82f, 0xb7d4, 0xb82e, 0xb7d5, 0xb82d, 0xb7d6, 0xb82c, 0xb7d7,
0xb82b, 0xb7d8, 0xb82a, 0xb7d8, 0xb82a, 0xb7d9, 0xb829, 0xb7da,
0xb828, 0xb7da, 0xb827, 0xb7db, 0xb827, 0xb7dc, 0xb826, 0xb7dc,
0xb826, 0xb7dd, 0xb825, 0xb7dd, 0xb825, 0xb7de, 0xb824, 0xb7de,
0xb824, 0xb7df, 0xb823, 0xb7df, 0xb823, 0xb7e0, 0xb822, 0xb7e0,
0xb822, 0xb7e0, 0xb822, 0xb7e1, 0xb821, 0xb7e1, 0xb821, 0xb7e2,
0xb821, 0xb7e2, 0xb820, 0xb7e2, 0xb820, 0xb7e3, 0xb820, 0xb7e3,
0xb81f, 0xb7e3, 0xb81f, 0xb7e3, 0xb81f, 0xb7e4, 0xb81e, 0xb7e4,
0xb81e, 0xb7e4, 0xb81e, 0xb7e4, 0xb81e, 0xb7e5, 0xb81e, 0xb7e5,
0xb81d, 0xb7e5, 0xb81d, 0xb7e5, 0xb81d, 0xb7e5, 0xb81d, 0xb7e6,
0xb81d, 0xb7e6, 0xb81c, 0xb7e6, 0xb81c, 0xb7e6, 0xb81c, 0xb7e6,
0xb81c, 0xb7e6, 0xb81c, 0xb7e7, 0xb81c, 0xb7e7, 0xb81b, 0xb7e7,
0xb81b, 0xb7e7, 0xb81b, 0xb7e7, 0xb81b, 0xb7e7, 0xb81b, 0xb7e7,
0xb81b, 0xb7e7, 0xb81b, 0xb7e7, 0xb81b, 0xb7e8, 0xb81b, 0xb7e8,
0xb81b, 0xb7e8, 0xb81a, 0xb7e8, 0xb81a, 0xb7e8, 0xb81a, 0xb7e8,
0xb81a, 0xb7e8, 0xb81a, 0xb7e8, 0xb81a, 0xb7e8, 0xb81a, 0xb7e8,
0xb81a, 0xb7e8, 0xb81a, 0xb7e8, 0xb81a, 0xb7e8, 0xb81a, 0xb7e8,
0xb81a, 0xb7e8, 0xb81a, 0xb7e8, 0xb81a, 0xb7e8, 0xb81a, 0xb7e8,
0xb81a, 0xb7e8, 0xb81a, 0xb7e8, 0xb81a, 0xb7e8, 0xb81a, 0xb7e8,
0xb81a, 0xb7e8, 0xb81a, 0xb7e8, 0xb81a, 0xb7e8, 0xb81a, 0xb7e8,
0xb81a, 0xb7e8, 0xb81a, 0xb7e8, 0xb81a, 0xb7e8, 0xb81a, 0xb7e8,
0xb81a, 0xb7e8, 0xb81a, 0xb7e8, 0xb81a, 0xb7e8, 0xb81a, 0xb7e8,
0xb81b, 0xb7e8, 0xb81b, 0xb7e8, 0xb81b, 0xb7e7, 0xb81b, 0xb7e7,
0xb81b, 0xb7e7, 0xb81b, 0xb7e7, 0xb81b, 0xb7e7, 0xb81b, 0xb7e7,
0xb81b, 0xb7e7, 0xb81b, 0xb7e7, 0xb81c, 0xb7e7, 0xb81c, 0xb7e6,
0xb81c, 0xb7e6, 0xb81c, 0xb7e6, 0xb81c, 0xb7e6, 0xb81c, 0xb7e6,
0xb81d, 0xb7e6, 0xb81d, 0xb7e5, 0xb81d, 0xb7e5, 0xb81d, 0xb7e5,
0xb81d, 0xb7e5, 0xb81e, 0xb7e5, 0xb81e, 0xb7e4, 0xb81e, 0xb7e4,
0xb81e, 0xb7e4, 0xb81e, 0xb7e4, 0xb81f, 0xb7e3, 0xb81f, 0xb7e3,
0xb81f, 0xb7e3, 0xb820, 0xb7e3, 0xb820, 0xb7e2, 0xb820, 0xb7e2,
0xb821, 0xb7e2, 0xb821, 0xb7e1, 0xb821, 0xb7e1, 0xb822, 0xb7e0,
0xb822, 0xb7e0, 0xb822, 0xb7e0, 0xb823, 0xb7df, 0xb823, 0xb7df,
0xb824, 0xb7de, 0xb824, 0xb7de, 0xb825, 0xb7dd, 0xb825, 0xb7dd,
0xb826, 0xb7dc, 0xb826, 0xb7dc, 0xb827, 0xb7db, 0xb827, 0xb7da,
0xb828, 0xb7da, 0xb829, 0xb7d9, 0xb82a, 0xb7d8, 0xb82a, 0xb7d8,
0xb82b, 0xb7d7, 0xb82c, 0xb7d6, 0xb82d, 0xb7d5, 0xb82e, 0xb7d4,
0xb82f, 0xb7d3, 0xb830, 0xb7d2, 0xb831, 0xb7d1, 0xb832, 0xb7d0,
0xb833, 0xb7cf, 0xb834, 0xb7cd, 0xb836, 0xb7cc, 0xb837, 0xb7ca,
0xb839, 0xb7c9, 0xb83a, 0xb7c7, 0xb83c, 0xb7c5, 0xb83e, 0xb7c4,
0xb840, 0xb7c1, 0xb842, 0xb7bf, 0xb844, 0xb7bd, 0xb847, 0xb7ba,
0xb849, 0xb7b7, 0xb84c, 0xb7b4, 0xb850, 0xb7b1, 0xb853, 0xb7ad,
0xb857, 0xb7a9, 0xb85b, 0xb7a5, 0xb860, 0xb79f, 0xb866, 0xb79a,
0xb86c, 0xb793, 0xb872, 0xb78c, 0xb87a, 0xb784, 0xb883, 0xb77a,
0xb88e, 0xb76e, 0xb89a, 0xb761, 0xb8aa, 0xb750, 0xb8bc, 0xb73c,
0xb8d3, 0xb722, 0xb8f0, 0xb700, 0xb918, 0xb6d2, 0xb94f, 0xb68f,
0xb9a1, 0xb627, 0xba2a, 0xb56c, 0xbb37, 0xb3c3, 0xbe3b, 0xac8b,
// square7 LP2 (offset 23424, count 512)
0xf804, 0x436f, 0x31cb, 0x3c38, 0x34cf, 0x3a8e, 0x35dc, 0x39d4,
0x3665, 0x396c, 0x36b7, 0x3929, 0x36ee, 0x38fb, 0x3715, 0x38d9,
0x3732, 0x38c0, 0x3749, 0x38ab, 0x375c, 0x389b, 0x376a, 0x388d,
0x3777, 0x3882, 0x3781, 0x3878, 0x378a, 0x3870, 0x3792, 0x3869,
0x3799, 0x3862, 0x379f, 0x385d, 0x37a4, 0x3858, 0x37a9, 0x3853,
0x37ad, 0x384f, 0x37b1, 0x384c, 0x37b4, 0x3849, 0x37b7, 0x3846,
0x37ba, 0x3843, 0x37bd, 0x3840, 0x37bf, 0x383e, 0x37c1, 0x383c,
0x37c3, 0x383a, 0x37c5, 0x3838, 0x37c7, 0x3837, 0x37c8, 0x3835,
0x37ca, 0x3834, 0x37cb, 0x3832, 0x37cd, 0x3831, 0x37ce, 0x3830,
0x37cf, 0x382f, 0x37d0, 0x382e, 0x37d1, 0x382d, 0x37d2, 0x382c,
0x37d3, 0x382b, 0x37d4, 0x382a, 0x37d4, 0x3829, 0x37d5, 0x3829,
0x37d6, 0x3828, 0x37d6, 0x3827, 0x37d7, 0x3827, 0x37d8, 0x3826,
0x37d8, 0x3826, 0x37d9, 0x3825, 0x37d9, 0x3825, 0x37da, 0x3824,
0x37da, 0x3824, 0x37da, 0x3824, 0x37db, 0x3823, 0x37db, 0x3823,
0x37db, 0x3823, 0x37dc, 0x3822, 0x37dc, 0x3822, 0x37dc, 0x3822,
0x37dc, 0x3822, 0x37dd, 0x3822, 0x37dd, 0x3821, 0x37dd, 0x3821,
0x37dd, 0x3821, 0x37dd, 0x3821, 0x37dd, 0x3821, 0x37dd, 0x3821,
0x37de, 0x3821, 0x37de, 0x3821, 0x37de, 0x3821, 0x37de, 0x3821,
0x37de, 0x3821, 0x37de, 0x3821, 0x37de, 0x3821, 0x37de, 0x3821,
0x37de, 0x3821, 0x37dd, 0x3821, 0x37dd, 0x3821, 0x37dd, 0x3821,
0x37dd, 0x3821, 0x37dd, 0x3821, 0x37dd, 0x3822, 0x37dd, 0x3822,
0x37dc, 0x3822, 0x37dc, 0x3822, 0x37dc, 0x3822, 0x37dc, 0x3823,
0x37db, 0x3823, 0x37db, 0x3823, 0x37db, 0x3824, 0x37da, 0x3824,
0x37da, 0x3824, 0x37da, 0x3825, 0x37d9, 0x3825, 0x37d9, 0x3826,
0x37d8, 0x3826, 0x37d8, 0x3827, 0x37d7, 0x3827, 0x37d6, 0x3828,
0x37d6, 0x3829, 0x37d5, 0x3829, 0x37d4, 0x382a, 0x37d4, 0x382b,
0x37d3, 0x382c, 0x37d2, 0x382d, 0x37d1, 0x382e, 0x37d0, 0x382f,
0x37cf, 0x3830, 0x37ce, 0x3831, 0x37cd, 0x3832, 0x37cb, 0x3834,
0x37ca, 0x3835, 0x37c8, 0x3837, 0x37c7, 0x3838, 0x37c5, 0x383a,
0x37c3, 0x383c, 0x37c1, 0x383e, 0x37bf, 0x3840, 0x37bd, 0x3843,
0x37ba, 0x3846, 0x37b7, 0x3849, 0x37b4, 0x384c, 0x37b1, 0x384f,
0x37ad, 0x3853, 0x37a9, 0x3858, 0x37a4, 0x385d, 0x379f, 0x3862,
0x3799, 0x3869, 0x3792, 0x3870, 0x378a, 0x3878, 0x3781, 0x3882,
0x3777, 0x388d, 0x376a, 0x389b, 0x375c, 0x38ab, 0x3749, 0x38c0,
0x3732, 0x38d9, 0x3715, 0x38fb, 0x36ee, 0x3929, 0x36b7, 0x396c,
0x3665, 0x39d4, 0x35dc, 0x3a8e, 0x34cf, 0x3c38, 0x31cb, 0x436f,
0xf804, 0xac89, 0xbe3d, 0xb3c0, 0xbb3a, 0xb56a, 0xba2c, 0xb624,
0xb9a4, 0xb68c, 0xb951, 0xb6cf, 0xb91b, 0xb6fd, 0xb8f3, 0xb71f,
0xb8d6, 0xb738, 0xb8bf, 0xb74d, 0xb8ad, 0xb75d, 0xb89e, 0xb76b,
0xb892, 0xb776, 0xb887, 0xb780, 0xb87e, 0xb788, 0xb877, 0xb78f,
0xb870, 0xb795, 0xb86a, 0xb79b, 0xb865, 0xb7a0, 0xb860, 0xb7a4,
0xb85c, 0xb7a8, 0xb858, 0xb7ac, 0xb855, 0xb7af, 0xb852, 0xb7b2,
0xb84f, 0xb7b4, 0xb84d, 0xb7b7, 0xb84a, 0xb7b9, 0xb848, 0xb7bb,
0xb846, 0xb7bd, 0xb844, 0xb7bf, 0xb843, 0xb7c0, 0xb841, 0xb7c2,
0xb840, 0xb7c3, 0xb83f, 0xb7c4, 0xb83d, 0xb7c5, 0xb83c, 0xb7c6,
0xb83b, 0xb7c7, 0xb83a, 0xb7c8, 0xb839, 0xb7c9, 0xb839, 0xb7ca,
0xb838, 0xb7cb, 0xb837, 0xb7cb, 0xb837, 0xb7cc, 0xb836, 0xb7cc,
0xb836, 0xb7cd, 0xb835, 0xb7cd, 0xb835, 0xb7ce, 0xb834, 0xb7ce,
0xb834, 0xb7ce, 0xb834, 0xb7cf, 0xb833, 0xb7cf, 0xb833, 0xb7cf,
0xb833, 0xb7cf, 0xb833, 0xb7cf, 0xb833, 0xb7cf, 0xb833, 0xb7cf,
0xb833, 0xb7cf, 0xb833, 0xb7cf, 0xb833, 0xb7cf, 0xb833, 0xb7cf,
0xb833, 0xb7cf, 0xb833, 0xb7cf, 0xb833, 0xb7cf, 0xb834, 0xb7ce,
0xb834, 0xb7ce, 0xb834, 0xb7ce, 0xb835, 0xb7cd, 0xb835, 0xb7cd,
0xb836, 0xb7cc, 0xb836, 0xb7cc, 0xb837, 0xb7cb, 0xb837, 0xb7cb,
0xb838, 0xb7ca, 0xb839, 0xb7c9, 0xb839, 0xb7c8, 0xb83a, 0xb7c7,
0xb83b, 0xb7c6, 0xb83c, 0xb7c5, 0xb83d, 0xb7c4, 0xb83f, 0xb7c3,
0xb840, 0xb7c2, 0xb841, 0xb7c0, 0xb843, 0xb7bf, 0xb844, 0xb7bd,
0xb846, 0xb7bb, 0xb848, 0xb7b9, 0xb84a, 0xb7b7, 0xb84d, 0xb7b4,
0xb84f, 0xb7b2, 0xb852, 0xb7af, 0xb855, 0xb7ac, 0xb858, 0xb7a8,
0xb85c, 0xb7a4, 0xb860, 0xb7a0, 0xb865, 0xb79b, 0xb86a, 0xb795,
0xb870, 0xb78f, 0xb877, 0xb788, 0xb87e, 0xb780, 0xb887, 0xb776,
0xb892, 0xb76b, 0xb89e, 0xb75d, 0xb8ad, 0xb74d, 0xb8bf, 0xb738,
0xb8d6, 0xb71f, 0xb8f3, 0xb6fd, 0xb91b, 0xb6cf, 0xb951, 0xb68c,
0xb9a4, 0xb624, 0xba2c, 0xb56a, 0xbb3a, 0xb3c0, 0xbe3d, 0xac89,
// square7 LP3 (offset 23936, count 256)
0xf808, 0x436c, 0x31ce, 0x3c34, 0x34d2, 0x3a8c, 0x35df, 0x39d2,
0x3667, 0x396a, 0x36b8, 0x3928, 0x36ef, 0x38fb, 0x3716, 0x38d9,
0x3732, 0x38c0, 0x3749, 0x38ac, 0x375b, 0x389c, 0x3769, 0x388f,
0x3775, 0x3884, 0x377f, 0x387b, 0x3787, 0x3873, 0x378e, 0x386d,
0x3795, 0x3867, 0x379a, 0x3862, 0x379f, 0x385d, 0x37a3, 0x3859,
0x37a7, 0x3856, 0x37aa, 0x3853, 0x37ad, 0x3850, 0x37af, 0x384e,
0x37b1, 0x384c, 0x37b3, 0x384a, 0x37b5, 0x3849, 0x37b6, 0x3847,
0x37b8, 0x3846, 0x37b9, 0x3845, 0x37ba, 0x3844, 0x37bb, 0x3843,
0x37bb, 0x3843, 0x37bc, 0x3842, 0x37bc, 0x3842, 0x37bc, 0x3842,
0x37bc, 0x3842, 0x37bc, 0x3842, 0x37bc, 0x3842, 0x37bc, 0x3843,
0x37bb, 0x3843, 0x37bb, 0x3844, 0x37ba, 0x3845, 0x37b9, 0x3846,
0x37b8, 0x3847, 0x37b6, 0x3849, 0x37b5, 0x384a, 0x37b3, 0x384c,
0x37b1, 0x384e, 0x37af, 0x3850, 0x37ad, 0x3853, 0x37aa, 0x3856,
0x37a7, 0x3859, 0x37a3, 0x385d, 0x379f, 0x3862, 0x379a, 0x3867,
0x3795, 0x386d, 0x378e, 0x3873, 0x3787, 0x387b, 0x377f, 0x3884,
0x3775, 0x388f, 0x3769, 0x389c, 0x375b, 0x38ac, 0x3749, 0x38c0,
0x3732, 0x38d9, 0x3716, 0x38fb, 0x36ef, 0x3928, 0x36b8, 0x396a,
0x3667, 0x39d2, 0x35df, 0x3a8c, 0x34d2, 0x3c34, 0x31ce, 0x436c,
0xf808, 0xac84, 0xbe42, 0xb3bc, 0xbb3f, 0xb564, 0xba32, 0xb61e,
0xb9aa, 0xb686, 0xb958, 0xb6c8, 0xb922, 0xb6f5, 0xb8fb, 0xb716,
0xb8df, 0xb72f, 0xb8c8, 0xb743, 0xb8b7, 0xb753, 0xb8a9, 0xb760,
0xb89d, 0xb76a, 0xb893, 0xb773, 0xb88b, 0xb77a, 0xb885, 0xb781,
0xb87f, 0xb786, 0xb87a, 0xb78b, 0xb875, 0xb78f, 0xb872, 0xb792,
0xb86f, 0xb795, 0xb86c, 0xb797, 0xb86a, 0xb799, 0xb868, 0xb79b,
0xb867, 0xb79c, 0xb866, 0xb79d, 0xb865, 0xb79e, 0xb865, 0xb79e,
0xb864, 0xb79e, 0xb865, 0xb79e, 0xb865, 0xb79d, 0xb866, 0xb79c,
0xb867, 0xb79b, 0xb868, 0xb799, 0xb86a, 0xb797, 0xb86c, 0xb795,
0xb86f, 0xb792, 0xb872, 0xb78f, 0xb875, 0xb78b, 0xb87a, 0xb786,
0xb87f, 0xb781, 0xb885, 0xb77a, 0xb88b, 0xb773, 0xb893, 0xb76a,
0xb89d, 0xb760, 0xb8a9, 0xb753, 0xb8b7, 0xb743, 0xb8c8, 0xb72f,
0xb8df, 0xb716, 0xb8fb, 0xb6f5, 0xb922, 0xb6c8, 0xb958, 0xb686,
0xb9aa, 0xb61e, 0xba32, 0xb564, 0xbb3f, 0xb3bc, 0xbe42, 0xac84,
// square7 LP4 (offset 24192, count 128)
0xf810, 0x4365, 0x31d4, 0x3c2f, 0x34d6, 0x3a89, 0x35e1, 0x39d1,
0x3667, 0x396b, 0x36b6, 0x392b, 0x36eb, 0x3900, 0x3710, 0x38e0,
0x372a, 0x38c9, 0x373f, 0x38b7, 0x374e, 0x38aa, 0x375a, 0x389f,
0x3763, 0x3897, 0x376b, 0x3891, 0x3770, 0x388c, 0x3774, 0x3888,
0x3777, 0x3886, 0x3779, 0x3885, 0x3779, 0x3885, 0x3779, 0x3886,
0x3777, 0x3888, 0x3774, 0x388c, 0x3770, 0x3891, 0x376b, 0x3897,
0x3763, 0x389f, 0x375a, 0x38aa, 0x374e, 0x38b7, 0x373f, 0x38c9,
0x372a, 0x38e0, 0x3710, 0x3900, 0x36eb, 0x392b, 0x36b6, 0x396b,
0x3667, 0x39d1, 0x35e1, 0x3a89, 0x34d6, 0x3c2f, 0x31d4, 0x4365,
0xf810, 0xac7b, 0xbe4c, 0xb3b0, 0xbb4b, 0xb557, 0xba41, 0xb60e,
0xb9bb, 0xb673, 0xb96c, 0xb6b2, 0xb939, 0xb6dd, 0xb915, 0xb6fa,
0xb8fc, 0xb710, 0xb8ea, 0xb720, 0xb8dc, 0xb72b, 0xb8d3, 0xb733,
0xb8cc, 0xb738, 0xb8c9, 0xb73a, 0xb8c8, 0xb73a, 0xb8c9, 0xb738,
0xb8cc, 0xb733, 0xb8d3, 0xb72b, 0xb8dc, 0xb720, 0xb8ea, 0xb710,
0xb8fc, 0xb6fa, 0xb915, 0xb6dd, 0xb939, 0xb6b2, 0xb96c, 0xb673,
0xb9bb, 0xb60e, 0xba41, 0xb557, 0xbb4b, 0xb3b0, 0xbe4c, 0xac7b,
// square7 LP5 (offset 24320, count 128)
0xf821, 0x2fdb, 0x4359, 0x3985, 0x31dc, 0x3765, 0x3c2b, 0x3850,
0x34d6, 0x37ce, 0x3a8d, 0x3820, 0x35d9, 0x37e8, 0x39dd, 0x3810,
0x3657, 0x37f2, 0x3980, 0x3809, 0x369d, 0x37f8, 0x3949, 0x3805,
0x36c8, 0x37fb, 0x3928, 0x3803, 0x36e2, 0x37fd, 0x3914, 0x3801,
0x36f0, 0x37fe, 0x390b, 0x37ff, 0x36f4, 0x37ff, 0x390b, 0x37fe,
0x36f0, 0x3801, 0x3914, 0x37fd, 0x36e2, 0x3803, 0x3928, 0x37fb,
0x36c8, 0x3805, 0x3949, 0x37f8, 0x369d, 0x3809, 0x3980, 0x37f2,
0x3657, 0x3810, 0x39dd, 0x37e8, 0x35d9, 0x3820, 0x3a8d, 0x37ce,
0x34d6, 0x3850, 0x3c2b, 0x3765, 0x31dc, 0x3985, 0x4359, 0x2fdb,
0xf821, 0xc026, 0xac67, 0xb67b, 0xbe65, 0xb89b, 0xb393, 0xb7b1,
0xbb6e, 0xb832, 0xb52f, 0xb7e1, 0xba6e, 0xb817, 0xb5da, 0xb7f1,
0xb9f6, 0xb80d, 0xb631, 0xb7f9, 0xb9b7, 0xb807, 0xb65e, 0xb7fd,
0xb997, 0xb803, 0xb672, 0xb800, 0xb98e, 0xb800, 0xb672, 0xb803,
0xb997, 0xb7fd, 0xb65e, 0xb807, 0xb9b7, 0xb7f9, 0xb631, 0xb80d,
0xb9f6, 0xb7f1, 0xb5da, 0xb817, 0xba6e, 0xb7e1, 0xb52f, 0xb832,
0xbb6e, 0xb7b1, 0xb393, 0xb89b, 0xbe65, 0xb67b, 0xac67, 0xc026,
// square7 LP6 (offset 24448, count 128)
0xf841, 0x171b, 0x2fe0, 0x3ec4, 0x4349, 0x400f, 0x3980, 0x33e8,
0x31dc, 0x3399, 0x376a, 0x3ae5, 0x3c3b, 0x3b07, 0x384b, 0x35b8,
0x34b5, 0x35a6, 0x37d4, 0x39e9, 0x3abe, 0x39f4, 0x381a, 0x364d,
0x3594, 0x3647, 0x37ef, 0x398f, 0x3a38, 0x3993, 0x3808, 0x3681,
0x35e1, 0x3680, 0x37fc, 0x3978, 0x3a14, 0x3978, 0x37fc, 0x3680,
0x35e1, 0x3681, 0x3808, 0x3993, 0x3a38, 0x398f, 0x37ef, 0x3647,
0x3594, 0x364d, 0x381a, 0x39f4, 0x3abe, 0x39e9, 0x37d4, 0x35a6,
0x34b5, 0x35b8, 0x384b, 0x3b07, 0x3c3b, 0x3ae5, 0x376a, 0x3399,
0x31dc, 0x33e8, 0x3980, 0x400f, 0x4349, 0x3ec4, 0x2fe0, 0x171b,
0xf841, 0xd941, 0xc020, 0xb0e0, 0xac35, 0xaf95, 0xb681, 0xbc78,
0xbeaa, 0xbcc6, 0xb894, 0xb4b6, 0xb337, 0xb496, 0xb7b9, 0xbab4,
0xbbe3, 0xbac5, 0xb828, 0xb59f, 0xb49a, 0xb597, 0xb7ee, 0xba3a,
0xbb2b, 0xba3e, 0xb807, 0xb5d3, 0xb4eb, 0xb5d3, 0xb807, 0xba3e,
0xbb2b, 0xba3a, 0xb7ee, 0xb597, 0xb49a, 0xb59f, 0xb828, 0xbac5,
0xbbe3, 0xbab4, 0xb7b9, 0xb496, 0xb337, 0xb4b6, 0xb894, 0xbcc6,
0xbeaa, 0xbc78, 0xb681, 0xaf95, 0xac35, 0xb0e0, 0xc020, 0xd941,
// square7 LP7 (offset 24576, count 128)
0xf77f, 0x0572, 0x12ef, 0x1f73, 0x2a8b, 0x33da, 0x3b21, 0x4044,
0x4349, 0x4456, 0x43b2, 0x41b9, 0x3ed5, 0x3b79, 0x3813, 0x3505,
0x329e, 0x3113, 0x307e, 0x30dc, 0x3211, 0x33eb, 0x3628, 0x3881,
0x3aad, 0x3c6e, 0x3d93, 0x3dff, 0x3dac, 0x3ca9, 0x3b1a, 0x3932,
0x372c, 0x3546, 0x33bc, 0x32bb, 0x3262, 0x32bb, 0x33bc, 0x3546,
0x372c, 0x3932, 0x3b1a, 0x3ca9, 0x3dac, 0x3dff, 0x3d93, 0x3c6e,
0x3aad, 0x3881, 0x3628, 0x33eb, 0x3211, 0x30dc, 0x307e, 0x3113,
0x329e, 0x3505, 0x3813, 0x3b79, 0x3ed5, 0x41b9, 0x43b2, 0x4456,
0x4349, 0x4044, 0x3b21, 0x33da, 0x2a8b, 0x1f73, 0x12ef, 0x0572,
0xf77f, 0xe9a1, 0xdc5c, 0xd02c, 0xc579, 0xbc8e, 0xb59d, 0xb0b3,
0xadc3, 0xaca1, 0xad09, 0xaea9, 0xb120, 0xb40e, 0xb716, 0xb9e4,
0xbc34, 0xbdd7, 0xbeb1, 0xbebc, 0xbe06, 0xbcaf, 0xbae4, 0xb8da,
0xb6ca, 0xb4ec, 0xb36f, 0xb27b, 0xb226, 0xb27b, 0xb36f, 0xb4ec,
0xb6ca, 0xb8da, 0xbae4, 0xbcaf, 0xbe06, 0xbebc, 0xbeb1, 0xbdd7,
0xbc34, 0xb9e4, 0xb716, 0xb40e, 0xb120, 0xaea9, 0xad09, 0xaca1,
0xadc3, 0xb0b3, 0xb59d, 0xbc8e, 0xc579, 0xd02c, 0xdc5c, 0xe9a1,
// square7 LP8 (offset 24704, count 128)
0xf244, 0xf98a, 0x00e7, 0x0848, 0x0f97, 0x16c0, 0x1dae, 0x244d,
0x2a8b, 0x3056, 0x359f, 0x3a58, 0x3e79, 0x41f7, 0x44cf, 0x46fe,
0x4884, 0x4965, 0x49a8, 0x4956, 0x487a, 0x4724, 0x4561, 0x4346,
0x40e3, 0x3e4e, 0x3b9b, 0x38de, 0x362b, 0x3395, 0x312f, 0x2f0a,
0x2d33, 0x2bb8, 0x2aa1, 0x29f7, 0x29be, 0x29f7, 0x2aa1, 0x2bb8,
0x2d33, 0x2f0a, 0x312f, 0x3395, 0x362b, 0x38de, 0x3b9b, 0x3e4e,
0x40e3, 0x4346, 0x4561, 0x4724, 0x487a, 0x4956, 0x49a8, 0x4965,
0x4884, 0x46fe, 0x44cf, 0x41f7, 0x3e79, 0x3a58, 0x359f, 0x3056,
0x2a8b, 0x244d, 0x1dae, 0x16c0, 0x0f97, 0x0848, 0x00e7, 0xf98a,
0xf244, 0xeb2a, 0xe44f, 0xddc2, 0xd794, 0xd1d1, 0xcc84, 0xc7b5,
0xc36b, 0xbfa8, 0xbc6d, 0xb9b8, 0xb786, 0xb5ce, 0xb489, 0xb3ad,
0xb32e, 0xb2ff, 0xb312, 0xb35a, 0xb3c9, 0xb450, 0xb4e3, 0xb576,
0xb5fe, 0xb672, 0xb6ca, 0xb701, 0xb713, 0xb701, 0xb6ca, 0xb672,
0xb5fe, 0xb576, 0xb4e3, 0xb450, 0xb3c9, 0xb35a, 0xb312, 0xb2ff,
0xb32e, 0xb3ad, 0xb489, 0xb5ce, 0xb786, 0xb9b8, 0xbc6d, 0xbfa8,
0xc36b, 0xc7b5, 0xcc84, 0xd1d1, 0xd794, 0xddc2, 0xe44f, 0xeb2a,
// square7 LP9 (offset 24832, count 128)
0xf069, 0xf446, 0xf82b, 0xfc14, 0x0000, 0x03ec, 0x07d5, 0x0bba,
0x0f97, 0x136b, 0x1733, 0x1aec, 0x1e95, 0x222b, 0x25ac, 0x2916,
0x2c66, 0x2f9b, 0x32b3, 0x35ab, 0x3882, 0x3b37, 0x3dc7, 0x4031,
0x4273, 0x448c, 0x467b, 0x483e, 0x49d5, 0x4b3f, 0x4c7a, 0x4d86,
0x4e62, 0x4f0d, 0x4f88, 0x4fd2, 0x4feb, 0x4fd2, 0x4f88, 0x4f0d,
0x4e62, 0x4d86, 0x4c7a, 0x4b3f, 0x49d5, 0x483e, 0x467b, 0x448c,
0x4273, 0x4031, 0x3dc7, 0x3b37, 0x3882, 0x35ab, 0x32b3, 0x2f9b,
0x2c66, 0x2916, 0x25ac, 0x222b, 0x1e95, 0x1aec, 0x1733, 0x136b,
0x0f97, 0x0bba, 0x07d5, 0x03ec, 0x0000, 0xfc14, 0xf82b, 0xf446,
0xf069, 0xec95, 0xe8cd, 0xe514, 0xe16b, 0xddd5, 0xda54, 0xd6ea,
0xd39a, 0xd065, 0xcd4d, 0xca55, 0xc77e, 0xc4c9, 0xc239, 0xbfcf,
0xbd8d, 0xbb74, 0xb985, 0xb7c2, 0xb62b, 0xb4c1, 0xb386, 0xb27a,
0xb19e, 0xb0f3, 0xb078, 0xb02e, 0xb015, 0xb02e, 0xb078, 0xb0f3,
0xb19e, 0xb27a, 0xb386, 0xb4c1, 0xb62b, 0xb7c2, 0xb985, 0xbb74,
0xbd8d, 0xbfcf, 0xc239, 0xc4c9, 0xc77e, 0xca55, 0xcd4d, 0xd065,
0xd39a, 0xd6ea, 0xda54, 0xddd5, 0xe16b, 0xe514, 0xe8cd, 0xec95,
// square8 LP1 (offset 24960, count 1024)
0x0000, 0x4b73, 0x39c7, 0x443b, 0x3ccb, 0x4292, 0x3dd9, 0x41d8,
0x3e61, 0x416f, 0x3eb3, 0x412d, 0x3eea, 0x40fe, 0x3f12, 0x40dc,
0x3f2f, 0x40c3, 0x3f46, 0x40ae, 0x3f59, 0x409d, 0x3f68, 0x4090,
0x3f74, 0x4084, 0x3f7f, 0x407a, 0x3f88, 0x4072, 0x3f90, 0x406b,
0x3f97, 0x4064, 0x3f9d, 0x405f, 0x3fa2, 0x4059, 0x3fa7, 0x4055,
0x3fab, 0x4051, 0x3faf, 0x404d, 0x3fb3, 0x404a, 0x3fb6, 0x4047,
0x3fb9, 0x4044, 0x3fbc, 0x4041, 0x3fbe, 0x403f, 0x3fc0, 0x403d,
0x3fc3, 0x403a, 0x3fc5, 0x4039, 0x3fc6, 0x4037, 0x3fc8, 0x4035,
0x3fca, 0x4033, 0x3fcb, 0x4032, 0x3fcd, 0x4031, 0x3fce, 0x402f,
0x3fcf, 0x402e, 0x3fd1, 0x402d, 0x3fd2, 0x402c, 0x3fd3, 0x402b,
0x3fd4, 0x402a, 0x3fd5, 0x4029, 0x3fd6, 0x4028, 0x3fd7, 0x4027,
0x3fd7, 0x4026, 0x3fd8, 0x4025, 0x3fd9, 0x4025, 0x3fda, 0x4024,
0x3fda, 0x4023, 0x3fdb, 0x4023, 0x3fdc, 0x4022, 0x3fdc, 0x4021,
0x3fdd, 0x4021, 0x3fdd, 0x4020, 0x3fde, 0x4020, 0x3fde, 0x401f,
0x3fdf, 0x401f, 0x3fdf, 0x401e, 0x3fe0, 0x401e, 0x3fe0, 0x401e,
0x3fe1, 0x401d, 0x3fe1, 0x401d, 0x3fe1, 0x401c, 0x3fe2, 0x401c,
0x3fe2, 0x401c, 0x3fe3, 0x401b, 0x3fe3, 0x401b, 0x3fe3, 0x401b,
0x3fe4, 0x401a, 0x3fe4, 0x401a, 0x3fe4, 0x401a, 0x3fe4, 0x4019,
0x3fe5, 0x4019, 0x3fe5, 0x4019, 0x3fe5, 0x4019, 0x3fe5, 0x4018,
0x3fe6, 0x4018, 0x3fe6, 0x4018, 0x3fe6, 0x4018, 0x3fe6, 0x4018,
0x3fe7, 0x4017, 0x3fe7, 0x4017, 0x3fe7, 0x4017, 0x3fe7, 0x4017,
0x3fe7, 0x4017, 0x3fe7, 0x4016, 0x3fe8, 0x4016, 0x3fe8, 0x4016,
0x3fe8, 0x4016, 0x3fe8, 0x4016, 0x3fe8, 0x4016, 0x3fe8, 0x4016,
0x3fe8, 0x4015, 0x3fe9, 0x4015, 0x3fe9, 0x4015, 0x3fe9, 0x4015,
0x3fe9, 0x4015, 0x3fe9, 0x4015, 0x3fe9, 0x4015, 0x3fe9, 0x4015,
0x3fe9, 0x4015, 0x3fe9, 0x4014, 0x3fea, 0x4014, 0x3fea, 0x4014,
0x3fea, 0x4014, 0x3fea, 0x4014, 0x3fea, 0x4014, 0x3fea, 0x4014,
0x3fea, 0x4014, 0x3fea, 0x4014, 0x3fea, 0x4014, 0x3fea, 0x4014,
0x3fea, 0x4014, 0x3fea, 0x4014, 0x3fea, 0x4014, 0x3fea, 0x4014,
0x3fea, 0x4014, 0x3fea, 0x4014, 0x3fea, 0x4014, 0x3feb, 0x4013,
0x3feb, 0x4013, 0x3feb, 0x4013, 0x3feb, 0x4013, 0x3feb, 0x4013,
0x3feb, 0x4013, 0x3feb, 0x4013, 0x3feb, 0x4013, 0x3feb, 0x4013,
0x3feb, 0x4013, 0x3feb, 0x4013, 0x3feb, 0x4013, 0x3feb, 0x4013,
0x3feb, 0x4013, 0x3feb, 0x4013, 0x3feb, 0x4013, 0x3feb, 0x4013,
0x3feb, 0x4013, 0x3feb, 0x4014, 0x3fea, 0x4014, 0x3fea, 0x4014,
0x3fea, 0x4014, 0x3fea, 0x4014, 0x3fea, 0x4014, 0x3fea, 0x4014,
0x3fea, 0x4014, 0x3fea, 0x4014, 0x3fea, 0x4014, 0x3fea, 0x4014,
0x3fea, 0x4014, 0x3fea, 0x4014, 0x3fea, 0x4014, 0x3fea, 0x4014,
0x3fea, 0x4014, 0x3fea, 0x4014, 0x3fea, 0x4014, 0x3fe9, 0x4015,
0x3fe9, 0x4015, 0x3fe9, 0x4015, 0x3fe9, 0x4015, 0x3fe9, 0x4015,
0x3fe9, 0x4015, 0x3fe9, 0x4015, 0x3fe9, 0x4015, 0x3fe9, 0x4015,
0x3fe8, 0x4016, 0x3fe8, 0x4016, 0x3fe8, 0x4016, 0x3fe8, 0x4016,
0x3fe8, 0x4016, 0x3fe8, 0x4016, 0x3fe8, 0x4016, 0x3fe7, 0x4017,
0x3fe7, 0x4017, 0x3fe7, 0x4017, 0x3fe7, 0x4017, 0x3fe7, 0x4017,
0x3fe7, 0x4018, 0x3fe6, 0x4018, 0x3fe6, 0x4018, 0x3fe6, 0x4018,
0x3fe6, 0x4018, 0x3fe5, 0x4019, 0x3fe5, 0x4019, 0x3fe5, 0x4019,
0x3fe5, 0x4019, 0x3fe4, 0x401a, 0x3fe4, 0x401a, 0x3fe4, 0x401a,
0x3fe4, 0x401b, 0x3fe3, 0x401b, 0x3fe3, 0x401b, 0x3fe3, 0x401c,
0x3fe2, 0x401c, 0x3fe2, 0x401c, 0x3fe1, 0x401d, 0x3fe1, 0x401d,
0x3fe1, 0x401e, 0x3fe0, 0x401e, 0x3fe0, 0x401e, 0x3fdf, 0x401f,
0x3fdf, 0x401f, 0x3fde, 0x4020, 0x3fde, 0x4020, 0x3fdd, 0x4021,
0x3fdd, 0x4021, 0x3fdc, 0x4022, 0x3fdc, 0x4023, 0x3fdb, 0x4023,
0x3fda, 0x4024, 0x3fda, 0x4025, 0x3fd9, 0x4025, 0x3fd8, 0x4026,
0x3fd7, 0x4027, 0x3fd7, 0x4028, 0x3fd6, 0x4029, 0x3fd5, 0x402a,
0x3fd4, 0x402b, 0x3fd3, 0x402c, 0x3fd2, 0x402d, 0x3fd1, 0x402e,
0x3fcf, 0x402f, 0x3fce, 0x4031, 0x3fcd, 0x4032, 0x3fcb, 0x4033,
0x3fca, 0x4035, 0x3fc8, 0x4037, 0x3fc6, 0x4039, 0x3fc5, 0x403a,
0x3fc3, 0x403d, 0x3fc0, 0x403f, 0x3fbe, 0x4041, 0x3fbc, 0x4044,
0x3fb9, 0x4047, 0x3fb6, 0x404a, 0x3fb3, 0x404d, 0x3faf, 0x4051,
0x3fab, 0x4055, 0x3fa7, 0x4059, 0x3fa2, 0x405f, 0x3f9d, 0x4064,
0x3f97, 0x406b, 0x3f90, 0x4072, 0x3f88, 0x407a, 0x3f7f, 0x4084,
0x3f74, 0x4090, 0x3f68, 0x409d, 0x3f59, 0x40ae, 0x3f46, 0x40c3,
0x3f2f, 0x40dc, 0x3f12, 0x40fe, 0x3eea, 0x412d, 0x3eb3, 0x416f,
0x3e61, 0x41d8, 0x3dd9, 0x4292, 0x3ccb, 0x443b, 0x39c7, 0x4b73,
0x0000, 0xb48d, 0xc639, 0xbbc5, 0xc335, 0xbd6e, 0xc227, 0xbe28,
0xc19f, 0xbe91, 0xc14d, 0xbed3, 0xc116, 0xbf02, 0xc0ee, 0xbf24,
0xc0d1, 0xbf3d, 0xc0ba, 0xbf52, 0xc0a7, 0xbf63, 0xc098, 0xbf70,
0xc08c, 0xbf7c, 0xc081, 0xbf86, 0xc078, 0xbf8e, 0xc070, 0xbf95,
0xc069, 0xbf9c, 0xc063, 0xbfa1, 0xc05e, 0xbfa7, 0xc059, 0xbfab,
0xc055, 0xbfaf, 0xc051, 0xbfb3, 0xc04d, 0xbfb6, 0xc04a, 0xbfb9,
0xc047, 0xbfbc, 0xc044, 0xbfbf, 0xc042, 0xbfc1, 0xc040, 0xbfc3,
0xc03d, 0xbfc6, 0xc03b, 0xbfc7, 0xc03a, 0xbfc9, 0xc038, 0xbfcb,
0xc036, 0xbfcd, 0xc035, 0xbfce, 0xc033, 0xbfcf, 0xc032, 0xbfd1,
0xc031, 0xbfd2, 0xc02f, 0xbfd3, 0xc02e, 0xbfd4, 0xc02d, 0xbfd5,
0xc02c, 0xbfd6, 0xc02b, 0xbfd7, 0xc02a, 0xbfd8, 0xc029, 0xbfd9,
0xc029, 0xbfda, 0xc028, 0xbfdb, 0xc027, 0xbfdb, 0xc026, 0xbfdc,
0xc026, 0xbfdd, 0xc025, 0xbfdd, 0xc024, 0xbfde, 0xc024, 0xbfdf,
0xc023, 0xbfdf, 0xc023, 0xbfe0, 0xc022, 0xbfe0, 0xc022, 0xbfe1,
0xc021, 0xbfe1, 0xc021, 0xbfe2, 0xc020, 0xbfe2, 0xc020, 0xbfe2,
0xc01f, 0xbfe3, 0xc01f, 0xbfe3, 0xc01f, 0xbfe4, 0xc01e, 0xbfe4,
0xc01e, 0xbfe4, 0xc01d, 0xbfe5, 0xc01d, 0xbfe5, 0xc01d, 0xbfe5,
0xc01c, 0xbfe6, 0xc01c, 0xbfe6, 0xc01c, 0xbfe6, 0xc01c, 0xbfe7,
0xc01b, 0xbfe7, 0xc01b, 0xbfe7, 0xc01b, 0xbfe7, 0xc01b, 0xbfe8,
0xc01a, 0xbfe8, 0xc01a, 0xbfe8, 0xc01a, 0xbfe8, 0xc01a, 0xbfe8,
0xc019, 0xbfe9, 0xc019, 0xbfe9, 0xc019, 0xbfe9, 0xc019, 0xbfe9,
0xc019, 0xbfe9, 0xc019, 0xbfea, 0xc018, 0xbfea, 0xc018, 0xbfea,
0xc018, 0xbfea, 0xc018, 0xbfea, 0xc018, 0xbfea, 0xc018, 0xbfea,
0xc018, 0xbfeb, 0xc017, 0xbfeb, 0xc017, 0xbfeb, 0xc017, 0xbfeb,
0xc017, 0xbfeb, 0xc017, 0xbfeb, 0xc017, 0xbfeb, 0xc017, 0xbfeb,
0xc017, 0xbfeb, 0xc017, 0xbfec, 0xc016, 0xbfec, 0xc016, 0xbfec,
0xc016, 0xbfec, 0xc016, 0xbfec, 0xc016, 0xbfec, 0xc016, 0xbfec,
0xc016, 0xbfec, 0xc016, 0xbfec, 0xc016, 0xbfec, 0xc016, 0xbfec,
0xc016, 0xbfec, 0xc016, 0xbfec, 0xc016, 0xbfec, 0xc016, 0xbfec,
0xc016, 0xbfec, 0xc016, 0xbfec, 0xc016, 0xbfec, 0xc015, 0xbfed,
0xc015, 0xbfed, 0xc015, 0xbfed, 0xc015, 0xbfed, 0xc015, 0xbfed,
0xc015, 0xbfed, 0xc015, 0xbfed, 0xc015, 0xbfed, 0xc015, 0xbfed,
0xc015, 0xbfed, 0xc015, 0xbfed, 0xc015, 0xbfed, 0xc015, 0xbfed,
0xc015, 0xbfed, 0xc015, 0xbfed, 0xc015, 0xbfed, 0xc015, 0xbfed,
0xc015, 0xbfed, 0xc015, 0xbfec, 0xc016, 0xbfec, 0xc016, 0xbfec,
0xc016, 0xbfec, 0xc016, 0xbfec, 0xc016, 0xbfec, 0xc016, 0xbfec,
0xc016, 0xbfec, 0xc016, 0xbfec, 0xc016, 0xbfec, 0xc016, 0xbfec,
0xc016, 0xbfec, 0xc016, 0xbfec, 0xc016, 0xbfec, 0xc016, 0xbfec,
0xc016, 0xbfec, 0xc016, 0xbfec, 0xc016, 0xbfec, 0xc017, 0xbfeb,
0xc017, 0xbfeb, 0xc017, 0xbfeb, 0xc017, 0xbfeb, 0xc017, 0xbfeb,
0xc017, 0xbfeb, 0xc017, 0xbfeb, 0xc017, 0xbfeb, 0xc017, 0xbfeb,
0xc018, 0xbfea, 0xc018, 0xbfea, 0xc018, 0xbfea, 0xc018, 0xbfea,
0xc018, 0xbfea, 0xc018, 0xbfea, 0xc018, 0xbfea, 0xc019, 0xbfe9,
0xc019, 0xbfe9, 0xc019, 0xbfe9, 0xc019, 0xbfe9, 0xc019, 0xbfe9,
0xc019, 0xbfe8, 0xc01a, 0xbfe8, 0xc01a, 0xbfe8, 0xc01a, 0xbfe8,
0xc01a, 0xbfe8, 0xc01b, 0xbfe7, 0xc01b, 0xbfe7, 0xc01b, 0xbfe7,
0xc01b, 0xbfe7, 0xc01c, 0xbfe6, 0xc01c, 0xbfe6, 0xc01c, 0xbfe6,
0xc01c, 0xbfe5, 0xc01d, 0xbfe5, 0xc01d, 0xbfe5, 0xc01d, 0xbfe4,
0xc01e, 0xbfe4, 0xc01e, 0xbfe4, 0xc01f, 0xbfe3, 0xc01f, 0xbfe3,
0xc01f, 0xbfe2, 0xc020, 0xbfe2, 0xc020, 0xbfe2, 0xc021, 0xbfe1,
0xc021, 0xbfe1, 0xc022, 0xbfe0, 0xc022, 0xbfe0, 0xc023, 0xbfdf,
0xc023, 0xbfdf, 0xc024, 0xbfde, 0xc024, 0xbfdd, 0xc025, 0xbfdd,
0xc026, 0xbfdc, 0xc026, 0xbfdb, 0xc027, 0xbfdb, 0xc028, 0xbfda,
0xc029, 0xbfd9, 0xc029, 0xbfd8, 0xc02a, 0xbfd7, 0xc02b, 0xbfd6,
0xc02c, 0xbfd5, 0xc02d, 0xbfd4, 0xc02e, 0xbfd3, 0xc02f, 0xbfd2,
0xc031, 0xbfd1, 0xc032, 0xbfcf, 0xc033, 0xbfce, 0xc035, 0xbfcd,
0xc036, 0xbfcb, 0xc038, 0xbfc9, 0xc03a, 0xbfc7, 0xc03b, 0xbfc6,
0xc03d, 0xbfc3, 0xc040, 0xbfc1, 0xc042, 0xbfbf, 0xc044, 0xbfbc,
0xc047, 0xbfb9, 0xc04a, 0xbfb6, 0xc04d, 0xbfb3, 0xc051, 0xbfaf,
0xc055, 0xbfab, 0xc059, 0xbfa7, 0xc05e, 0xbfa1, 0xc063, 0xbf9c,
0xc069, 0xbf95, 0xc070, 0xbf8e, 0xc078, 0xbf86, 0xc081, 0xbf7c,
0xc08c, 0xbf70, 0xc098, 0xbf63, 0xc0a7, 0xbf52, 0xc0ba, 0xbf3d,
0xc0d1, 0xbf24, 0xc0ee, 0xbf02, 0xc116, 0xbed3, 0xc14d, 0xbe91,
0xc19f, 0xbe28, 0xc227, 0xbd6e, 0xc335, 0xbbc5, 0xc639, 0xb48d,
// square8 LP2 (offset 25984, count 512)
0x0000, 0x4b73, 0x39c7, 0x443c, 0x3ccb, 0x4292, 0x3dd8, 0x41d8,
0x3e61, 0x4170, 0x3eb3, 0x412d, 0x3eea, 0x40ff, 0x3f11, 0x40dd,
0x3f2e, 0x40c4, 0x3f45, 0x40af, 0x3f57, 0x409f, 0x3f66, 0x4091,
0x3f73, 0x4086, 0x3f7d, 0x407c, 0x3f86, 0x4074, 0x3f8e, 0x406d,
0x3f95, 0x4066, 0x3f9a, 0x4061, 0x3fa0, 0x405c, 0x3fa4, 0x4057,
0x3fa9, 0x4053, 0x3fac, 0x4050, 0x3fb0, 0x404d, 0x3fb3, 0x404a,
0x3fb6, 0x4047, 0x3fb8, 0x4045, 0x3fbb, 0x4042, 0x3fbd, 0x4040,
0x3fbf, 0x403e, 0x3fc1, 0x403d, 0x3fc2, 0x403b, 0x3fc4, 0x4039,
0x3fc5, 0x4038, 0x3fc7, 0x4037, 0x3fc8, 0x4035, 0x3fc9, 0x4034,
0x3fca, 0x4033, 0x3fcb, 0x4032, 0x3fcc, 0x4031, 0x3fcd, 0x4030,
0x3fce, 0x4030, 0x3fcf, 0x402f, 0x3fd0, 0x402e, 0x3fd0, 0x402e,
0x3fd1, 0x402d, 0x3fd1, 0x402c, 0x3fd2, 0x402c, 0x3fd2, 0x402b,
0x3fd3, 0x402b, 0x3fd3, 0x402a, 0x3fd4, 0x402a, 0x3fd4, 0x402a,
0x3fd4, 0x4029, 0x3fd5, 0x4029, 0x3fd5, 0x4029, 0x3fd5, 0x4029,
0x3fd5, 0x4028, 0x3fd6, 0x4028, 0x3fd6, 0x4028, 0x3fd6, 0x4028,
0x3fd6, 0x4028, 0x3fd6, 0x4028, 0x3fd6, 0x4028, 0x3fd6, 0x4028,
0x3fd6, 0x4028, 0x3fd6, 0x4028, 0x3fd6, 0x4028, 0x3fd6, 0x4028,
0x3fd6, 0x4028, 0x3fd6, 0x4028, 0x3fd6, 0x4028, 0x3fd6, 0x4028,
0x3fd5, 0x4029, 0x3fd5, 0x4029, 0x3fd5, 0x4029, 0x3fd5, 0x4029,
0x3fd4, 0x402a, 0x3fd4, 0x402a, 0x3fd4, 0x402a, 0x3fd3, 0x402b,
0x3fd3, 0x402b, 0x3fd2, 0x402c, 0x3fd2, 0x402c, 0x3fd1, 0x402d,
0x3fd1, 0x402e, 0x3fd0, 0x402e, 0x3fd0, 0x402f, 0x3fcf, 0x4030,
0x3fce, 0x4030, 0x3fcd, 0x4031, 0x3fcc, 0x4032, 0x3fcb, 0x4033,
0x3fca, 0x4034, 0x3fc9, 0x4035, 0x3fc8, 0x4037, 0x3fc7, 0x4038,
0x3fc5, 0x4039, 0x3fc4, 0x403b, 0x3fc2, 0x403d, 0x3fc1, 0x403e,
0x3fbf, 0x4040, 0x3fbd, 0x4042, 0x3fbb, 0x4045, 0x3fb8, 0x4047,
0x3fb6, 0x404a, 0x3fb3, 0x404d, 0x3fb0, 0x4050, 0x3fac, 0x4053,
0x3fa9, 0x4057, 0x3fa4, 0x405c, 0x3fa0, 0x4061, 0x3f9a, 0x4066,
0x3f95, 0x406d, 0x3f8e, 0x4074, 0x3f86, 0x407c, 0x3f7d, 0x4086,
0x3f73, 0x4091, 0x3f66, 0x409f, 0x3f57, 0x40af, 0x3f45, 0x40c4,
0x3f2e, 0x40dd, 0x3f11, 0x40ff, 0x3eea, 0x412d, 0x3eb3, 0x4170,
0x3e61, 0x41d8, 0x3dd8, 0x4292, 0x3ccb, 0x443c, 0x39c7, 0x4b73,
0x0000, 0xb48d, 0xc639, 0xbbc4, 0xc335, 0xbd6e, 0xc228, 0xbe28,
0xc19f, 0xbe90, 0xc14d, 0xbed3, 0xc116, 0xbf01, 0xc0ef, 0xbf23,
0xc0d2, 0xbf3c, 0xc0bb, 0xbf51, 0xc0a9, 0xbf61, 0xc09a, 0xbf6f,
0xc08d, 0xbf7a, 0xc083, 0xbf84, 0xc07a, 0xbf8c, 0xc072, 0xbf93,
0xc06b, 0xbf9a, 0xc066, 0xbf9f, 0xc060, 0xbfa4, 0xc05c, 0xbfa9,
0xc057, 0xbfad, 0xc054, 0xbfb0, 0xc050, 0xbfb3, 0xc04d, 0xbfb6,
0xc04a, 0xbfb9, 0xc048, 0xbfbb, 0xc045, 0xbfbe, 0xc043, 0xbfc0,
0xc041, 0xbfc2, 0xc03f, 0xbfc3, 0xc03e, 0xbfc5, 0xc03c, 0xbfc7,
0xc03b, 0xbfc8, 0xc039, 0xbfc9, 0xc038, 0xbfcb, 0xc037, 0xbfcc,
0xc036, 0xbfcd, 0xc035, 0xbfce, 0xc034, 0xbfcf, 0xc033, 0xbfd0,
0xc032, 0xbfd0, 0xc031, 0xbfd1, 0xc030, 0xbfd2, 0xc030, 0xbfd2,
0xc02f, 0xbfd3, 0xc02f, 0xbfd4, 0xc02e, 0xbfd4, 0xc02e, 0xbfd5,
0xc02d, 0xbfd5, 0xc02d, 0xbfd6, 0xc02c, 0xbfd6, 0xc02c, 0xbfd6,
0xc02c, 0xbfd7, 0xc02b, 0xbfd7, 0xc02b, 0xbfd7, 0xc02b, 0xbfd7,
0xc02b, 0xbfd8, 0xc02a, 0xbfd8, 0xc02a, 0xbfd8, 0xc02a, 0xbfd8,
0xc02a, 0xbfd8, 0xc02a, 0xbfd8, 0xc02a, 0xbfd8, 0xc02a, 0xbfd8,
0xc02a, 0xbfd8, 0xc02a, 0xbfd8, 0xc02a, 0xbfd8, 0xc02a, 0xbfd8,
0xc02a, 0xbfd8, 0xc02a, 0xbfd8, 0xc02a, 0xbfd8, 0xc02a, 0xbfd8,
0xc02b, 0xbfd7, 0xc02b, 0xbfd7, 0xc02b, 0xbfd7, 0xc02b, 0xbfd7,
0xc02c, 0xbfd6, 0xc02c, 0xbfd6, 0xc02c, 0xbfd6, 0xc02d, 0xbfd5,
0xc02d, 0xbfd5, 0xc02e, 0xbfd4, 0xc02e, 0xbfd4, 0xc02f, 0xbfd3,
0xc02f, 0xbfd2, 0xc030, 0xbfd2, 0xc030, 0xbfd1, 0xc031, 0xbfd0,
0xc032, 0xbfd0, 0xc033, 0xbfcf, 0xc034, 0xbfce, 0xc035, 0xbfcd,
0xc036, 0xbfcc, 0xc037, 0xbfcb, 0xc038, 0xbfc9, 0xc039, 0xbfc8,
0xc03b, 0xbfc7, 0xc03c, 0xbfc5, 0xc03e, 0xbfc3, 0xc03f, 0xbfc2,
0xc041, 0xbfc0, 0xc043, 0xbfbe, 0xc045, 0xbfbb, 0xc048, 0xbfb9,
0xc04a, 0xbfb6, 0xc04d, 0xbfb3, 0xc050, 0xbfb0, 0xc054, 0xbfad,
0xc057, 0xbfa9, 0xc05c, 0xbfa4, 0xc060, 0xbf9f, 0xc066, 0xbf9a,
0xc06b, 0xbf93, 0xc072, 0xbf8c, 0xc07a, 0xbf84, 0xc083, 0xbf7a,
0xc08d, 0xbf6f, 0xc09a, 0xbf61, 0xc0a9, 0xbf51, 0xc0bb, 0xbf3c,
0xc0d2, 0xbf23, 0xc0ef, 0xbf01, 0xc116, 0xbed3, 0xc14d, 0xbe90,
0xc19f, 0xbe28, 0xc228, 0xbd6e, 0xc335, 0xbbc4, 0xc639, 0xb48d,
// square8 LP3 (offset 26496, count 256)
0x0000, 0x4b74, 0x39c6, 0x443c, 0x3cca, 0x4294, 0x3dd7, 0x41da,
0x3e5f, 0x4172, 0x3eb0, 0x4130, 0x3ee7, 0x4102, 0x3f0d, 0x40e1,
0x3f2a, 0x40c8, 0x3f41, 0x40b4, 0x3f52, 0x40a4, 0x3f61, 0x4097,
0x3f6c, 0x408c, 0x3f76, 0x4083, 0x3f7f, 0x407c, 0x3f86, 0x4075,
0x3f8c, 0x406f, 0x3f91, 0x406b, 0x3f96, 0x4066, 0x3f9a, 0x4063,
0x3f9d, 0x405f, 0x3fa0, 0x405d, 0x3fa3, 0x405a, 0x3fa5, 0x4058,
0x3fa7, 0x4056, 0x3fa8, 0x4055, 0x3faa, 0x4054, 0x3fab, 0x4053,
0x3fac, 0x4052, 0x3fad, 0x4051, 0x3fad, 0x4051, 0x3fad, 0x4051,
0x3fae, 0x4051, 0x3fad, 0x4051, 0x3fad, 0x4051, 0x3fad, 0x4052,
0x3fac, 0x4053, 0x3fab, 0x4054, 0x3faa, 0x4055, 0x3fa8, 0x4056,
0x3fa7, 0x4058, 0x3fa5, 0x405a, 0x3fa3, 0x405d, 0x3fa0, 0x405f,
0x3f9d, 0x4063, 0x3f9a, 0x4066, 0x3f96, 0x406b, 0x3f91, 0x406f,
0x3f8c, 0x4075, 0x3f86, 0x407c, 0x3f7f, 0x4083, 0x3f76, 0x408c,
0x3f6c, 0x4097, 0x3f61, 0x40a4, 0x3f52, 0x40b4, 0x3f41, 0x40c8,
0x3f2a, 0x40e1, 0x3f0d, 0x4102, 0x3ee7, 0x4130, 0x3eb0, 0x4172,
0x3e5f, 0x41da, 0x3dd7, 0x4294, 0x3cca, 0x443c, 0x39c6, 0x4b74,
0x0000, 0xb48c, 0xc63a, 0xbbc4, 0xc336, 0xbd6c, 0xc229, 0xbe26,
0xc1a1, 0xbe8e, 0xc150, 0xbed0, 0xc119, 0xbefe, 0xc0f3, 0xbf1f,
0xc0d6, 0xbf38, 0xc0bf, 0xbf4c, 0xc0ae, 0xbf5c, 0xc09f, 0xbf69,
0xc094, 0xbf74, 0xc08a, 0xbf7d, 0xc081, 0xbf84, 0xc07a, 0xbf8b,
0xc074, 0xbf91, 0xc06f, 0xbf95, 0xc06a, 0xbf9a, 0xc066, 0xbf9d,
0xc063, 0xbfa1, 0xc060, 0xbfa3, 0xc05d, 0xbfa6, 0xc05b, 0xbfa8,
0xc059, 0xbfaa, 0xc058, 0xbfab, 0xc056, 0xbfac, 0xc055, 0xbfad,
0xc054, 0xbfae, 0xc053, 0xbfaf, 0xc053, 0xbfaf, 0xc053, 0xbfaf,
0xc052, 0xbfaf, 0xc053, 0xbfaf, 0xc053, 0xbfaf, 0xc053, 0xbfae,
0xc054, 0xbfad, 0xc055, 0xbfac, 0xc056, 0xbfab, 0xc058, 0xbfaa,
0xc059, 0xbfa8, 0xc05b, 0xbfa6, 0xc05d, 0xbfa3, 0xc060, 0xbfa1,
0xc063, 0xbf9d, 0xc066, 0xbf9a, 0xc06a, 0xbf95, 0xc06f, 0xbf91,
0xc074, 0xbf8b, 0xc07a, 0xbf84, 0xc081, 0xbf7d, 0xc08a, 0xbf74,
0xc094, 0xbf69, 0xc09f, 0xbf5c, 0xc0ae, 0xbf4c, 0xc0bf, 0xbf38,
0xc0d6, 0xbf1f, 0xc0f3, 0xbefe, 0xc119, 0xbed0, 0xc150, 0xbe8e,
0xc1a1, 0xbe26, 0xc229, 0xbd6c, 0xc336, 0xbbc4, 0xc63a, 0xb48c,
// square8 LP4 (offset 26752, count 128)
0x0000, 0x4b75, 0x39c4, 0x443f, 0x3cc6, 0x4299, 0x3dd1, 0x41e1,
0x3e56, 0x417b, 0x3ea6, 0x413b, 0x3eda, 0x4110, 0x3efe, 0x40f1,
0x3f19, 0x40db, 0x3f2c, 0x40ca, 0x3f3b, 0x40bd, 0x3f46, 0x40b3,
0x3f4f, 0x40ac, 0x3f55, 0x40a7, 0x3f59, 0x40a4, 0x3f5b, 0x40a2,
0x3f5c, 0x40a2, 0x3f5b, 0x40a4, 0x3f59, 0x40a7, 0x3f55, 0x40ac,
0x3f4f, 0x40b3, 0x3f46, 0x40bd, 0x3f3b, 0x40ca, 0x3f2c, 0x40db,
0x3f19, 0x40f1, 0x3efe, 0x4110, 0x3eda, 0x413b, 0x3ea6, 0x417b,
0x3e56, 0x41e1, 0x3dd1, 0x4299, 0x3cc6, 0x443f, 0x39c4, 0x4b75,
0x0000, 0xb48b, 0xc63c, 0xbbc1, 0xc33a, 0xbd67, 0xc22f, 0xbe1f,
0xc1aa, 0xbe85, 0xc15a, 0xbec5, 0xc126, 0xbef0, 0xc102, 0xbf0f,
0xc0e7, 0xbf25, 0xc0d4, 0xbf36, 0xc0c5, 0xbf43, 0xc0ba, 0xbf4d,
0xc0b1, 0xbf54, 0xc0ab, 0xbf59, 0xc0a7, 0xbf5c, 0xc0a5, 0xbf5e,
0xc0a4, 0xbf5e, 0xc0a5, 0xbf5c, 0xc0a7, 0xbf59, 0xc0ab, 0xbf54,
0xc0b1, 0xbf4d, 0xc0ba, 0xbf43, 0xc0c5, 0xbf36, 0xc0d4, 0xbf25,
0xc0e7, 0xbf0f, 0xc102, 0xbef0, 0xc126, 0xbec5, 0xc15a, 0xbe85,
0xc1aa, 0xbe1f, 0xc22f, 0xbd67, 0xc33a, 0xbbc1, 0xc63c, 0xb48b,
// square8 LP5 (offset 26880, count 128)
0x0000, 0x37da, 0x4b79, 0x4185, 0x39bc, 0x3f65, 0x444b, 0x4050,
0x3cb5, 0x3fce, 0x42ad, 0x401f, 0x3db7, 0x3fe8, 0x41ff, 0x4010,
0x3e33, 0x3ff3, 0x41a4, 0x4008, 0x3e78, 0x3ff8, 0x4170, 0x4004,
0x3e9f, 0x3ffb, 0x4153, 0x4002, 0x3eb3, 0x3ffd, 0x4146, 0x3fff,
0x3eb9, 0x3fff, 0x4146, 0x3ffd, 0x3eb3, 0x4002, 0x4153, 0x3ffb,
0x3e9f, 0x4004, 0x4170, 0x3ff8, 0x3e78, 0x4008, 0x41a4, 0x3ff3,
0x3e33, 0x4010, 0x41ff, 0x3fe8, 0x3db7, 0x401f, 0x42ad, 0x3fce,
0x3cb5, 0x4050, 0x444b, 0x3f65, 0x39bc, 0x4185, 0x4b79, 0x37da,
0x0000, 0xc826, 0xb487, 0xbe7b, 0xc644, 0xc09b, 0xbbb5, 0xbfb0,
0xc34b, 0xc032, 0xbd53, 0xbfe1, 0xc249, 0xc018, 0xbe01, 0xbff0,
0xc1cd, 0xc00d, 0xbe5c, 0xbff8, 0xc188, 0xc008, 0xbe90, 0xbffc,
0xc161, 0xc005, 0xbead, 0xbffe, 0xc14d, 0xc003, 0xbeba, 0xc001,
0xc147, 0xc001, 0xbeba, 0xc003, 0xc14d, 0xbffe, 0xbead, 0xc005,
0xc161, 0xbffc, 0xbe90, 0xc008, 0xc188, 0xbff8, 0xbe5c, 0xc00d,
0xc1cd, 0xbff0, 0xbe01, 0xc018, 0xc249, 0xbfe1, 0xbd53, 0xc032,
0xc34b, 0xbfb0, 0xbbb5, 0xc09b, 0xc644, 0xbe7b, 0xb487, 0xc826,
// square8 LP6 (offset 27008, count 128)
0x0000, 0x1eed, 0x37df, 0x46f1, 0x4b89, 0x483c, 0x4180, 0x3bba,
0x399c, 0x3b6b, 0x3f6a, 0x4314, 0x447e, 0x4336, 0x404a, 0x3d87,
0x3c6f, 0x3d75, 0x3fd5, 0x421f, 0x4309, 0x4229, 0x4017, 0x3e13,
0x3d41, 0x3e0d, 0x3ff2, 0x41d1, 0x4295, 0x41d3, 0x4003, 0x3e35,
0x3d76, 0x3e35, 0x4003, 0x41d3, 0x4295, 0x41d1, 0x3ff2, 0x3e0d,
0x3d41, 0x3e13, 0x4017, 0x4229, 0x4309, 0x421f, 0x3fd5, 0x3d75,
0x3c6f, 0x3d87, 0x404a, 0x4336, 0x447e, 0x4314, 0x3f6a, 0x3b6b,
0x399c, 0x3bba, 0x4180, 0x483c, 0x4b89, 0x46f1, 0x37df, 0x1eed,
0x0000, 0xe113, 0xc821, 0xb90f, 0xb477, 0xb7c4, 0xbe80, 0xc446,
0xc664, 0xc495, 0xc096, 0xbcec, 0xbb82, 0xbcca, 0xbfb6, 0xc279,
0xc391, 0xc28b, 0xc02b, 0xbde1, 0xbcf7, 0xbdd7, 0xbfe9, 0xc1ed,
0xc2bf, 0xc1f3, 0xc00e, 0xbe2f, 0xbd6b, 0xbe2d, 0xbffd, 0xc1cb,
0xc28a, 0xc1cb, 0xbffd, 0xbe2d, 0xbd6b, 0xbe2f, 0xc00e, 0xc1f3,
0xc2bf, 0xc1ed, 0xbfe9, 0xbdd7, 0xbcf7, 0xbde1, 0xc02b, 0xc28b,
0xc391, 0xc279, 0xbfb6, 0xbcca, 0xbb82, 0xbcec, 0xc096, 0xc495,
0xc664, 0xc446, 0xbe80, 0xb7c4, 0xb477, 0xb90f, 0xc821, 0xe113,
// square8 LP7 (offset 27136, count 128)
0x0000, 0x0fdd, 0x1ef0, 0x2c7f, 0x37f4, 0x40e6, 0x4722, 0x4aaf,
0x4bc9, 0x4ad8, 0x4866, 0x450d, 0x4169, 0x3e05, 0x3b55, 0x39a3,
0x3911, 0x3999, 0x3b0e, 0x3d26, 0x3f88, 0x41d7, 0x43be, 0x44fa,
0x4567, 0x44fd, 0x43d4, 0x421d, 0x401e, 0x3e23, 0x3c79, 0x3b5e,
0x3afa, 0x3b5e, 0x3c79, 0x3e23, 0x401e, 0x421d, 0x43d4, 0x44fd,
0x4567, 0x44fa, 0x43be, 0x41d7, 0x3f88, 0x3d26, 0x3b0e, 0x3999,
0x3911, 0x39a3, 0x3b55, 0x3e05, 0x4169, 0x450d, 0x4866, 0x4ad8,
0x4bc9, 0x4aaf, 0x4722, 0x40e6, 0x37f4, 0x2c7f, 0x1ef0, 0x0fdd,
0x0000, 0xf023, 0xe110, 0xd381, 0xc80c, 0xbf1a, 0xb8de, 0xb551,
0xb437, 0xb528, 0xb79a, 0xbaf3, 0xbe97, 0xc1fb, 0xc4ab, 0xc65d,
0xc6ef, 0xc667, 0xc4f2, 0xc2da, 0xc078, 0xbe29, 0xbc42, 0xbb06,
0xba99, 0xbb03, 0xbc2c, 0xbde3, 0xbfe2, 0xc1dd, 0xc387, 0xc4a2,
0xc506, 0xc4a2, 0xc387, 0xc1dd, 0xbfe2, 0xbde3, 0xbc2c, 0xbb03,
0xba99, 0xbb06, 0xbc42, 0xbe29, 0xc078, 0xc2da, 0xc4f2, 0xc667,
0xc6ef, 0xc65d, 0xc4ab, 0xc1fb, 0xbe97, 0xbaf3, 0xb79a, 0xb528,
0xb437, 0xb551, 0xb8de, 0xbf1a, 0xc80c, 0xd381, 0xe110, 0xf023,
// square8 LP8 (offset 27264, count 128)
0x0000, 0x07fc, 0x0fdf, 0x1792, 0x1efc, 0x260a, 0x2ca6, 0x32bf,
0x3846, 0x3d2f, 0x4171, 0x4505, 0x47e8, 0x4a1d, 0x4ba5, 0x4c89,
0x4cd3, 0x4c8e, 0x4bca, 0x4a99, 0x490d, 0x4739, 0x4533, 0x430f,
0x40e3, 0x3ec1, 0x3cbe, 0x3aea, 0x3955, 0x380c, 0x3719, 0x3684,
0x3652, 0x3684, 0x3719, 0x380c, 0x3955, 0x3aea, 0x3cbe, 0x3ec1,
0x40e3, 0x430f, 0x4533, 0x4739, 0x490d, 0x4a99, 0x4bca, 0x4c8e,
0x4cd3, 0x4c89, 0x4ba5, 0x4a1d, 0x47e8, 0x4505, 0x4171, 0x3d2f,
0x3846, 0x32bf, 0x2ca6, 0x260a, 0x1efc, 0x1792, 0x0fdf, 0x07fc,
0x0000, 0xf804, 0xf021, 0xe86e, 0xe104, 0xd9f6, 0xd35a, 0xcd41,
0xc7ba, 0xc2d1, 0xbe8f, 0xbafb, 0xb818, 0xb5e3, 0xb45b, 0xb377,
0xb32d, 0xb372, 0xb436, 0xb567, 0xb6f3, 0xb8c7, 0xbacd, 0xbcf1,
0xbf1d, 0xc13f, 0xc342, 0xc516, 0xc6ab, 0xc7f4, 0xc8e7, 0xc97c,
0xc9ae, 0xc97c, 0xc8e7, 0xc7f4, 0xc6ab, 0xc516, 0xc342, 0xc13f,
0xbf1d, 0xbcf1, 0xbacd, 0xb8c7, 0xb6f3, 0xb567, 0xb436, 0xb372,
0xb32d, 0xb377, 0xb45b, 0xb5e3, 0xb818, 0xbafb, 0xbe8f, 0xc2d1,
0xc7ba, 0xcd41, 0xd35a, 0xd9f6, 0xe104, 0xe86e, 0xf021, 0xf804,
// square8 LP9 (offset 27392, count 128)
0x0000, 0x0400, 0x07fd, 0x0bf5, 0x0fe5, 0x13cc, 0x17a7, 0x1b73,
0x1f2f, 0x22d7, 0x2669, 0x29e4, 0x2d45, 0x308a, 0x33b1, 0x36b8,
0x399e, 0x3c60, 0x3efd, 0x4172, 0x43c0, 0x45e4, 0x47dc, 0x49a9,
0x4b48, 0x4cb8, 0x4df9, 0x4f0a, 0x4feb, 0x509a, 0x5117, 0x5162,
0x517b, 0x5162, 0x5117, 0x509a, 0x4feb, 0x4f0a, 0x4df9, 0x4cb8,
0x4b48, 0x49a9, 0x47dc, 0x45e4, 0x43c0, 0x4172, 0x3efd, 0x3c60,
0x399e, 0x36b8, 0x33b1, 0x308a, 0x2d45, 0x29e4, 0x2669, 0x22d7,
0x1f2f, 0x1b73, 0x17a7, 0x13cc, 0x0fe5, 0x0bf5, 0x07fd, 0x0400,
0x0000, 0xfc00, 0xf803, 0xf40b, 0xf01b, 0xec34, 0xe859, 0xe48d,
0xe0d1, 0xdd29, 0xd997, 0xd61c, 0xd2bb, 0xcf76, 0xcc4f, 0xc948,
0xc662, 0xc3a0, 0xc103, 0xbe8e, 0xbc40, 0xba1c, 0xb824, 0xb657,
0xb4b8, 0xb348, 0xb207, 0xb0f6, 0xb015, 0xaf66, 0xaee9, 0xae9e,
0xae85, 0xae9e, 0xaee9, 0xaf66, 0xb015, 0xb0f6, 0xb207, 0xb348,
0xb4b8, 0xb657, 0xb824, 0xba1c, 0xbc40, 0xbe8e, 0xc103, 0xc3a0,
0xc662, 0xc948, 0xcc4f, 0xcf76, 0xd2bb, 0xd61c, 0xd997, 0xdd29,
0xe0d1, 0xe48d, 0xe859, 0xec34, 0xf01b, 0xf40b, 0xf803, 0xfc00,
// total count 27520
